[2025-01-15 22:43:37] Illuminate\Http\Client\PendingRequest::withBasicAuth(): Argument #1 ($username) must be of type string, null given, called in C:\Apache24\htdocs\backendSendra\vendor\laravel\framework\src\Illuminate\Http\Client\Factory.php on line 461 in C:\Apache24\htdocs\backendSendra\vendor\laravel\framework\src\Illuminate\Http\Client\PendingRequest.php on line 447
#0 C:\Apache24\htdocs\backendSendra\vendor\laravel\framework\src\Illuminate\Http\Client\Factory.php(461): Illuminate\Http\Client\PendingRequest->withBasicAuth(NULL, NULL)
#1 C:\Apache24\htdocs\backendSendra\vendor\laravel\framework\src\Illuminate\Support\Facades\Facade.php(355): Illuminate\Http\Client\Factory->__call('withBasicAuth', Array)
#2 C:\Apache24\htdocs\backendSendra\app\Services\TwilioGateway.php(24): Illuminate\Support\Facades\Facade::__callStatic('withBasicAuth', Array)
#3 C:\Apache24\htdocs\backendSendra\app\Http\Controllers\SMSController.php(28): App\Services\TwilioGateway->send('+221774208140', 'Bonjour, ceci e...')
#4 C:\Apache24\htdocs\backendSendra\vendor\laravel\framework\src\Illuminate\Routing\Controller.php(54): App\Http\Controllers\SMSController->sendSms(Object(Illuminate\Http\Request))
#5 C:\Apache24\htdocs\backendSendra\vendor\laravel\framework\src\Illuminate\Routing\ControllerDispatcher.php(43): Illuminate\Routing\Controller->callAction('sendSms', Array)
#6 C:\Apache24\htdocs\backendSendra\vendor\laravel\framework\src\Illuminate\Routing\Route.php(259): Illuminate\Routing\ControllerDispatcher->dispatch(Object(Illuminate\Routing\Route), Object(App\Http\Controllers\SMSController), 'sendSms')
#7 C:\Apache24\htdocs\backendSendra\vendor\laravel\framework\src\Illuminate\Routing\Route.php(205): Illuminate\Routing\Route->runController()
#8 C:\Apache24\htdocs\backendSendra\vendor\laravel\framework\src\Illuminate\Routing\Router.php(806): Illuminate\Routing\Route->run()
#9 C:\Apache24\htdocs\backendSendra\vendor\laravel\framework\src\Illuminate\Pipeline\Pipeline.php(144): Illuminate\Routing\Router->{closure:Illuminate\Routing\Router::runRouteWithinStack():805}(Object(Illuminate\Http\Request))
#10 C:\Apache24\htdocs\backendSendra\vendor\laravel\framework\src\Illuminate\Routing\Middleware\SubstituteBindings.php(50): Illuminate\Pipeline\Pipeline->{closure:Illuminate\Pipeline\Pipeline::prepareDestination():142}(Object(Illuminate\Http\Request))
#11 C:\Apache24\htdocs\backendSendra\vendor\laravel\framework\src\Illuminate\Pipeline\Pipeline.php(183): Illuminate\Routing\Middleware\SubstituteBindings->handle(Object(Illuminate\Http\Request), Object(Closure))
#12 C:\Apache24\htdocs\backendSendra\vendor\laravel\framework\src\Illuminate\Routing\Middleware\ThrottleRequests.php(159): Illuminate\Pipeline\Pipeline->{closure:{closure:Illuminate\Pipeline\Pipeline::carry():158}:159}(Object(Illuminate\Http\Request))
#13 C:\Apache24\htdocs\backendSendra\vendor\laravel\framework\src\Illuminate\Routing\Middleware\ThrottleRequests.php(125): Illuminate\Routing\Middleware\ThrottleRequests->handleRequest(Object(Illuminate\Http\Request), Object(Closure), Array)
#14 C:\Apache24\htdocs\backendSendra\vendor\laravel\framework\src\Illuminate\Routing\Middleware\ThrottleRequests.php(87): Illuminate\Routing\Middleware\ThrottleRequests->handleRequestUsingNamedLimiter(Object(Illuminate\Http\Request), Object(Closure), 'api', Object(Closure))
#15 C:\Apache24\htdocs\backendSendra\vendor\laravel\framework\src\Illuminate\Pipeline\Pipeline.php(183): Illuminate\Routing\Middleware\ThrottleRequests->handle(Object(Illuminate\Http\Request), Object(Closure), 'api')
#16 C:\Apache24\htdocs\backendSendra\vendor\laravel\framework\src\Illuminate\Auth\Middleware\Authenticate.php(57): Illuminate\Pipeline\Pipeline->{closure:{closure:Illuminate\Pipeline\Pipeline::carry():158}:159}(Object(Illuminate\Http\Request))
#17 C:\Apache24\htdocs\backendSendra\vendor\laravel\framework\src\Illuminate\Pipeline\Pipeline.php(183): Illuminate\Auth\Middleware\Authenticate->handle(Object(Illuminate\Http\Request), Object(Closure), 'api')
#18 C:\Apache24\htdocs\backendSendra\vendor\laravel\framework\src\Illuminate\Pipeline\Pipeline.php(119): Illuminate\Pipeline\Pipeline->{closure:{closure:Illuminate\Pipeline\Pipeline::carry():158}:159}(Object(Illuminate\Http\Request))
#19 C:\Apache24\htdocs\backendSendra\vendor\laravel\framework\src\Illuminate\Routing\Router.php(805): Illuminate\Pipeline\Pipeline->then(Object(Closure))
#20 C:\Apache24\htdocs\backendSendra\vendor\laravel\framework\src\Illuminate\Routing\Router.php(784): Illuminate\Routing\Router->runRouteWithinStack(Object(Illuminate\Routing\Route), Object(Illuminate\Http\Request))
#21 C:\Apache24\htdocs\backendSendra\vendor\laravel\framework\src\Illuminate\Routing\Router.php(748): Illuminate\Routing\Router->runRoute(Object(Illuminate\Http\Request), Object(Illuminate\Routing\Route))
#22 C:\Apache24\htdocs\backendSendra\vendor\laravel\framework\src\Illuminate\Routing\Router.php(737): Illuminate\Routing\Router->dispatchToRoute(Object(Illuminate\Http\Request))
#23 C:\Apache24\htdocs\backendSendra\vendor\laravel\framework\src\Illuminate\Foundation\Http\Kernel.php(200): Illuminate\Routing\Router->dispatch(Object(Illuminate\Http\Request))
#24 C:\Apache24\htdocs\backendSendra\vendor\laravel\framework\src\Illuminate\Pipeline\Pipeline.php(144): Illuminate\Foundation\Http\Kernel->{closure:Illuminate\Foundation\Http\Kernel::dispatchToRouter():197}(Object(Illuminate\Http\Request))
#25 C:\Apache24\htdocs\backendSendra\vendor\laravel\framework\src\Illuminate\Foundation\Http\Middleware\TransformsRequest.php(21): Illuminate\Pipeline\Pipeline->{closure:Illuminate\Pipeline\Pipeline::prepareDestination():142}(Object(Illuminate\Http\Request))
#26 C:\Apache24\htdocs\backendSendra\vendor\laravel\framework\src\Illuminate\Foundation\Http\Middleware\ConvertEmptyStringsToNull.php(31): Illuminate\Foundation\Http\Middleware\TransformsRequest->handle(Object(Illuminate\Http\Request), Object(Closure))
#27 C:\Apache24\htdocs\backendSendra\vendor\laravel\framework\src\Illuminate\Pipeline\Pipeline.php(183): Illuminate\Foundation\Http\Middleware\ConvertEmptyStringsToNull->handle(Object(Illuminate\Http\Request), Object(Closure))
#28 C:\Apache24\htdocs\backendSendra\vendor\laravel\framework\src\Illuminate\Foundation\Http\Middleware\TransformsRequest.php(21): Illuminate\Pipeline\Pipeline->{closure:{closure:Illuminate\Pipeline\Pipeline::carry():158}:159}(Object(Illuminate\Http\Request))
#29 C:\Apache24\htdocs\backendSendra\vendor\laravel\framework\src\Illuminate\Foundation\Http\Middleware\TrimStrings.php(40): Illuminate\Foundation\Http\Middleware\TransformsRequest->handle(Object(Illuminate\Http\Request), Object(Closure))
#30 C:\Apache24\htdocs\backendSendra\vendor\laravel\framework\src\Illuminate\Pipeline\Pipeline.php(183): Illuminate\Foundation\Http\Middleware\TrimStrings->handle(Object(Illuminate\Http\Request), Object(Closure))
#31 C:\Apache24\htdocs\backendSendra\vendor\laravel\framework\src\Illuminate\Foundation\Http\Middleware\ValidatePostSize.php(27): Illuminate\Pipeline\Pipeline->{closure:{closure:Illuminate\Pipeline\Pipeline::carry():158}:159}(Object(Illuminate\Http\Request))
#32 C:\Apache24\htdocs\backendSendra\vendor\laravel\framework\src\Illuminate\Pipeline\Pipeline.php(183): Illuminate\Foundation\Http\Middleware\ValidatePostSize->handle(Object(Illuminate\Http\Request), Object(Closure))
#33 C:\Apache24\htdocs\backendSendra\vendor\laravel\framework\src\Illuminate\Foundation\Http\Middleware\PreventRequestsDuringMaintenance.php(99): Illuminate\Pipeline\Pipeline->{closure:{closure:Illuminate\Pipeline\Pipeline::carry():158}:159}(Object(Illuminate\Http\Request))
#34 C:\Apache24\htdocs\backendSendra\vendor\laravel\framework\src\Illuminate\Pipeline\Pipeline.php(183): Illuminate\Foundation\Http\Middleware\PreventRequestsDuringMaintenance->handle(Object(Illuminate\Http\Request), Object(Closure))
#35 C:\Apache24\htdocs\backendSendra\vendor\laravel\framework\src\Illuminate\Http\Middleware\HandleCors.php(62): Illuminate\Pipeline\Pipeline->{closure:{closure:Illuminate\Pipeline\Pipeline::carry():158}:159}(Object(Illuminate\Http\Request))
#36 C:\Apache24\htdocs\backendSendra\vendor\laravel\framework\src\Illuminate\Pipeline\Pipeline.php(183): Illuminate\Http\Middleware\HandleCors->handle(Object(Illuminate\Http\Request), Object(Closure))
#37 C:\Apache24\htdocs\backendSendra\vendor\laravel\framework\src\Illuminate\Http\Middleware\TrustProxies.php(39): Illuminate\Pipeline\Pipeline->{closure:{closure:Illuminate\Pipeline\Pipeline::carry():158}:159}(Object(Illuminate\Http\Request))
#38 C:\Apache24\htdocs\backendSendra\vendor\laravel\framework\src\Illuminate\Pipeline\Pipeline.php(183): Illuminate\Http\Middleware\TrustProxies->handle(Object(Illuminate\Http\Request), Object(Closure))
#39 C:\Apache24\htdocs\backendSendra\vendor\laravel\framework\src\Illuminate\Pipeline\Pipeline.php(119): Illuminate\Pipeline\Pipeline->{closure:{closure:Illuminate\Pipeline\Pipeline::carry():158}:159}(Object(Illuminate\Http\Request))
#40 C:\Apache24\htdocs\backendSendra\vendor\laravel\framework\src\Illuminate\Foundation\Http\Kernel.php(175): Illuminate\Pipeline\Pipeline->then(Object(Closure))
#41 C:\Apache24\htdocs\backendSendra\vendor\laravel\framework\src\Illuminate\Foundation\Http\Kernel.php(144): Illuminate\Foundation\Http\Kernel->sendRequestThroughRouter(Object(Illuminate\Http\Request))
#42 C:\Apache24\htdocs\backendSendra\public\index.php(51): Illuminate\Foundation\Http\Kernel->handle(Object(Illuminate\Http\Request))
#43 {main}

[2025-01-15 22:47:39] Illuminate\Http\Client\PendingRequest::withBasicAuth(): Argument #1 ($username) must be of type string, null given, called in C:\Apache24\htdocs\backendSendra\vendor\laravel\framework\src\Illuminate\Http\Client\Factory.php on line 461 in C:\Apache24\htdocs\backendSendra\vendor\laravel\framework\src\Illuminate\Http\Client\PendingRequest.php on line 447
#0 C:\Apache24\htdocs\backendSendra\vendor\laravel\framework\src\Illuminate\Http\Client\Factory.php(461): Illuminate\Http\Client\PendingRequest->withBasicAuth(NULL, NULL)
#1 C:\Apache24\htdocs\backendSendra\vendor\laravel\framework\src\Illuminate\Support\Facades\Facade.php(355): Illuminate\Http\Client\Factory->__call('withBasicAuth', Array)
#2 C:\Apache24\htdocs\backendSendra\app\Services\TwilioGateway.php(24): Illuminate\Support\Facades\Facade::__callStatic('withBasicAuth', Array)
#3 C:\Apache24\htdocs\backendSendra\app\Http\Controllers\SMSController.php(28): App\Services\TwilioGateway->send('+221774208140', 'Bonjour, ceci e...')
#4 C:\Apache24\htdocs\backendSendra\vendor\laravel\framework\src\Illuminate\Routing\Controller.php(54): App\Http\Controllers\SMSController->sendSms(Object(Illuminate\Http\Request))
#5 C:\Apache24\htdocs\backendSendra\vendor\laravel\framework\src\Illuminate\Routing\ControllerDispatcher.php(43): Illuminate\Routing\Controller->callAction('sendSms', Array)
#6 C:\Apache24\htdocs\backendSendra\vendor\laravel\framework\src\Illuminate\Routing\Route.php(259): Illuminate\Routing\ControllerDispatcher->dispatch(Object(Illuminate\Routing\Route), Object(App\Http\Controllers\SMSController), 'sendSms')
#7 C:\Apache24\htdocs\backendSendra\vendor\laravel\framework\src\Illuminate\Routing\Route.php(205): Illuminate\Routing\Route->runController()
#8 C:\Apache24\htdocs\backendSendra\vendor\laravel\framework\src\Illuminate\Routing\Router.php(806): Illuminate\Routing\Route->run()
#9 C:\Apache24\htdocs\backendSendra\vendor\laravel\framework\src\Illuminate\Pipeline\Pipeline.php(144): Illuminate\Routing\Router->{closure:Illuminate\Routing\Router::runRouteWithinStack():805}(Object(Illuminate\Http\Request))
#10 C:\Apache24\htdocs\backendSendra\vendor\laravel\framework\src\Illuminate\Routing\Middleware\SubstituteBindings.php(50): Illuminate\Pipeline\Pipeline->{closure:Illuminate\Pipeline\Pipeline::prepareDestination():142}(Object(Illuminate\Http\Request))
#11 C:\Apache24\htdocs\backendSendra\vendor\laravel\framework\src\Illuminate\Pipeline\Pipeline.php(183): Illuminate\Routing\Middleware\SubstituteBindings->handle(Object(Illuminate\Http\Request), Object(Closure))
#12 C:\Apache24\htdocs\backendSendra\vendor\laravel\framework\src\Illuminate\Routing\Middleware\ThrottleRequests.php(159): Illuminate\Pipeline\Pipeline->{closure:{closure:Illuminate\Pipeline\Pipeline::carry():158}:159}(Object(Illuminate\Http\Request))
#13 C:\Apache24\htdocs\backendSendra\vendor\laravel\framework\src\Illuminate\Routing\Middleware\ThrottleRequests.php(125): Illuminate\Routing\Middleware\ThrottleRequests->handleRequest(Object(Illuminate\Http\Request), Object(Closure), Array)
#14 C:\Apache24\htdocs\backendSendra\vendor\laravel\framework\src\Illuminate\Routing\Middleware\ThrottleRequests.php(87): Illuminate\Routing\Middleware\ThrottleRequests->handleRequestUsingNamedLimiter(Object(Illuminate\Http\Request), Object(Closure), 'api', Object(Closure))
#15 C:\Apache24\htdocs\backendSendra\vendor\laravel\framework\src\Illuminate\Pipeline\Pipeline.php(183): Illuminate\Routing\Middleware\ThrottleRequests->handle(Object(Illuminate\Http\Request), Object(Closure), 'api')
#16 C:\Apache24\htdocs\backendSendra\vendor\laravel\framework\src\Illuminate\Auth\Middleware\Authenticate.php(57): Illuminate\Pipeline\Pipeline->{closure:{closure:Illuminate\Pipeline\Pipeline::carry():158}:159}(Object(Illuminate\Http\Request))
#17 C:\Apache24\htdocs\backendSendra\vendor\laravel\framework\src\Illuminate\Pipeline\Pipeline.php(183): Illuminate\Auth\Middleware\Authenticate->handle(Object(Illuminate\Http\Request), Object(Closure), 'api')
#18 C:\Apache24\htdocs\backendSendra\vendor\laravel\framework\src\Illuminate\Pipeline\Pipeline.php(119): Illuminate\Pipeline\Pipeline->{closure:{closure:Illuminate\Pipeline\Pipeline::carry():158}:159}(Object(Illuminate\Http\Request))
#19 C:\Apache24\htdocs\backendSendra\vendor\laravel\framework\src\Illuminate\Routing\Router.php(805): Illuminate\Pipeline\Pipeline->then(Object(Closure))
#20 C:\Apache24\htdocs\backendSendra\vendor\laravel\framework\src\Illuminate\Routing\Router.php(784): Illuminate\Routing\Router->runRouteWithinStack(Object(Illuminate\Routing\Route), Object(Illuminate\Http\Request))
#21 C:\Apache24\htdocs\backendSendra\vendor\laravel\framework\src\Illuminate\Routing\Router.php(748): Illuminate\Routing\Router->runRoute(Object(Illuminate\Http\Request), Object(Illuminate\Routing\Route))
#22 C:\Apache24\htdocs\backendSendra\vendor\laravel\framework\src\Illuminate\Routing\Router.php(737): Illuminate\Routing\Router->dispatchToRoute(Object(Illuminate\Http\Request))
#23 C:\Apache24\htdocs\backendSendra\vendor\laravel\framework\src\Illuminate\Foundation\Http\Kernel.php(200): Illuminate\Routing\Router->dispatch(Object(Illuminate\Http\Request))
#24 C:\Apache24\htdocs\backendSendra\vendor\laravel\framework\src\Illuminate\Pipeline\Pipeline.php(144): Illuminate\Foundation\Http\Kernel->{closure:Illuminate\Foundation\Http\Kernel::dispatchToRouter():197}(Object(Illuminate\Http\Request))
#25 C:\Apache24\htdocs\backendSendra\vendor\laravel\framework\src\Illuminate\Foundation\Http\Middleware\TransformsRequest.php(21): Illuminate\Pipeline\Pipeline->{closure:Illuminate\Pipeline\Pipeline::prepareDestination():142}(Object(Illuminate\Http\Request))
#26 C:\Apache24\htdocs\backendSendra\vendor\laravel\framework\src\Illuminate\Foundation\Http\Middleware\ConvertEmptyStringsToNull.php(31): Illuminate\Foundation\Http\Middleware\TransformsRequest->handle(Object(Illuminate\Http\Request), Object(Closure))
#27 C:\Apache24\htdocs\backendSendra\vendor\laravel\framework\src\Illuminate\Pipeline\Pipeline.php(183): Illuminate\Foundation\Http\Middleware\ConvertEmptyStringsToNull->handle(Object(Illuminate\Http\Request), Object(Closure))
#28 C:\Apache24\htdocs\backendSendra\vendor\laravel\framework\src\Illuminate\Foundation\Http\Middleware\TransformsRequest.php(21): Illuminate\Pipeline\Pipeline->{closure:{closure:Illuminate\Pipeline\Pipeline::carry():158}:159}(Object(Illuminate\Http\Request))
#29 C:\Apache24\htdocs\backendSendra\vendor\laravel\framework\src\Illuminate\Foundation\Http\Middleware\TrimStrings.php(40): Illuminate\Foundation\Http\Middleware\TransformsRequest->handle(Object(Illuminate\Http\Request), Object(Closure))
#30 C:\Apache24\htdocs\backendSendra\vendor\laravel\framework\src\Illuminate\Pipeline\Pipeline.php(183): Illuminate\Foundation\Http\Middleware\TrimStrings->handle(Object(Illuminate\Http\Request), Object(Closure))
#31 C:\Apache24\htdocs\backendSendra\vendor\laravel\framework\src\Illuminate\Foundation\Http\Middleware\ValidatePostSize.php(27): Illuminate\Pipeline\Pipeline->{closure:{closure:Illuminate\Pipeline\Pipeline::carry():158}:159}(Object(Illuminate\Http\Request))
#32 C:\Apache24\htdocs\backendSendra\vendor\laravel\framework\src\Illuminate\Pipeline\Pipeline.php(183): Illuminate\Foundation\Http\Middleware\ValidatePostSize->handle(Object(Illuminate\Http\Request), Object(Closure))
#33 C:\Apache24\htdocs\backendSendra\vendor\laravel\framework\src\Illuminate\Foundation\Http\Middleware\PreventRequestsDuringMaintenance.php(99): Illuminate\Pipeline\Pipeline->{closure:{closure:Illuminate\Pipeline\Pipeline::carry():158}:159}(Object(Illuminate\Http\Request))
#34 C:\Apache24\htdocs\backendSendra\vendor\laravel\framework\src\Illuminate\Pipeline\Pipeline.php(183): Illuminate\Foundation\Http\Middleware\PreventRequestsDuringMaintenance->handle(Object(Illuminate\Http\Request), Object(Closure))
#35 C:\Apache24\htdocs\backendSendra\vendor\laravel\framework\src\Illuminate\Http\Middleware\HandleCors.php(62): Illuminate\Pipeline\Pipeline->{closure:{closure:Illuminate\Pipeline\Pipeline::carry():158}:159}(Object(Illuminate\Http\Request))
#36 C:\Apache24\htdocs\backendSendra\vendor\laravel\framework\src\Illuminate\Pipeline\Pipeline.php(183): Illuminate\Http\Middleware\HandleCors->handle(Object(Illuminate\Http\Request), Object(Closure))
#37 C:\Apache24\htdocs\backendSendra\vendor\laravel\framework\src\Illuminate\Http\Middleware\TrustProxies.php(39): Illuminate\Pipeline\Pipeline->{closure:{closure:Illuminate\Pipeline\Pipeline::carry():158}:159}(Object(Illuminate\Http\Request))
#38 C:\Apache24\htdocs\backendSendra\vendor\laravel\framework\src\Illuminate\Pipeline\Pipeline.php(183): Illuminate\Http\Middleware\TrustProxies->handle(Object(Illuminate\Http\Request), Object(Closure))
#39 C:\Apache24\htdocs\backendSendra\vendor\laravel\framework\src\Illuminate\Pipeline\Pipeline.php(119): Illuminate\Pipeline\Pipeline->{closure:{closure:Illuminate\Pipeline\Pipeline::carry():158}:159}(Object(Illuminate\Http\Request))
#40 C:\Apache24\htdocs\backendSendra\vendor\laravel\framework\src\Illuminate\Foundation\Http\Kernel.php(175): Illuminate\Pipeline\Pipeline->then(Object(Closure))
#41 C:\Apache24\htdocs\backendSendra\vendor\laravel\framework\src\Illuminate\Foundation\Http\Kernel.php(144): Illuminate\Foundation\Http\Kernel->sendRequestThroughRouter(Object(Illuminate\Http\Request))
#42 C:\Apache24\htdocs\backendSendra\public\index.php(51): Illuminate\Foundation\Http\Kernel->handle(Object(Illuminate\Http\Request))
#43 {main}

[2025-01-15 23:00:30] The GET method is not supported for route api/send-sms. Supported methods: POST. in C:\Apache24\htdocs\backendSendra\vendor\laravel\framework\src\Illuminate\Routing\AbstractRouteCollection.php on line 122
#0 C:\Apache24\htdocs\backendSendra\vendor\laravel\framework\src\Illuminate\Routing\AbstractRouteCollection.php(107): Illuminate\Routing\AbstractRouteCollection->requestMethodNotAllowed(Object(Illuminate\Http\Request), Array, 'GET')
#1 C:\Apache24\htdocs\backendSendra\vendor\laravel\framework\src\Illuminate\Routing\AbstractRouteCollection.php(41): Illuminate\Routing\AbstractRouteCollection->getRouteForMethods(Object(Illuminate\Http\Request), Array)
#2 C:\Apache24\htdocs\backendSendra\vendor\laravel\framework\src\Illuminate\Routing\RouteCollection.php(162): Illuminate\Routing\AbstractRouteCollection->handleMatchedRoute(Object(Illuminate\Http\Request), NULL)
#3 C:\Apache24\htdocs\backendSendra\vendor\laravel\framework\src\Illuminate\Routing\Router.php(761): Illuminate\Routing\RouteCollection->match(Object(Illuminate\Http\Request))
#4 C:\Apache24\htdocs\backendSendra\vendor\laravel\framework\src\Illuminate\Routing\Router.php(748): Illuminate\Routing\Router->findRoute(Object(Illuminate\Http\Request))
#5 C:\Apache24\htdocs\backendSendra\vendor\laravel\framework\src\Illuminate\Routing\Router.php(737): Illuminate\Routing\Router->dispatchToRoute(Object(Illuminate\Http\Request))
#6 C:\Apache24\htdocs\backendSendra\vendor\laravel\framework\src\Illuminate\Foundation\Http\Kernel.php(200): Illuminate\Routing\Router->dispatch(Object(Illuminate\Http\Request))
#7 C:\Apache24\htdocs\backendSendra\vendor\laravel\framework\src\Illuminate\Pipeline\Pipeline.php(144): Illuminate\Foundation\Http\Kernel->{closure:Illuminate\Foundation\Http\Kernel::dispatchToRouter():197}(Object(Illuminate\Http\Request))
#8 C:\Apache24\htdocs\backendSendra\vendor\laravel\framework\src\Illuminate\Foundation\Http\Middleware\TransformsRequest.php(21): Illuminate\Pipeline\Pipeline->{closure:Illuminate\Pipeline\Pipeline::prepareDestination():142}(Object(Illuminate\Http\Request))
#9 C:\Apache24\htdocs\backendSendra\vendor\laravel\framework\src\Illuminate\Foundation\Http\Middleware\ConvertEmptyStringsToNull.php(31): Illuminate\Foundation\Http\Middleware\TransformsRequest->handle(Object(Illuminate\Http\Request), Object(Closure))
#10 C:\Apache24\htdocs\backendSendra\vendor\laravel\framework\src\Illuminate\Pipeline\Pipeline.php(183): Illuminate\Foundation\Http\Middleware\ConvertEmptyStringsToNull->handle(Object(Illuminate\Http\Request), Object(Closure))
#11 C:\Apache24\htdocs\backendSendra\vendor\laravel\framework\src\Illuminate\Foundation\Http\Middleware\TransformsRequest.php(21): Illuminate\Pipeline\Pipeline->{closure:{closure:Illuminate\Pipeline\Pipeline::carry():158}:159}(Object(Illuminate\Http\Request))
#12 C:\Apache24\htdocs\backendSendra\vendor\laravel\framework\src\Illuminate\Foundation\Http\Middleware\TrimStrings.php(40): Illuminate\Foundation\Http\Middleware\TransformsRequest->handle(Object(Illuminate\Http\Request), Object(Closure))
#13 C:\Apache24\htdocs\backendSendra\vendor\laravel\framework\src\Illuminate\Pipeline\Pipeline.php(183): Illuminate\Foundation\Http\Middleware\TrimStrings->handle(Object(Illuminate\Http\Request), Object(Closure))
#14 C:\Apache24\htdocs\backendSendra\vendor\laravel\framework\src\Illuminate\Foundation\Http\Middleware\ValidatePostSize.php(27): Illuminate\Pipeline\Pipeline->{closure:{closure:Illuminate\Pipeline\Pipeline::carry():158}:159}(Object(Illuminate\Http\Request))
#15 C:\Apache24\htdocs\backendSendra\vendor\laravel\framework\src\Illuminate\Pipeline\Pipeline.php(183): Illuminate\Foundation\Http\Middleware\ValidatePostSize->handle(Object(Illuminate\Http\Request), Object(Closure))
#16 C:\Apache24\htdocs\backendSendra\vendor\laravel\framework\src\Illuminate\Foundation\Http\Middleware\PreventRequestsDuringMaintenance.php(99): Illuminate\Pipeline\Pipeline->{closure:{closure:Illuminate\Pipeline\Pipeline::carry():158}:159}(Object(Illuminate\Http\Request))
#17 C:\Apache24\htdocs\backendSendra\vendor\laravel\framework\src\Illuminate\Pipeline\Pipeline.php(183): Illuminate\Foundation\Http\Middleware\PreventRequestsDuringMaintenance->handle(Object(Illuminate\Http\Request), Object(Closure))
#18 C:\Apache24\htdocs\backendSendra\vendor\laravel\framework\src\Illuminate\Http\Middleware\HandleCors.php(62): Illuminate\Pipeline\Pipeline->{closure:{closure:Illuminate\Pipeline\Pipeline::carry():158}:159}(Object(Illuminate\Http\Request))
#19 C:\Apache24\htdocs\backendSendra\vendor\laravel\framework\src\Illuminate\Pipeline\Pipeline.php(183): Illuminate\Http\Middleware\HandleCors->handle(Object(Illuminate\Http\Request), Object(Closure))
#20 C:\Apache24\htdocs\backendSendra\vendor\laravel\framework\src\Illuminate\Http\Middleware\TrustProxies.php(39): Illuminate\Pipeline\Pipeline->{closure:{closure:Illuminate\Pipeline\Pipeline::carry():158}:159}(Object(Illuminate\Http\Request))
#21 C:\Apache24\htdocs\backendSendra\vendor\laravel\framework\src\Illuminate\Pipeline\Pipeline.php(183): Illuminate\Http\Middleware\TrustProxies->handle(Object(Illuminate\Http\Request), Object(Closure))
#22 C:\Apache24\htdocs\backendSendra\vendor\laravel\framework\src\Illuminate\Pipeline\Pipeline.php(119): Illuminate\Pipeline\Pipeline->{closure:{closure:Illuminate\Pipeline\Pipeline::carry():158}:159}(Object(Illuminate\Http\Request))
#23 C:\Apache24\htdocs\backendSendra\vendor\laravel\framework\src\Illuminate\Foundation\Http\Kernel.php(175): Illuminate\Pipeline\Pipeline->then(Object(Closure))
#24 C:\Apache24\htdocs\backendSendra\vendor\laravel\framework\src\Illuminate\Foundation\Http\Kernel.php(144): Illuminate\Foundation\Http\Kernel->sendRequestThroughRouter(Object(Illuminate\Http\Request))
#25 C:\Apache24\htdocs\backendSendra\public\index.php(51): Illuminate\Foundation\Http\Kernel->handle(Object(Illuminate\Http\Request))
#26 {main}

[2025-01-15 23:00:30] View [errors.500] not found. in C:\Apache24\htdocs\backendSendra\vendor\laravel\framework\src\Illuminate\View\FileViewFinder.php on line 137
#0 C:\Apache24\htdocs\backendSendra\vendor\laravel\framework\src\Illuminate\View\FileViewFinder.php(79): Illuminate\View\FileViewFinder->findInPaths('errors.500', Array)
#1 C:\Apache24\htdocs\backendSendra\vendor\laravel\framework\src\Illuminate\View\Factory.php(137): Illuminate\View\FileViewFinder->find('errors.500')
#2 C:\Apache24\htdocs\backendSendra\vendor\laravel\framework\src\Illuminate\Routing\ResponseFactory.php(88): Illuminate\View\Factory->make('errors.500', Array)
#3 C:\Apache24\htdocs\backendSendra\app\Exceptions\Handler.php(32): Illuminate\Routing\ResponseFactory->view('errors.500', Array, 500)
#4 C:\Apache24\htdocs\backendSendra\vendor\laravel\framework\src\Illuminate\Foundation\Exceptions\Handler.php(535): App\Exceptions\Handler->{closure:App\Exceptions\Handler::register():29}(Object(Symfony\Component\HttpKernel\Exception\MethodNotAllowedHttpException), Object(Illuminate\Http\Request))
#5 C:\Apache24\htdocs\backendSendra\vendor\laravel\framework\src\Illuminate\Foundation\Exceptions\Handler.php(465): Illuminate\Foundation\Exceptions\Handler->renderViaCallbacks(Object(Illuminate\Http\Request), Object(Symfony\Component\HttpKernel\Exception\MethodNotAllowedHttpException))
#6 C:\Apache24\htdocs\backendSendra\vendor\laravel\framework\src\Illuminate\Routing\Pipeline.php(51): Illuminate\Foundation\Exceptions\Handler->render(Object(Illuminate\Http\Request), Object(Symfony\Component\HttpKernel\Exception\MethodNotAllowedHttpException))
#7 C:\Apache24\htdocs\backendSendra\vendor\laravel\framework\src\Illuminate\Pipeline\Pipeline.php(146): Illuminate\Routing\Pipeline->handleException(Object(Illuminate\Http\Request), Object(Symfony\Component\HttpKernel\Exception\MethodNotAllowedHttpException))
#8 C:\Apache24\htdocs\backendSendra\vendor\laravel\framework\src\Illuminate\Foundation\Http\Middleware\TransformsRequest.php(21): Illuminate\Pipeline\Pipeline->{closure:Illuminate\Pipeline\Pipeline::prepareDestination():142}(Object(Illuminate\Http\Request))
#9 C:\Apache24\htdocs\backendSendra\vendor\laravel\framework\src\Illuminate\Foundation\Http\Middleware\ConvertEmptyStringsToNull.php(31): Illuminate\Foundation\Http\Middleware\TransformsRequest->handle(Object(Illuminate\Http\Request), Object(Closure))
#10 C:\Apache24\htdocs\backendSendra\vendor\laravel\framework\src\Illuminate\Pipeline\Pipeline.php(183): Illuminate\Foundation\Http\Middleware\ConvertEmptyStringsToNull->handle(Object(Illuminate\Http\Request), Object(Closure))
#11 C:\Apache24\htdocs\backendSendra\vendor\laravel\framework\src\Illuminate\Foundation\Http\Middleware\TransformsRequest.php(21): Illuminate\Pipeline\Pipeline->{closure:{closure:Illuminate\Pipeline\Pipeline::carry():158}:159}(Object(Illuminate\Http\Request))
#12 C:\Apache24\htdocs\backendSendra\vendor\laravel\framework\src\Illuminate\Foundation\Http\Middleware\TrimStrings.php(40): Illuminate\Foundation\Http\Middleware\TransformsRequest->handle(Object(Illuminate\Http\Request), Object(Closure))
#13 C:\Apache24\htdocs\backendSendra\vendor\laravel\framework\src\Illuminate\Pipeline\Pipeline.php(183): Illuminate\Foundation\Http\Middleware\TrimStrings->handle(Object(Illuminate\Http\Request), Object(Closure))
#14 C:\Apache24\htdocs\backendSendra\vendor\laravel\framework\src\Illuminate\Foundation\Http\Middleware\ValidatePostSize.php(27): Illuminate\Pipeline\Pipeline->{closure:{closure:Illuminate\Pipeline\Pipeline::carry():158}:159}(Object(Illuminate\Http\Request))
#15 C:\Apache24\htdocs\backendSendra\vendor\laravel\framework\src\Illuminate\Pipeline\Pipeline.php(183): Illuminate\Foundation\Http\Middleware\ValidatePostSize->handle(Object(Illuminate\Http\Request), Object(Closure))
#16 C:\Apache24\htdocs\backendSendra\vendor\laravel\framework\src\Illuminate\Foundation\Http\Middleware\PreventRequestsDuringMaintenance.php(99): Illuminate\Pipeline\Pipeline->{closure:{closure:Illuminate\Pipeline\Pipeline::carry():158}:159}(Object(Illuminate\Http\Request))
#17 C:\Apache24\htdocs\backendSendra\vendor\laravel\framework\src\Illuminate\Pipeline\Pipeline.php(183): Illuminate\Foundation\Http\Middleware\PreventRequestsDuringMaintenance->handle(Object(Illuminate\Http\Request), Object(Closure))
#18 C:\Apache24\htdocs\backendSendra\vendor\laravel\framework\src\Illuminate\Http\Middleware\HandleCors.php(62): Illuminate\Pipeline\Pipeline->{closure:{closure:Illuminate\Pipeline\Pipeline::carry():158}:159}(Object(Illuminate\Http\Request))
#19 C:\Apache24\htdocs\backendSendra\vendor\laravel\framework\src\Illuminate\Pipeline\Pipeline.php(183): Illuminate\Http\Middleware\HandleCors->handle(Object(Illuminate\Http\Request), Object(Closure))
#20 C:\Apache24\htdocs\backendSendra\vendor\laravel\framework\src\Illuminate\Http\Middleware\TrustProxies.php(39): Illuminate\Pipeline\Pipeline->{closure:{closure:Illuminate\Pipeline\Pipeline::carry():158}:159}(Object(Illuminate\Http\Request))
#21 C:\Apache24\htdocs\backendSendra\vendor\laravel\framework\src\Illuminate\Pipeline\Pipeline.php(183): Illuminate\Http\Middleware\TrustProxies->handle(Object(Illuminate\Http\Request), Object(Closure))
#22 C:\Apache24\htdocs\backendSendra\vendor\laravel\framework\src\Illuminate\Pipeline\Pipeline.php(119): Illuminate\Pipeline\Pipeline->{closure:{closure:Illuminate\Pipeline\Pipeline::carry():158}:159}(Object(Illuminate\Http\Request))
#23 C:\Apache24\htdocs\backendSendra\vendor\laravel\framework\src\Illuminate\Foundation\Http\Kernel.php(175): Illuminate\Pipeline\Pipeline->then(Object(Closure))
#24 C:\Apache24\htdocs\backendSendra\vendor\laravel\framework\src\Illuminate\Foundation\Http\Kernel.php(144): Illuminate\Foundation\Http\Kernel->sendRequestThroughRouter(Object(Illuminate\Http\Request))
#25 C:\Apache24\htdocs\backendSendra\public\index.php(51): Illuminate\Foundation\Http\Kernel->handle(Object(Illuminate\Http\Request))
#26 {main}

[2025-01-15 23:04:16] Forbidden in C:\Apache24\htdocs\backendSendra\vendor\laravel\framework\src\Illuminate\Foundation\Application.php on line 1248
#0 C:\Apache24\htdocs\backendSendra\vendor\laravel\framework\src\Illuminate\Foundation\helpers.php(45): Illuminate\Foundation\Application->abort(403, 'Forbidden', Array)
#1 C:\Apache24\htdocs\backendSendra\routes\web.php(18): abort(403, 'Forbidden')
#2 C:\Apache24\htdocs\backendSendra\vendor\laravel\framework\src\Illuminate\Routing\CallableDispatcher.php(40): Illuminate\Routing\RouteFileRegistrar->{closure:C:\Apache24\htdocs\backendSendra\routes\web.php:16}()
#3 C:\Apache24\htdocs\backendSendra\vendor\laravel\framework\src\Illuminate\Routing\Route.php(237): Illuminate\Routing\CallableDispatcher->dispatch(Object(Illuminate\Routing\Route), Object(Closure))
#4 C:\Apache24\htdocs\backendSendra\vendor\laravel\framework\src\Illuminate\Routing\Route.php(208): Illuminate\Routing\Route->runCallable()
#5 C:\Apache24\htdocs\backendSendra\vendor\laravel\framework\src\Illuminate\Routing\Router.php(806): Illuminate\Routing\Route->run()
#6 C:\Apache24\htdocs\backendSendra\vendor\laravel\framework\src\Illuminate\Pipeline\Pipeline.php(144): Illuminate\Routing\Router->{closure:Illuminate\Routing\Router::runRouteWithinStack():805}(Object(Illuminate\Http\Request))
#7 C:\Apache24\htdocs\backendSendra\vendor\laravel\framework\src\Illuminate\Routing\Middleware\SubstituteBindings.php(50): Illuminate\Pipeline\Pipeline->{closure:Illuminate\Pipeline\Pipeline::prepareDestination():142}(Object(Illuminate\Http\Request))
#8 C:\Apache24\htdocs\backendSendra\vendor\laravel\framework\src\Illuminate\Pipeline\Pipeline.php(183): Illuminate\Routing\Middleware\SubstituteBindings->handle(Object(Illuminate\Http\Request), Object(Closure))
#9 C:\Apache24\htdocs\backendSendra\vendor\laravel\framework\src\Illuminate\Foundation\Http\Middleware\VerifyCsrfToken.php(78): Illuminate\Pipeline\Pipeline->{closure:{closure:Illuminate\Pipeline\Pipeline::carry():158}:159}(Object(Illuminate\Http\Request))
#10 C:\Apache24\htdocs\backendSendra\vendor\laravel\framework\src\Illuminate\Pipeline\Pipeline.php(183): Illuminate\Foundation\Http\Middleware\VerifyCsrfToken->handle(Object(Illuminate\Http\Request), Object(Closure))
#11 C:\Apache24\htdocs\backendSendra\vendor\laravel\framework\src\Illuminate\View\Middleware\ShareErrorsFromSession.php(49): Illuminate\Pipeline\Pipeline->{closure:{closure:Illuminate\Pipeline\Pipeline::carry():158}:159}(Object(Illuminate\Http\Request))
#12 C:\Apache24\htdocs\backendSendra\vendor\laravel\framework\src\Illuminate\Pipeline\Pipeline.php(183): Illuminate\View\Middleware\ShareErrorsFromSession->handle(Object(Illuminate\Http\Request), Object(Closure))
#13 C:\Apache24\htdocs\backendSendra\vendor\laravel\framework\src\Illuminate\Session\Middleware\StartSession.php(121): Illuminate\Pipeline\Pipeline->{closure:{closure:Illuminate\Pipeline\Pipeline::carry():158}:159}(Object(Illuminate\Http\Request))
#14 C:\Apache24\htdocs\backendSendra\vendor\laravel\framework\src\Illuminate\Session\Middleware\StartSession.php(64): Illuminate\Session\Middleware\StartSession->handleStatefulRequest(Object(Illuminate\Http\Request), Object(Illuminate\Session\Store), Object(Closure))
#15 C:\Apache24\htdocs\backendSendra\vendor\laravel\framework\src\Illuminate\Pipeline\Pipeline.php(183): Illuminate\Session\Middleware\StartSession->handle(Object(Illuminate\Http\Request), Object(Closure))
#16 C:\Apache24\htdocs\backendSendra\vendor\laravel\framework\src\Illuminate\Cookie\Middleware\AddQueuedCookiesToResponse.php(37): Illuminate\Pipeline\Pipeline->{closure:{closure:Illuminate\Pipeline\Pipeline::carry():158}:159}(Object(Illuminate\Http\Request))
#17 C:\Apache24\htdocs\backendSendra\vendor\laravel\framework\src\Illuminate\Pipeline\Pipeline.php(183): Illuminate\Cookie\Middleware\AddQueuedCookiesToResponse->handle(Object(Illuminate\Http\Request), Object(Closure))
#18 C:\Apache24\htdocs\backendSendra\vendor\laravel\framework\src\Illuminate\Cookie\Middleware\EncryptCookies.php(67): Illuminate\Pipeline\Pipeline->{closure:{closure:Illuminate\Pipeline\Pipeline::carry():158}:159}(Object(Illuminate\Http\Request))
#19 C:\Apache24\htdocs\backendSendra\vendor\laravel\framework\src\Illuminate\Pipeline\Pipeline.php(183): Illuminate\Cookie\Middleware\EncryptCookies->handle(Object(Illuminate\Http\Request), Object(Closure))
#20 C:\Apache24\htdocs\backendSendra\vendor\laravel\framework\src\Illuminate\Pipeline\Pipeline.php(119): Illuminate\Pipeline\Pipeline->{closure:{closure:Illuminate\Pipeline\Pipeline::carry():158}:159}(Object(Illuminate\Http\Request))
#21 C:\Apache24\htdocs\backendSendra\vendor\laravel\framework\src\Illuminate\Routing\Router.php(805): Illuminate\Pipeline\Pipeline->then(Object(Closure))
#22 C:\Apache24\htdocs\backendSendra\vendor\laravel\framework\src\Illuminate\Routing\Router.php(784): Illuminate\Routing\Router->runRouteWithinStack(Object(Illuminate\Routing\Route), Object(Illuminate\Http\Request))
#23 C:\Apache24\htdocs\backendSendra\vendor\laravel\framework\src\Illuminate\Routing\Router.php(748): Illuminate\Routing\Router->runRoute(Object(Illuminate\Http\Request), Object(Illuminate\Routing\Route))
#24 C:\Apache24\htdocs\backendSendra\vendor\laravel\framework\src\Illuminate\Routing\Router.php(737): Illuminate\Routing\Router->dispatchToRoute(Object(Illuminate\Http\Request))
#25 C:\Apache24\htdocs\backendSendra\vendor\laravel\framework\src\Illuminate\Foundation\Http\Kernel.php(200): Illuminate\Routing\Router->dispatch(Object(Illuminate\Http\Request))
#26 C:\Apache24\htdocs\backendSendra\vendor\laravel\framework\src\Illuminate\Pipeline\Pipeline.php(144): Illuminate\Foundation\Http\Kernel->{closure:Illuminate\Foundation\Http\Kernel::dispatchToRouter():197}(Object(Illuminate\Http\Request))
#27 C:\Apache24\htdocs\backendSendra\vendor\laravel\framework\src\Illuminate\Foundation\Http\Middleware\TransformsRequest.php(21): Illuminate\Pipeline\Pipeline->{closure:Illuminate\Pipeline\Pipeline::prepareDestination():142}(Object(Illuminate\Http\Request))
#28 C:\Apache24\htdocs\backendSendra\vendor\laravel\framework\src\Illuminate\Foundation\Http\Middleware\ConvertEmptyStringsToNull.php(31): Illuminate\Foundation\Http\Middleware\TransformsRequest->handle(Object(Illuminate\Http\Request), Object(Closure))
#29 C:\Apache24\htdocs\backendSendra\vendor\laravel\framework\src\Illuminate\Pipeline\Pipeline.php(183): Illuminate\Foundation\Http\Middleware\ConvertEmptyStringsToNull->handle(Object(Illuminate\Http\Request), Object(Closure))
#30 C:\Apache24\htdocs\backendSendra\vendor\laravel\framework\src\Illuminate\Foundation\Http\Middleware\TransformsRequest.php(21): Illuminate\Pipeline\Pipeline->{closure:{closure:Illuminate\Pipeline\Pipeline::carry():158}:159}(Object(Illuminate\Http\Request))
#31 C:\Apache24\htdocs\backendSendra\vendor\laravel\framework\src\Illuminate\Foundation\Http\Middleware\TrimStrings.php(40): Illuminate\Foundation\Http\Middleware\TransformsRequest->handle(Object(Illuminate\Http\Request), Object(Closure))
#32 C:\Apache24\htdocs\backendSendra\vendor\laravel\framework\src\Illuminate\Pipeline\Pipeline.php(183): Illuminate\Foundation\Http\Middleware\TrimStrings->handle(Object(Illuminate\Http\Request), Object(Closure))
#33 C:\Apache24\htdocs\backendSendra\vendor\laravel\framework\src\Illuminate\Foundation\Http\Middleware\ValidatePostSize.php(27): Illuminate\Pipeline\Pipeline->{closure:{closure:Illuminate\Pipeline\Pipeline::carry():158}:159}(Object(Illuminate\Http\Request))
#34 C:\Apache24\htdocs\backendSendra\vendor\laravel\framework\src\Illuminate\Pipeline\Pipeline.php(183): Illuminate\Foundation\Http\Middleware\ValidatePostSize->handle(Object(Illuminate\Http\Request), Object(Closure))
#35 C:\Apache24\htdocs\backendSendra\vendor\laravel\framework\src\Illuminate\Foundation\Http\Middleware\PreventRequestsDuringMaintenance.php(99): Illuminate\Pipeline\Pipeline->{closure:{closure:Illuminate\Pipeline\Pipeline::carry():158}:159}(Object(Illuminate\Http\Request))
#36 C:\Apache24\htdocs\backendSendra\vendor\laravel\framework\src\Illuminate\Pipeline\Pipeline.php(183): Illuminate\Foundation\Http\Middleware\PreventRequestsDuringMaintenance->handle(Object(Illuminate\Http\Request), Object(Closure))
#37 C:\Apache24\htdocs\backendSendra\vendor\laravel\framework\src\Illuminate\Http\Middleware\HandleCors.php(49): Illuminate\Pipeline\Pipeline->{closure:{closure:Illuminate\Pipeline\Pipeline::carry():158}:159}(Object(Illuminate\Http\Request))
#38 C:\Apache24\htdocs\backendSendra\vendor\laravel\framework\src\Illuminate\Pipeline\Pipeline.php(183): Illuminate\Http\Middleware\HandleCors->handle(Object(Illuminate\Http\Request), Object(Closure))
#39 C:\Apache24\htdocs\backendSendra\vendor\laravel\framework\src\Illuminate\Http\Middleware\TrustProxies.php(39): Illuminate\Pipeline\Pipeline->{closure:{closure:Illuminate\Pipeline\Pipeline::carry():158}:159}(Object(Illuminate\Http\Request))
#40 C:\Apache24\htdocs\backendSendra\vendor\laravel\framework\src\Illuminate\Pipeline\Pipeline.php(183): Illuminate\Http\Middleware\TrustProxies->handle(Object(Illuminate\Http\Request), Object(Closure))
#41 C:\Apache24\htdocs\backendSendra\vendor\laravel\framework\src\Illuminate\Pipeline\Pipeline.php(119): Illuminate\Pipeline\Pipeline->{closure:{closure:Illuminate\Pipeline\Pipeline::carry():158}:159}(Object(Illuminate\Http\Request))
#42 C:\Apache24\htdocs\backendSendra\vendor\laravel\framework\src\Illuminate\Foundation\Http\Kernel.php(175): Illuminate\Pipeline\Pipeline->then(Object(Closure))
#43 C:\Apache24\htdocs\backendSendra\vendor\laravel\framework\src\Illuminate\Foundation\Http\Kernel.php(144): Illuminate\Foundation\Http\Kernel->sendRequestThroughRouter(Object(Illuminate\Http\Request))
#44 C:\Apache24\htdocs\backendSendra\public\index.php(51): Illuminate\Foundation\Http\Kernel->handle(Object(Illuminate\Http\Request))
#45 {main}

[2025-01-15 23:16:16] Array to string conversion in C:\Apache24\htdocs\backendSendra\app\Services\TwilioGateway.php on line 25
#0 C:\Apache24\htdocs\backendSendra\vendor\laravel\framework\src\Illuminate\Foundation\Bootstrap\HandleExceptions.php(255): Illuminate\Foundation\Bootstrap\HandleExceptions->handleError(2, 'Array to string...', 'C:\\Apache24\\htd...', 25)
#1 C:\Apache24\htdocs\backendSendra\app\Services\TwilioGateway.php(25): Illuminate\Foundation\Bootstrap\HandleExceptions->{closure:Illuminate\Foundation\Bootstrap\HandleExceptions::forwardsTo():254}(2, 'Array to string...', 'C:\\Apache24\\htd...', 25)
#2 C:\Apache24\htdocs\backendSendra\app\Http\Controllers\SMSController.php(28): App\Services\TwilioGateway->send('+221774208140', 'Bonjour, ceci e...')
#3 C:\Apache24\htdocs\backendSendra\vendor\laravel\framework\src\Illuminate\Routing\Controller.php(54): App\Http\Controllers\SMSController->sendSms(Object(Illuminate\Http\Request))
#4 C:\Apache24\htdocs\backendSendra\vendor\laravel\framework\src\Illuminate\Routing\ControllerDispatcher.php(43): Illuminate\Routing\Controller->callAction('sendSms', Array)
#5 C:\Apache24\htdocs\backendSendra\vendor\laravel\framework\src\Illuminate\Routing\Route.php(259): Illuminate\Routing\ControllerDispatcher->dispatch(Object(Illuminate\Routing\Route), Object(App\Http\Controllers\SMSController), 'sendSms')
#6 C:\Apache24\htdocs\backendSendra\vendor\laravel\framework\src\Illuminate\Routing\Route.php(205): Illuminate\Routing\Route->runController()
#7 C:\Apache24\htdocs\backendSendra\vendor\laravel\framework\src\Illuminate\Routing\Router.php(806): Illuminate\Routing\Route->run()
#8 C:\Apache24\htdocs\backendSendra\vendor\laravel\framework\src\Illuminate\Pipeline\Pipeline.php(144): Illuminate\Routing\Router->{closure:Illuminate\Routing\Router::runRouteWithinStack():805}(Object(Illuminate\Http\Request))
#9 C:\Apache24\htdocs\backendSendra\vendor\laravel\framework\src\Illuminate\Routing\Middleware\SubstituteBindings.php(50): Illuminate\Pipeline\Pipeline->{closure:Illuminate\Pipeline\Pipeline::prepareDestination():142}(Object(Illuminate\Http\Request))
#10 C:\Apache24\htdocs\backendSendra\vendor\laravel\framework\src\Illuminate\Pipeline\Pipeline.php(183): Illuminate\Routing\Middleware\SubstituteBindings->handle(Object(Illuminate\Http\Request), Object(Closure))
#11 C:\Apache24\htdocs\backendSendra\vendor\laravel\framework\src\Illuminate\Routing\Middleware\ThrottleRequests.php(159): Illuminate\Pipeline\Pipeline->{closure:{closure:Illuminate\Pipeline\Pipeline::carry():158}:159}(Object(Illuminate\Http\Request))
#12 C:\Apache24\htdocs\backendSendra\vendor\laravel\framework\src\Illuminate\Routing\Middleware\ThrottleRequests.php(125): Illuminate\Routing\Middleware\ThrottleRequests->handleRequest(Object(Illuminate\Http\Request), Object(Closure), Array)
#13 C:\Apache24\htdocs\backendSendra\vendor\laravel\framework\src\Illuminate\Routing\Middleware\ThrottleRequests.php(87): Illuminate\Routing\Middleware\ThrottleRequests->handleRequestUsingNamedLimiter(Object(Illuminate\Http\Request), Object(Closure), 'api', Object(Closure))
#14 C:\Apache24\htdocs\backendSendra\vendor\laravel\framework\src\Illuminate\Pipeline\Pipeline.php(183): Illuminate\Routing\Middleware\ThrottleRequests->handle(Object(Illuminate\Http\Request), Object(Closure), 'api')
#15 C:\Apache24\htdocs\backendSendra\vendor\laravel\framework\src\Illuminate\Auth\Middleware\Authenticate.php(57): Illuminate\Pipeline\Pipeline->{closure:{closure:Illuminate\Pipeline\Pipeline::carry():158}:159}(Object(Illuminate\Http\Request))
#16 C:\Apache24\htdocs\backendSendra\vendor\laravel\framework\src\Illuminate\Pipeline\Pipeline.php(183): Illuminate\Auth\Middleware\Authenticate->handle(Object(Illuminate\Http\Request), Object(Closure), 'api')
#17 C:\Apache24\htdocs\backendSendra\vendor\laravel\framework\src\Illuminate\Pipeline\Pipeline.php(119): Illuminate\Pipeline\Pipeline->{closure:{closure:Illuminate\Pipeline\Pipeline::carry():158}:159}(Object(Illuminate\Http\Request))
#18 C:\Apache24\htdocs\backendSendra\vendor\laravel\framework\src\Illuminate\Routing\Router.php(805): Illuminate\Pipeline\Pipeline->then(Object(Closure))
#19 C:\Apache24\htdocs\backendSendra\vendor\laravel\framework\src\Illuminate\Routing\Router.php(784): Illuminate\Routing\Router->runRouteWithinStack(Object(Illuminate\Routing\Route), Object(Illuminate\Http\Request))
#20 C:\Apache24\htdocs\backendSendra\vendor\laravel\framework\src\Illuminate\Routing\Router.php(748): Illuminate\Routing\Router->runRoute(Object(Illuminate\Http\Request), Object(Illuminate\Routing\Route))
#21 C:\Apache24\htdocs\backendSendra\vendor\laravel\framework\src\Illuminate\Routing\Router.php(737): Illuminate\Routing\Router->dispatchToRoute(Object(Illuminate\Http\Request))
#22 C:\Apache24\htdocs\backendSendra\vendor\laravel\framework\src\Illuminate\Foundation\Http\Kernel.php(200): Illuminate\Routing\Router->dispatch(Object(Illuminate\Http\Request))
#23 C:\Apache24\htdocs\backendSendra\vendor\laravel\framework\src\Illuminate\Pipeline\Pipeline.php(144): Illuminate\Foundation\Http\Kernel->{closure:Illuminate\Foundation\Http\Kernel::dispatchToRouter():197}(Object(Illuminate\Http\Request))
#24 C:\Apache24\htdocs\backendSendra\vendor\laravel\framework\src\Illuminate\Foundation\Http\Middleware\TransformsRequest.php(21): Illuminate\Pipeline\Pipeline->{closure:Illuminate\Pipeline\Pipeline::prepareDestination():142}(Object(Illuminate\Http\Request))
#25 C:\Apache24\htdocs\backendSendra\vendor\laravel\framework\src\Illuminate\Foundation\Http\Middleware\ConvertEmptyStringsToNull.php(31): Illuminate\Foundation\Http\Middleware\TransformsRequest->handle(Object(Illuminate\Http\Request), Object(Closure))
#26 C:\Apache24\htdocs\backendSendra\vendor\laravel\framework\src\Illuminate\Pipeline\Pipeline.php(183): Illuminate\Foundation\Http\Middleware\ConvertEmptyStringsToNull->handle(Object(Illuminate\Http\Request), Object(Closure))
#27 C:\Apache24\htdocs\backendSendra\vendor\laravel\framework\src\Illuminate\Foundation\Http\Middleware\TransformsRequest.php(21): Illuminate\Pipeline\Pipeline->{closure:{closure:Illuminate\Pipeline\Pipeline::carry():158}:159}(Object(Illuminate\Http\Request))
#28 C:\Apache24\htdocs\backendSendra\vendor\laravel\framework\src\Illuminate\Foundation\Http\Middleware\TrimStrings.php(40): Illuminate\Foundation\Http\Middleware\TransformsRequest->handle(Object(Illuminate\Http\Request), Object(Closure))
#29 C:\Apache24\htdocs\backendSendra\vendor\laravel\framework\src\Illuminate\Pipeline\Pipeline.php(183): Illuminate\Foundation\Http\Middleware\TrimStrings->handle(Object(Illuminate\Http\Request), Object(Closure))
#30 C:\Apache24\htdocs\backendSendra\vendor\laravel\framework\src\Illuminate\Foundation\Http\Middleware\ValidatePostSize.php(27): Illuminate\Pipeline\Pipeline->{closure:{closure:Illuminate\Pipeline\Pipeline::carry():158}:159}(Object(Illuminate\Http\Request))
#31 C:\Apache24\htdocs\backendSendra\vendor\laravel\framework\src\Illuminate\Pipeline\Pipeline.php(183): Illuminate\Foundation\Http\Middleware\ValidatePostSize->handle(Object(Illuminate\Http\Request), Object(Closure))
#32 C:\Apache24\htdocs\backendSendra\vendor\laravel\framework\src\Illuminate\Foundation\Http\Middleware\PreventRequestsDuringMaintenance.php(99): Illuminate\Pipeline\Pipeline->{closure:{closure:Illuminate\Pipeline\Pipeline::carry():158}:159}(Object(Illuminate\Http\Request))
#33 C:\Apache24\htdocs\backendSendra\vendor\laravel\framework\src\Illuminate\Pipeline\Pipeline.php(183): Illuminate\Foundation\Http\Middleware\PreventRequestsDuringMaintenance->handle(Object(Illuminate\Http\Request), Object(Closure))
#34 C:\Apache24\htdocs\backendSendra\vendor\laravel\framework\src\Illuminate\Http\Middleware\HandleCors.php(62): Illuminate\Pipeline\Pipeline->{closure:{closure:Illuminate\Pipeline\Pipeline::carry():158}:159}(Object(Illuminate\Http\Request))
#35 C:\Apache24\htdocs\backendSendra\vendor\laravel\framework\src\Illuminate\Pipeline\Pipeline.php(183): Illuminate\Http\Middleware\HandleCors->handle(Object(Illuminate\Http\Request), Object(Closure))
#36 C:\Apache24\htdocs\backendSendra\vendor\laravel\framework\src\Illuminate\Http\Middleware\TrustProxies.php(39): Illuminate\Pipeline\Pipeline->{closure:{closure:Illuminate\Pipeline\Pipeline::carry():158}:159}(Object(Illuminate\Http\Request))
#37 C:\Apache24\htdocs\backendSendra\vendor\laravel\framework\src\Illuminate\Pipeline\Pipeline.php(183): Illuminate\Http\Middleware\TrustProxies->handle(Object(Illuminate\Http\Request), Object(Closure))
#38 C:\Apache24\htdocs\backendSendra\vendor\laravel\framework\src\Illuminate\Pipeline\Pipeline.php(119): Illuminate\Pipeline\Pipeline->{closure:{closure:Illuminate\Pipeline\Pipeline::carry():158}:159}(Object(Illuminate\Http\Request))
#39 C:\Apache24\htdocs\backendSendra\vendor\laravel\framework\src\Illuminate\Foundation\Http\Kernel.php(175): Illuminate\Pipeline\Pipeline->then(Object(Closure))
#40 C:\Apache24\htdocs\backendSendra\vendor\laravel\framework\src\Illuminate\Foundation\Http\Kernel.php(144): Illuminate\Foundation\Http\Kernel->sendRequestThroughRouter(Object(Illuminate\Http\Request))
#41 C:\Apache24\htdocs\backendSendra\public\index.php(51): Illuminate\Foundation\Http\Kernel->handle(Object(Illuminate\Http\Request))
#42 {main}

[2025-01-16 21:03:03] The GET method is not supported for route api/send-sms. Supported methods: POST. in C:\Apache24\htdocs\backendSendra\vendor\laravel\framework\src\Illuminate\Routing\AbstractRouteCollection.php on line 122
#0 C:\Apache24\htdocs\backendSendra\vendor\laravel\framework\src\Illuminate\Routing\AbstractRouteCollection.php(107): Illuminate\Routing\AbstractRouteCollection->requestMethodNotAllowed(Object(Illuminate\Http\Request), Array, 'GET')
#1 C:\Apache24\htdocs\backendSendra\vendor\laravel\framework\src\Illuminate\Routing\AbstractRouteCollection.php(41): Illuminate\Routing\AbstractRouteCollection->getRouteForMethods(Object(Illuminate\Http\Request), Array)
#2 C:\Apache24\htdocs\backendSendra\vendor\laravel\framework\src\Illuminate\Routing\RouteCollection.php(162): Illuminate\Routing\AbstractRouteCollection->handleMatchedRoute(Object(Illuminate\Http\Request), NULL)
#3 C:\Apache24\htdocs\backendSendra\vendor\laravel\framework\src\Illuminate\Routing\Router.php(761): Illuminate\Routing\RouteCollection->match(Object(Illuminate\Http\Request))
#4 C:\Apache24\htdocs\backendSendra\vendor\laravel\framework\src\Illuminate\Routing\Router.php(748): Illuminate\Routing\Router->findRoute(Object(Illuminate\Http\Request))
#5 C:\Apache24\htdocs\backendSendra\vendor\laravel\framework\src\Illuminate\Routing\Router.php(737): Illuminate\Routing\Router->dispatchToRoute(Object(Illuminate\Http\Request))
#6 C:\Apache24\htdocs\backendSendra\vendor\laravel\framework\src\Illuminate\Foundation\Http\Kernel.php(200): Illuminate\Routing\Router->dispatch(Object(Illuminate\Http\Request))
#7 C:\Apache24\htdocs\backendSendra\vendor\laravel\framework\src\Illuminate\Pipeline\Pipeline.php(144): Illuminate\Foundation\Http\Kernel->{closure:Illuminate\Foundation\Http\Kernel::dispatchToRouter():197}(Object(Illuminate\Http\Request))
#8 C:\Apache24\htdocs\backendSendra\vendor\laravel\framework\src\Illuminate\Foundation\Http\Middleware\TransformsRequest.php(21): Illuminate\Pipeline\Pipeline->{closure:Illuminate\Pipeline\Pipeline::prepareDestination():142}(Object(Illuminate\Http\Request))
#9 C:\Apache24\htdocs\backendSendra\vendor\laravel\framework\src\Illuminate\Foundation\Http\Middleware\ConvertEmptyStringsToNull.php(31): Illuminate\Foundation\Http\Middleware\TransformsRequest->handle(Object(Illuminate\Http\Request), Object(Closure))
#10 C:\Apache24\htdocs\backendSendra\vendor\laravel\framework\src\Illuminate\Pipeline\Pipeline.php(183): Illuminate\Foundation\Http\Middleware\ConvertEmptyStringsToNull->handle(Object(Illuminate\Http\Request), Object(Closure))
#11 C:\Apache24\htdocs\backendSendra\vendor\laravel\framework\src\Illuminate\Foundation\Http\Middleware\TransformsRequest.php(21): Illuminate\Pipeline\Pipeline->{closure:{closure:Illuminate\Pipeline\Pipeline::carry():158}:159}(Object(Illuminate\Http\Request))
#12 C:\Apache24\htdocs\backendSendra\vendor\laravel\framework\src\Illuminate\Foundation\Http\Middleware\TrimStrings.php(40): Illuminate\Foundation\Http\Middleware\TransformsRequest->handle(Object(Illuminate\Http\Request), Object(Closure))
#13 C:\Apache24\htdocs\backendSendra\vendor\laravel\framework\src\Illuminate\Pipeline\Pipeline.php(183): Illuminate\Foundation\Http\Middleware\TrimStrings->handle(Object(Illuminate\Http\Request), Object(Closure))
#14 C:\Apache24\htdocs\backendSendra\vendor\laravel\framework\src\Illuminate\Foundation\Http\Middleware\ValidatePostSize.php(27): Illuminate\Pipeline\Pipeline->{closure:{closure:Illuminate\Pipeline\Pipeline::carry():158}:159}(Object(Illuminate\Http\Request))
#15 C:\Apache24\htdocs\backendSendra\vendor\laravel\framework\src\Illuminate\Pipeline\Pipeline.php(183): Illuminate\Foundation\Http\Middleware\ValidatePostSize->handle(Object(Illuminate\Http\Request), Object(Closure))
#16 C:\Apache24\htdocs\backendSendra\vendor\laravel\framework\src\Illuminate\Foundation\Http\Middleware\PreventRequestsDuringMaintenance.php(99): Illuminate\Pipeline\Pipeline->{closure:{closure:Illuminate\Pipeline\Pipeline::carry():158}:159}(Object(Illuminate\Http\Request))
#17 C:\Apache24\htdocs\backendSendra\vendor\laravel\framework\src\Illuminate\Pipeline\Pipeline.php(183): Illuminate\Foundation\Http\Middleware\PreventRequestsDuringMaintenance->handle(Object(Illuminate\Http\Request), Object(Closure))
#18 C:\Apache24\htdocs\backendSendra\vendor\laravel\framework\src\Illuminate\Http\Middleware\HandleCors.php(62): Illuminate\Pipeline\Pipeline->{closure:{closure:Illuminate\Pipeline\Pipeline::carry():158}:159}(Object(Illuminate\Http\Request))
#19 C:\Apache24\htdocs\backendSendra\vendor\laravel\framework\src\Illuminate\Pipeline\Pipeline.php(183): Illuminate\Http\Middleware\HandleCors->handle(Object(Illuminate\Http\Request), Object(Closure))
#20 C:\Apache24\htdocs\backendSendra\vendor\laravel\framework\src\Illuminate\Http\Middleware\TrustProxies.php(39): Illuminate\Pipeline\Pipeline->{closure:{closure:Illuminate\Pipeline\Pipeline::carry():158}:159}(Object(Illuminate\Http\Request))
#21 C:\Apache24\htdocs\backendSendra\vendor\laravel\framework\src\Illuminate\Pipeline\Pipeline.php(183): Illuminate\Http\Middleware\TrustProxies->handle(Object(Illuminate\Http\Request), Object(Closure))
#22 C:\Apache24\htdocs\backendSendra\vendor\laravel\framework\src\Illuminate\Pipeline\Pipeline.php(119): Illuminate\Pipeline\Pipeline->{closure:{closure:Illuminate\Pipeline\Pipeline::carry():158}:159}(Object(Illuminate\Http\Request))
#23 C:\Apache24\htdocs\backendSendra\vendor\laravel\framework\src\Illuminate\Foundation\Http\Kernel.php(175): Illuminate\Pipeline\Pipeline->then(Object(Closure))
#24 C:\Apache24\htdocs\backendSendra\vendor\laravel\framework\src\Illuminate\Foundation\Http\Kernel.php(144): Illuminate\Foundation\Http\Kernel->sendRequestThroughRouter(Object(Illuminate\Http\Request))
#25 C:\Apache24\htdocs\backendSendra\public\index.php(51): Illuminate\Foundation\Http\Kernel->handle(Object(Illuminate\Http\Request))
#26 {main}

[2025-01-16 21:03:03] View [errors.500] not found. in C:\Apache24\htdocs\backendSendra\vendor\laravel\framework\src\Illuminate\View\FileViewFinder.php on line 137
#0 C:\Apache24\htdocs\backendSendra\vendor\laravel\framework\src\Illuminate\View\FileViewFinder.php(79): Illuminate\View\FileViewFinder->findInPaths('errors.500', Array)
#1 C:\Apache24\htdocs\backendSendra\vendor\laravel\framework\src\Illuminate\View\Factory.php(137): Illuminate\View\FileViewFinder->find('errors.500')
#2 C:\Apache24\htdocs\backendSendra\vendor\laravel\framework\src\Illuminate\Routing\ResponseFactory.php(88): Illuminate\View\Factory->make('errors.500', Array)
#3 C:\Apache24\htdocs\backendSendra\app\Exceptions\Handler.php(32): Illuminate\Routing\ResponseFactory->view('errors.500', Array, 500)
#4 C:\Apache24\htdocs\backendSendra\vendor\laravel\framework\src\Illuminate\Foundation\Exceptions\Handler.php(535): App\Exceptions\Handler->{closure:App\Exceptions\Handler::register():29}(Object(Symfony\Component\HttpKernel\Exception\MethodNotAllowedHttpException), Object(Illuminate\Http\Request))
#5 C:\Apache24\htdocs\backendSendra\vendor\laravel\framework\src\Illuminate\Foundation\Exceptions\Handler.php(465): Illuminate\Foundation\Exceptions\Handler->renderViaCallbacks(Object(Illuminate\Http\Request), Object(Symfony\Component\HttpKernel\Exception\MethodNotAllowedHttpException))
#6 C:\Apache24\htdocs\backendSendra\vendor\laravel\framework\src\Illuminate\Routing\Pipeline.php(51): Illuminate\Foundation\Exceptions\Handler->render(Object(Illuminate\Http\Request), Object(Symfony\Component\HttpKernel\Exception\MethodNotAllowedHttpException))
#7 C:\Apache24\htdocs\backendSendra\vendor\laravel\framework\src\Illuminate\Pipeline\Pipeline.php(146): Illuminate\Routing\Pipeline->handleException(Object(Illuminate\Http\Request), Object(Symfony\Component\HttpKernel\Exception\MethodNotAllowedHttpException))
#8 C:\Apache24\htdocs\backendSendra\vendor\laravel\framework\src\Illuminate\Foundation\Http\Middleware\TransformsRequest.php(21): Illuminate\Pipeline\Pipeline->{closure:Illuminate\Pipeline\Pipeline::prepareDestination():142}(Object(Illuminate\Http\Request))
#9 C:\Apache24\htdocs\backendSendra\vendor\laravel\framework\src\Illuminate\Foundation\Http\Middleware\ConvertEmptyStringsToNull.php(31): Illuminate\Foundation\Http\Middleware\TransformsRequest->handle(Object(Illuminate\Http\Request), Object(Closure))
#10 C:\Apache24\htdocs\backendSendra\vendor\laravel\framework\src\Illuminate\Pipeline\Pipeline.php(183): Illuminate\Foundation\Http\Middleware\ConvertEmptyStringsToNull->handle(Object(Illuminate\Http\Request), Object(Closure))
#11 C:\Apache24\htdocs\backendSendra\vendor\laravel\framework\src\Illuminate\Foundation\Http\Middleware\TransformsRequest.php(21): Illuminate\Pipeline\Pipeline->{closure:{closure:Illuminate\Pipeline\Pipeline::carry():158}:159}(Object(Illuminate\Http\Request))
#12 C:\Apache24\htdocs\backendSendra\vendor\laravel\framework\src\Illuminate\Foundation\Http\Middleware\TrimStrings.php(40): Illuminate\Foundation\Http\Middleware\TransformsRequest->handle(Object(Illuminate\Http\Request), Object(Closure))
#13 C:\Apache24\htdocs\backendSendra\vendor\laravel\framework\src\Illuminate\Pipeline\Pipeline.php(183): Illuminate\Foundation\Http\Middleware\TrimStrings->handle(Object(Illuminate\Http\Request), Object(Closure))
#14 C:\Apache24\htdocs\backendSendra\vendor\laravel\framework\src\Illuminate\Foundation\Http\Middleware\ValidatePostSize.php(27): Illuminate\Pipeline\Pipeline->{closure:{closure:Illuminate\Pipeline\Pipeline::carry():158}:159}(Object(Illuminate\Http\Request))
#15 C:\Apache24\htdocs\backendSendra\vendor\laravel\framework\src\Illuminate\Pipeline\Pipeline.php(183): Illuminate\Foundation\Http\Middleware\ValidatePostSize->handle(Object(Illuminate\Http\Request), Object(Closure))
#16 C:\Apache24\htdocs\backendSendra\vendor\laravel\framework\src\Illuminate\Foundation\Http\Middleware\PreventRequestsDuringMaintenance.php(99): Illuminate\Pipeline\Pipeline->{closure:{closure:Illuminate\Pipeline\Pipeline::carry():158}:159}(Object(Illuminate\Http\Request))
#17 C:\Apache24\htdocs\backendSendra\vendor\laravel\framework\src\Illuminate\Pipeline\Pipeline.php(183): Illuminate\Foundation\Http\Middleware\PreventRequestsDuringMaintenance->handle(Object(Illuminate\Http\Request), Object(Closure))
#18 C:\Apache24\htdocs\backendSendra\vendor\laravel\framework\src\Illuminate\Http\Middleware\HandleCors.php(62): Illuminate\Pipeline\Pipeline->{closure:{closure:Illuminate\Pipeline\Pipeline::carry():158}:159}(Object(Illuminate\Http\Request))
#19 C:\Apache24\htdocs\backendSendra\vendor\laravel\framework\src\Illuminate\Pipeline\Pipeline.php(183): Illuminate\Http\Middleware\HandleCors->handle(Object(Illuminate\Http\Request), Object(Closure))
#20 C:\Apache24\htdocs\backendSendra\vendor\laravel\framework\src\Illuminate\Http\Middleware\TrustProxies.php(39): Illuminate\Pipeline\Pipeline->{closure:{closure:Illuminate\Pipeline\Pipeline::carry():158}:159}(Object(Illuminate\Http\Request))
#21 C:\Apache24\htdocs\backendSendra\vendor\laravel\framework\src\Illuminate\Pipeline\Pipeline.php(183): Illuminate\Http\Middleware\TrustProxies->handle(Object(Illuminate\Http\Request), Object(Closure))
#22 C:\Apache24\htdocs\backendSendra\vendor\laravel\framework\src\Illuminate\Pipeline\Pipeline.php(119): Illuminate\Pipeline\Pipeline->{closure:{closure:Illuminate\Pipeline\Pipeline::carry():158}:159}(Object(Illuminate\Http\Request))
#23 C:\Apache24\htdocs\backendSendra\vendor\laravel\framework\src\Illuminate\Foundation\Http\Kernel.php(175): Illuminate\Pipeline\Pipeline->then(Object(Closure))
#24 C:\Apache24\htdocs\backendSendra\vendor\laravel\framework\src\Illuminate\Foundation\Http\Kernel.php(144): Illuminate\Foundation\Http\Kernel->sendRequestThroughRouter(Object(Illuminate\Http\Request))
#25 C:\Apache24\htdocs\backendSendra\public\index.php(51): Illuminate\Foundation\Http\Kernel->handle(Object(Illuminate\Http\Request))
#26 {main}

[2025-01-16 21:03:19] The PUT method is not supported for route api/send-sms. Supported methods: POST. in C:\Apache24\htdocs\backendSendra\vendor\laravel\framework\src\Illuminate\Routing\AbstractRouteCollection.php on line 122
#0 C:\Apache24\htdocs\backendSendra\vendor\laravel\framework\src\Illuminate\Routing\AbstractRouteCollection.php(107): Illuminate\Routing\AbstractRouteCollection->requestMethodNotAllowed(Object(Illuminate\Http\Request), Array, 'PUT')
#1 C:\Apache24\htdocs\backendSendra\vendor\laravel\framework\src\Illuminate\Routing\AbstractRouteCollection.php(41): Illuminate\Routing\AbstractRouteCollection->getRouteForMethods(Object(Illuminate\Http\Request), Array)
#2 C:\Apache24\htdocs\backendSendra\vendor\laravel\framework\src\Illuminate\Routing\RouteCollection.php(162): Illuminate\Routing\AbstractRouteCollection->handleMatchedRoute(Object(Illuminate\Http\Request), NULL)
#3 C:\Apache24\htdocs\backendSendra\vendor\laravel\framework\src\Illuminate\Routing\Router.php(761): Illuminate\Routing\RouteCollection->match(Object(Illuminate\Http\Request))
#4 C:\Apache24\htdocs\backendSendra\vendor\laravel\framework\src\Illuminate\Routing\Router.php(748): Illuminate\Routing\Router->findRoute(Object(Illuminate\Http\Request))
#5 C:\Apache24\htdocs\backendSendra\vendor\laravel\framework\src\Illuminate\Routing\Router.php(737): Illuminate\Routing\Router->dispatchToRoute(Object(Illuminate\Http\Request))
#6 C:\Apache24\htdocs\backendSendra\vendor\laravel\framework\src\Illuminate\Foundation\Http\Kernel.php(200): Illuminate\Routing\Router->dispatch(Object(Illuminate\Http\Request))
#7 C:\Apache24\htdocs\backendSendra\vendor\laravel\framework\src\Illuminate\Pipeline\Pipeline.php(144): Illuminate\Foundation\Http\Kernel->{closure:Illuminate\Foundation\Http\Kernel::dispatchToRouter():197}(Object(Illuminate\Http\Request))
#8 C:\Apache24\htdocs\backendSendra\vendor\laravel\framework\src\Illuminate\Foundation\Http\Middleware\TransformsRequest.php(21): Illuminate\Pipeline\Pipeline->{closure:Illuminate\Pipeline\Pipeline::prepareDestination():142}(Object(Illuminate\Http\Request))
#9 C:\Apache24\htdocs\backendSendra\vendor\laravel\framework\src\Illuminate\Foundation\Http\Middleware\ConvertEmptyStringsToNull.php(31): Illuminate\Foundation\Http\Middleware\TransformsRequest->handle(Object(Illuminate\Http\Request), Object(Closure))
#10 C:\Apache24\htdocs\backendSendra\vendor\laravel\framework\src\Illuminate\Pipeline\Pipeline.php(183): Illuminate\Foundation\Http\Middleware\ConvertEmptyStringsToNull->handle(Object(Illuminate\Http\Request), Object(Closure))
#11 C:\Apache24\htdocs\backendSendra\vendor\laravel\framework\src\Illuminate\Foundation\Http\Middleware\TransformsRequest.php(21): Illuminate\Pipeline\Pipeline->{closure:{closure:Illuminate\Pipeline\Pipeline::carry():158}:159}(Object(Illuminate\Http\Request))
#12 C:\Apache24\htdocs\backendSendra\vendor\laravel\framework\src\Illuminate\Foundation\Http\Middleware\TrimStrings.php(40): Illuminate\Foundation\Http\Middleware\TransformsRequest->handle(Object(Illuminate\Http\Request), Object(Closure))
#13 C:\Apache24\htdocs\backendSendra\vendor\laravel\framework\src\Illuminate\Pipeline\Pipeline.php(183): Illuminate\Foundation\Http\Middleware\TrimStrings->handle(Object(Illuminate\Http\Request), Object(Closure))
#14 C:\Apache24\htdocs\backendSendra\vendor\laravel\framework\src\Illuminate\Foundation\Http\Middleware\ValidatePostSize.php(27): Illuminate\Pipeline\Pipeline->{closure:{closure:Illuminate\Pipeline\Pipeline::carry():158}:159}(Object(Illuminate\Http\Request))
#15 C:\Apache24\htdocs\backendSendra\vendor\laravel\framework\src\Illuminate\Pipeline\Pipeline.php(183): Illuminate\Foundation\Http\Middleware\ValidatePostSize->handle(Object(Illuminate\Http\Request), Object(Closure))
#16 C:\Apache24\htdocs\backendSendra\vendor\laravel\framework\src\Illuminate\Foundation\Http\Middleware\PreventRequestsDuringMaintenance.php(99): Illuminate\Pipeline\Pipeline->{closure:{closure:Illuminate\Pipeline\Pipeline::carry():158}:159}(Object(Illuminate\Http\Request))
#17 C:\Apache24\htdocs\backendSendra\vendor\laravel\framework\src\Illuminate\Pipeline\Pipeline.php(183): Illuminate\Foundation\Http\Middleware\PreventRequestsDuringMaintenance->handle(Object(Illuminate\Http\Request), Object(Closure))
#18 C:\Apache24\htdocs\backendSendra\vendor\laravel\framework\src\Illuminate\Http\Middleware\HandleCors.php(62): Illuminate\Pipeline\Pipeline->{closure:{closure:Illuminate\Pipeline\Pipeline::carry():158}:159}(Object(Illuminate\Http\Request))
#19 C:\Apache24\htdocs\backendSendra\vendor\laravel\framework\src\Illuminate\Pipeline\Pipeline.php(183): Illuminate\Http\Middleware\HandleCors->handle(Object(Illuminate\Http\Request), Object(Closure))
#20 C:\Apache24\htdocs\backendSendra\vendor\laravel\framework\src\Illuminate\Http\Middleware\TrustProxies.php(39): Illuminate\Pipeline\Pipeline->{closure:{closure:Illuminate\Pipeline\Pipeline::carry():158}:159}(Object(Illuminate\Http\Request))
#21 C:\Apache24\htdocs\backendSendra\vendor\laravel\framework\src\Illuminate\Pipeline\Pipeline.php(183): Illuminate\Http\Middleware\TrustProxies->handle(Object(Illuminate\Http\Request), Object(Closure))
#22 C:\Apache24\htdocs\backendSendra\vendor\laravel\framework\src\Illuminate\Pipeline\Pipeline.php(119): Illuminate\Pipeline\Pipeline->{closure:{closure:Illuminate\Pipeline\Pipeline::carry():158}:159}(Object(Illuminate\Http\Request))
#23 C:\Apache24\htdocs\backendSendra\vendor\laravel\framework\src\Illuminate\Foundation\Http\Kernel.php(175): Illuminate\Pipeline\Pipeline->then(Object(Closure))
#24 C:\Apache24\htdocs\backendSendra\vendor\laravel\framework\src\Illuminate\Foundation\Http\Kernel.php(144): Illuminate\Foundation\Http\Kernel->sendRequestThroughRouter(Object(Illuminate\Http\Request))
#25 C:\Apache24\htdocs\backendSendra\public\index.php(51): Illuminate\Foundation\Http\Kernel->handle(Object(Illuminate\Http\Request))
#26 {main}

[2025-01-16 21:03:19] View [errors.500] not found. in C:\Apache24\htdocs\backendSendra\vendor\laravel\framework\src\Illuminate\View\FileViewFinder.php on line 137
#0 C:\Apache24\htdocs\backendSendra\vendor\laravel\framework\src\Illuminate\View\FileViewFinder.php(79): Illuminate\View\FileViewFinder->findInPaths('errors.500', Array)
#1 C:\Apache24\htdocs\backendSendra\vendor\laravel\framework\src\Illuminate\View\Factory.php(137): Illuminate\View\FileViewFinder->find('errors.500')
#2 C:\Apache24\htdocs\backendSendra\vendor\laravel\framework\src\Illuminate\Routing\ResponseFactory.php(88): Illuminate\View\Factory->make('errors.500', Array)
#3 C:\Apache24\htdocs\backendSendra\app\Exceptions\Handler.php(32): Illuminate\Routing\ResponseFactory->view('errors.500', Array, 500)
#4 C:\Apache24\htdocs\backendSendra\vendor\laravel\framework\src\Illuminate\Foundation\Exceptions\Handler.php(535): App\Exceptions\Handler->{closure:App\Exceptions\Handler::register():29}(Object(Symfony\Component\HttpKernel\Exception\MethodNotAllowedHttpException), Object(Illuminate\Http\Request))
#5 C:\Apache24\htdocs\backendSendra\vendor\laravel\framework\src\Illuminate\Foundation\Exceptions\Handler.php(465): Illuminate\Foundation\Exceptions\Handler->renderViaCallbacks(Object(Illuminate\Http\Request), Object(Symfony\Component\HttpKernel\Exception\MethodNotAllowedHttpException))
#6 C:\Apache24\htdocs\backendSendra\vendor\laravel\framework\src\Illuminate\Routing\Pipeline.php(51): Illuminate\Foundation\Exceptions\Handler->render(Object(Illuminate\Http\Request), Object(Symfony\Component\HttpKernel\Exception\MethodNotAllowedHttpException))
#7 C:\Apache24\htdocs\backendSendra\vendor\laravel\framework\src\Illuminate\Pipeline\Pipeline.php(146): Illuminate\Routing\Pipeline->handleException(Object(Illuminate\Http\Request), Object(Symfony\Component\HttpKernel\Exception\MethodNotAllowedHttpException))
#8 C:\Apache24\htdocs\backendSendra\vendor\laravel\framework\src\Illuminate\Foundation\Http\Middleware\TransformsRequest.php(21): Illuminate\Pipeline\Pipeline->{closure:Illuminate\Pipeline\Pipeline::prepareDestination():142}(Object(Illuminate\Http\Request))
#9 C:\Apache24\htdocs\backendSendra\vendor\laravel\framework\src\Illuminate\Foundation\Http\Middleware\ConvertEmptyStringsToNull.php(31): Illuminate\Foundation\Http\Middleware\TransformsRequest->handle(Object(Illuminate\Http\Request), Object(Closure))
#10 C:\Apache24\htdocs\backendSendra\vendor\laravel\framework\src\Illuminate\Pipeline\Pipeline.php(183): Illuminate\Foundation\Http\Middleware\ConvertEmptyStringsToNull->handle(Object(Illuminate\Http\Request), Object(Closure))
#11 C:\Apache24\htdocs\backendSendra\vendor\laravel\framework\src\Illuminate\Foundation\Http\Middleware\TransformsRequest.php(21): Illuminate\Pipeline\Pipeline->{closure:{closure:Illuminate\Pipeline\Pipeline::carry():158}:159}(Object(Illuminate\Http\Request))
#12 C:\Apache24\htdocs\backendSendra\vendor\laravel\framework\src\Illuminate\Foundation\Http\Middleware\TrimStrings.php(40): Illuminate\Foundation\Http\Middleware\TransformsRequest->handle(Object(Illuminate\Http\Request), Object(Closure))
#13 C:\Apache24\htdocs\backendSendra\vendor\laravel\framework\src\Illuminate\Pipeline\Pipeline.php(183): Illuminate\Foundation\Http\Middleware\TrimStrings->handle(Object(Illuminate\Http\Request), Object(Closure))
#14 C:\Apache24\htdocs\backendSendra\vendor\laravel\framework\src\Illuminate\Foundation\Http\Middleware\ValidatePostSize.php(27): Illuminate\Pipeline\Pipeline->{closure:{closure:Illuminate\Pipeline\Pipeline::carry():158}:159}(Object(Illuminate\Http\Request))
#15 C:\Apache24\htdocs\backendSendra\vendor\laravel\framework\src\Illuminate\Pipeline\Pipeline.php(183): Illuminate\Foundation\Http\Middleware\ValidatePostSize->handle(Object(Illuminate\Http\Request), Object(Closure))
#16 C:\Apache24\htdocs\backendSendra\vendor\laravel\framework\src\Illuminate\Foundation\Http\Middleware\PreventRequestsDuringMaintenance.php(99): Illuminate\Pipeline\Pipeline->{closure:{closure:Illuminate\Pipeline\Pipeline::carry():158}:159}(Object(Illuminate\Http\Request))
#17 C:\Apache24\htdocs\backendSendra\vendor\laravel\framework\src\Illuminate\Pipeline\Pipeline.php(183): Illuminate\Foundation\Http\Middleware\PreventRequestsDuringMaintenance->handle(Object(Illuminate\Http\Request), Object(Closure))
#18 C:\Apache24\htdocs\backendSendra\vendor\laravel\framework\src\Illuminate\Http\Middleware\HandleCors.php(62): Illuminate\Pipeline\Pipeline->{closure:{closure:Illuminate\Pipeline\Pipeline::carry():158}:159}(Object(Illuminate\Http\Request))
#19 C:\Apache24\htdocs\backendSendra\vendor\laravel\framework\src\Illuminate\Pipeline\Pipeline.php(183): Illuminate\Http\Middleware\HandleCors->handle(Object(Illuminate\Http\Request), Object(Closure))
#20 C:\Apache24\htdocs\backendSendra\vendor\laravel\framework\src\Illuminate\Http\Middleware\TrustProxies.php(39): Illuminate\Pipeline\Pipeline->{closure:{closure:Illuminate\Pipeline\Pipeline::carry():158}:159}(Object(Illuminate\Http\Request))
#21 C:\Apache24\htdocs\backendSendra\vendor\laravel\framework\src\Illuminate\Pipeline\Pipeline.php(183): Illuminate\Http\Middleware\TrustProxies->handle(Object(Illuminate\Http\Request), Object(Closure))
#22 C:\Apache24\htdocs\backendSendra\vendor\laravel\framework\src\Illuminate\Pipeline\Pipeline.php(119): Illuminate\Pipeline\Pipeline->{closure:{closure:Illuminate\Pipeline\Pipeline::carry():158}:159}(Object(Illuminate\Http\Request))
#23 C:\Apache24\htdocs\backendSendra\vendor\laravel\framework\src\Illuminate\Foundation\Http\Kernel.php(175): Illuminate\Pipeline\Pipeline->then(Object(Closure))
#24 C:\Apache24\htdocs\backendSendra\vendor\laravel\framework\src\Illuminate\Foundation\Http\Kernel.php(144): Illuminate\Foundation\Http\Kernel->sendRequestThroughRouter(Object(Illuminate\Http\Request))
#25 C:\Apache24\htdocs\backendSendra\public\index.php(51): Illuminate\Foundation\Http\Kernel->handle(Object(Illuminate\Http\Request))
#26 {main}

[2025-01-16 21:13:37] The PUT method is not supported for route api/send-sms. Supported methods: POST. in C:\Apache24\htdocs\backendSendra\vendor\laravel\framework\src\Illuminate\Routing\AbstractRouteCollection.php on line 122
#0 C:\Apache24\htdocs\backendSendra\vendor\laravel\framework\src\Illuminate\Routing\AbstractRouteCollection.php(107): Illuminate\Routing\AbstractRouteCollection->requestMethodNotAllowed(Object(Illuminate\Http\Request), Array, 'PUT')
#1 C:\Apache24\htdocs\backendSendra\vendor\laravel\framework\src\Illuminate\Routing\AbstractRouteCollection.php(41): Illuminate\Routing\AbstractRouteCollection->getRouteForMethods(Object(Illuminate\Http\Request), Array)
#2 C:\Apache24\htdocs\backendSendra\vendor\laravel\framework\src\Illuminate\Routing\RouteCollection.php(162): Illuminate\Routing\AbstractRouteCollection->handleMatchedRoute(Object(Illuminate\Http\Request), NULL)
#3 C:\Apache24\htdocs\backendSendra\vendor\laravel\framework\src\Illuminate\Routing\Router.php(761): Illuminate\Routing\RouteCollection->match(Object(Illuminate\Http\Request))
#4 C:\Apache24\htdocs\backendSendra\vendor\laravel\framework\src\Illuminate\Routing\Router.php(748): Illuminate\Routing\Router->findRoute(Object(Illuminate\Http\Request))
#5 C:\Apache24\htdocs\backendSendra\vendor\laravel\framework\src\Illuminate\Routing\Router.php(737): Illuminate\Routing\Router->dispatchToRoute(Object(Illuminate\Http\Request))
#6 C:\Apache24\htdocs\backendSendra\vendor\laravel\framework\src\Illuminate\Foundation\Http\Kernel.php(200): Illuminate\Routing\Router->dispatch(Object(Illuminate\Http\Request))
#7 C:\Apache24\htdocs\backendSendra\vendor\laravel\framework\src\Illuminate\Pipeline\Pipeline.php(144): Illuminate\Foundation\Http\Kernel->{closure:Illuminate\Foundation\Http\Kernel::dispatchToRouter():197}(Object(Illuminate\Http\Request))
#8 C:\Apache24\htdocs\backendSendra\vendor\laravel\framework\src\Illuminate\Foundation\Http\Middleware\TransformsRequest.php(21): Illuminate\Pipeline\Pipeline->{closure:Illuminate\Pipeline\Pipeline::prepareDestination():142}(Object(Illuminate\Http\Request))
#9 C:\Apache24\htdocs\backendSendra\vendor\laravel\framework\src\Illuminate\Foundation\Http\Middleware\ConvertEmptyStringsToNull.php(31): Illuminate\Foundation\Http\Middleware\TransformsRequest->handle(Object(Illuminate\Http\Request), Object(Closure))
#10 C:\Apache24\htdocs\backendSendra\vendor\laravel\framework\src\Illuminate\Pipeline\Pipeline.php(183): Illuminate\Foundation\Http\Middleware\ConvertEmptyStringsToNull->handle(Object(Illuminate\Http\Request), Object(Closure))
#11 C:\Apache24\htdocs\backendSendra\vendor\laravel\framework\src\Illuminate\Foundation\Http\Middleware\TransformsRequest.php(21): Illuminate\Pipeline\Pipeline->{closure:{closure:Illuminate\Pipeline\Pipeline::carry():158}:159}(Object(Illuminate\Http\Request))
#12 C:\Apache24\htdocs\backendSendra\vendor\laravel\framework\src\Illuminate\Foundation\Http\Middleware\TrimStrings.php(40): Illuminate\Foundation\Http\Middleware\TransformsRequest->handle(Object(Illuminate\Http\Request), Object(Closure))
#13 C:\Apache24\htdocs\backendSendra\vendor\laravel\framework\src\Illuminate\Pipeline\Pipeline.php(183): Illuminate\Foundation\Http\Middleware\TrimStrings->handle(Object(Illuminate\Http\Request), Object(Closure))
#14 C:\Apache24\htdocs\backendSendra\vendor\laravel\framework\src\Illuminate\Foundation\Http\Middleware\ValidatePostSize.php(27): Illuminate\Pipeline\Pipeline->{closure:{closure:Illuminate\Pipeline\Pipeline::carry():158}:159}(Object(Illuminate\Http\Request))
#15 C:\Apache24\htdocs\backendSendra\vendor\laravel\framework\src\Illuminate\Pipeline\Pipeline.php(183): Illuminate\Foundation\Http\Middleware\ValidatePostSize->handle(Object(Illuminate\Http\Request), Object(Closure))
#16 C:\Apache24\htdocs\backendSendra\vendor\laravel\framework\src\Illuminate\Foundation\Http\Middleware\PreventRequestsDuringMaintenance.php(99): Illuminate\Pipeline\Pipeline->{closure:{closure:Illuminate\Pipeline\Pipeline::carry():158}:159}(Object(Illuminate\Http\Request))
#17 C:\Apache24\htdocs\backendSendra\vendor\laravel\framework\src\Illuminate\Pipeline\Pipeline.php(183): Illuminate\Foundation\Http\Middleware\PreventRequestsDuringMaintenance->handle(Object(Illuminate\Http\Request), Object(Closure))
#18 C:\Apache24\htdocs\backendSendra\vendor\laravel\framework\src\Illuminate\Http\Middleware\HandleCors.php(62): Illuminate\Pipeline\Pipeline->{closure:{closure:Illuminate\Pipeline\Pipeline::carry():158}:159}(Object(Illuminate\Http\Request))
#19 C:\Apache24\htdocs\backendSendra\vendor\laravel\framework\src\Illuminate\Pipeline\Pipeline.php(183): Illuminate\Http\Middleware\HandleCors->handle(Object(Illuminate\Http\Request), Object(Closure))
#20 C:\Apache24\htdocs\backendSendra\vendor\laravel\framework\src\Illuminate\Http\Middleware\TrustProxies.php(39): Illuminate\Pipeline\Pipeline->{closure:{closure:Illuminate\Pipeline\Pipeline::carry():158}:159}(Object(Illuminate\Http\Request))
#21 C:\Apache24\htdocs\backendSendra\vendor\laravel\framework\src\Illuminate\Pipeline\Pipeline.php(183): Illuminate\Http\Middleware\TrustProxies->handle(Object(Illuminate\Http\Request), Object(Closure))
#22 C:\Apache24\htdocs\backendSendra\vendor\laravel\framework\src\Illuminate\Pipeline\Pipeline.php(119): Illuminate\Pipeline\Pipeline->{closure:{closure:Illuminate\Pipeline\Pipeline::carry():158}:159}(Object(Illuminate\Http\Request))
#23 C:\Apache24\htdocs\backendSendra\vendor\laravel\framework\src\Illuminate\Foundation\Http\Kernel.php(175): Illuminate\Pipeline\Pipeline->then(Object(Closure))
#24 C:\Apache24\htdocs\backendSendra\vendor\laravel\framework\src\Illuminate\Foundation\Http\Kernel.php(144): Illuminate\Foundation\Http\Kernel->sendRequestThroughRouter(Object(Illuminate\Http\Request))
#25 C:\Apache24\htdocs\backendSendra\public\index.php(51): Illuminate\Foundation\Http\Kernel->handle(Object(Illuminate\Http\Request))
#26 {main}

[2025-01-16 21:13:37] View [errors.500] not found. in C:\Apache24\htdocs\backendSendra\vendor\laravel\framework\src\Illuminate\View\FileViewFinder.php on line 137
#0 C:\Apache24\htdocs\backendSendra\vendor\laravel\framework\src\Illuminate\View\FileViewFinder.php(79): Illuminate\View\FileViewFinder->findInPaths('errors.500', Array)
#1 C:\Apache24\htdocs\backendSendra\vendor\laravel\framework\src\Illuminate\View\Factory.php(137): Illuminate\View\FileViewFinder->find('errors.500')
#2 C:\Apache24\htdocs\backendSendra\vendor\laravel\framework\src\Illuminate\Routing\ResponseFactory.php(88): Illuminate\View\Factory->make('errors.500', Array)
#3 C:\Apache24\htdocs\backendSendra\app\Exceptions\Handler.php(32): Illuminate\Routing\ResponseFactory->view('errors.500', Array, 500)
#4 C:\Apache24\htdocs\backendSendra\vendor\laravel\framework\src\Illuminate\Foundation\Exceptions\Handler.php(535): App\Exceptions\Handler->{closure:App\Exceptions\Handler::register():29}(Object(Symfony\Component\HttpKernel\Exception\MethodNotAllowedHttpException), Object(Illuminate\Http\Request))
#5 C:\Apache24\htdocs\backendSendra\vendor\laravel\framework\src\Illuminate\Foundation\Exceptions\Handler.php(465): Illuminate\Foundation\Exceptions\Handler->renderViaCallbacks(Object(Illuminate\Http\Request), Object(Symfony\Component\HttpKernel\Exception\MethodNotAllowedHttpException))
#6 C:\Apache24\htdocs\backendSendra\vendor\laravel\framework\src\Illuminate\Routing\Pipeline.php(51): Illuminate\Foundation\Exceptions\Handler->render(Object(Illuminate\Http\Request), Object(Symfony\Component\HttpKernel\Exception\MethodNotAllowedHttpException))
#7 C:\Apache24\htdocs\backendSendra\vendor\laravel\framework\src\Illuminate\Pipeline\Pipeline.php(146): Illuminate\Routing\Pipeline->handleException(Object(Illuminate\Http\Request), Object(Symfony\Component\HttpKernel\Exception\MethodNotAllowedHttpException))
#8 C:\Apache24\htdocs\backendSendra\vendor\laravel\framework\src\Illuminate\Foundation\Http\Middleware\TransformsRequest.php(21): Illuminate\Pipeline\Pipeline->{closure:Illuminate\Pipeline\Pipeline::prepareDestination():142}(Object(Illuminate\Http\Request))
#9 C:\Apache24\htdocs\backendSendra\vendor\laravel\framework\src\Illuminate\Foundation\Http\Middleware\ConvertEmptyStringsToNull.php(31): Illuminate\Foundation\Http\Middleware\TransformsRequest->handle(Object(Illuminate\Http\Request), Object(Closure))
#10 C:\Apache24\htdocs\backendSendra\vendor\laravel\framework\src\Illuminate\Pipeline\Pipeline.php(183): Illuminate\Foundation\Http\Middleware\ConvertEmptyStringsToNull->handle(Object(Illuminate\Http\Request), Object(Closure))
#11 C:\Apache24\htdocs\backendSendra\vendor\laravel\framework\src\Illuminate\Foundation\Http\Middleware\TransformsRequest.php(21): Illuminate\Pipeline\Pipeline->{closure:{closure:Illuminate\Pipeline\Pipeline::carry():158}:159}(Object(Illuminate\Http\Request))
#12 C:\Apache24\htdocs\backendSendra\vendor\laravel\framework\src\Illuminate\Foundation\Http\Middleware\TrimStrings.php(40): Illuminate\Foundation\Http\Middleware\TransformsRequest->handle(Object(Illuminate\Http\Request), Object(Closure))
#13 C:\Apache24\htdocs\backendSendra\vendor\laravel\framework\src\Illuminate\Pipeline\Pipeline.php(183): Illuminate\Foundation\Http\Middleware\TrimStrings->handle(Object(Illuminate\Http\Request), Object(Closure))
#14 C:\Apache24\htdocs\backendSendra\vendor\laravel\framework\src\Illuminate\Foundation\Http\Middleware\ValidatePostSize.php(27): Illuminate\Pipeline\Pipeline->{closure:{closure:Illuminate\Pipeline\Pipeline::carry():158}:159}(Object(Illuminate\Http\Request))
#15 C:\Apache24\htdocs\backendSendra\vendor\laravel\framework\src\Illuminate\Pipeline\Pipeline.php(183): Illuminate\Foundation\Http\Middleware\ValidatePostSize->handle(Object(Illuminate\Http\Request), Object(Closure))
#16 C:\Apache24\htdocs\backendSendra\vendor\laravel\framework\src\Illuminate\Foundation\Http\Middleware\PreventRequestsDuringMaintenance.php(99): Illuminate\Pipeline\Pipeline->{closure:{closure:Illuminate\Pipeline\Pipeline::carry():158}:159}(Object(Illuminate\Http\Request))
#17 C:\Apache24\htdocs\backendSendra\vendor\laravel\framework\src\Illuminate\Pipeline\Pipeline.php(183): Illuminate\Foundation\Http\Middleware\PreventRequestsDuringMaintenance->handle(Object(Illuminate\Http\Request), Object(Closure))
#18 C:\Apache24\htdocs\backendSendra\vendor\laravel\framework\src\Illuminate\Http\Middleware\HandleCors.php(62): Illuminate\Pipeline\Pipeline->{closure:{closure:Illuminate\Pipeline\Pipeline::carry():158}:159}(Object(Illuminate\Http\Request))
#19 C:\Apache24\htdocs\backendSendra\vendor\laravel\framework\src\Illuminate\Pipeline\Pipeline.php(183): Illuminate\Http\Middleware\HandleCors->handle(Object(Illuminate\Http\Request), Object(Closure))
#20 C:\Apache24\htdocs\backendSendra\vendor\laravel\framework\src\Illuminate\Http\Middleware\TrustProxies.php(39): Illuminate\Pipeline\Pipeline->{closure:{closure:Illuminate\Pipeline\Pipeline::carry():158}:159}(Object(Illuminate\Http\Request))
#21 C:\Apache24\htdocs\backendSendra\vendor\laravel\framework\src\Illuminate\Pipeline\Pipeline.php(183): Illuminate\Http\Middleware\TrustProxies->handle(Object(Illuminate\Http\Request), Object(Closure))
#22 C:\Apache24\htdocs\backendSendra\vendor\laravel\framework\src\Illuminate\Pipeline\Pipeline.php(119): Illuminate\Pipeline\Pipeline->{closure:{closure:Illuminate\Pipeline\Pipeline::carry():158}:159}(Object(Illuminate\Http\Request))
#23 C:\Apache24\htdocs\backendSendra\vendor\laravel\framework\src\Illuminate\Foundation\Http\Kernel.php(175): Illuminate\Pipeline\Pipeline->then(Object(Closure))
#24 C:\Apache24\htdocs\backendSendra\vendor\laravel\framework\src\Illuminate\Foundation\Http\Kernel.php(144): Illuminate\Foundation\Http\Kernel->sendRequestThroughRouter(Object(Illuminate\Http\Request))
#25 C:\Apache24\htdocs\backendSendra\public\index.php(51): Illuminate\Foundation\Http\Kernel->handle(Object(Illuminate\Http\Request))
#26 {main}

[2025-01-16 21:13:46] Illuminate\Http\Client\PendingRequest::withBasicAuth(): Argument #1 ($username) must be of type string, null given, called in C:\Apache24\htdocs\backendSendra\app\Services\OrangeSmsService.php on line 54 in C:\Apache24\htdocs\backendSendra\vendor\laravel\framework\src\Illuminate\Http\Client\PendingRequest.php on line 447
#0 C:\Apache24\htdocs\backendSendra\app\Services\OrangeSmsService.php(54): Illuminate\Http\Client\PendingRequest->withBasicAuth(NULL, NULL)
#1 C:\Apache24\htdocs\backendSendra\app\Http\Controllers\SMSController.php(25): App\Services\OrangeSmsService->sendSms('VERIFICATION', 'SENDRA', '221774208140', 'This is a test ...')
#2 C:\Apache24\htdocs\backendSendra\vendor\laravel\framework\src\Illuminate\Routing\Controller.php(54): App\Http\Controllers\SMSController->sendSms(Object(Illuminate\Http\Request))
#3 C:\Apache24\htdocs\backendSendra\vendor\laravel\framework\src\Illuminate\Routing\ControllerDispatcher.php(43): Illuminate\Routing\Controller->callAction('sendSms', Array)
#4 C:\Apache24\htdocs\backendSendra\vendor\laravel\framework\src\Illuminate\Routing\Route.php(259): Illuminate\Routing\ControllerDispatcher->dispatch(Object(Illuminate\Routing\Route), Object(App\Http\Controllers\SMSController), 'sendSms')
#5 C:\Apache24\htdocs\backendSendra\vendor\laravel\framework\src\Illuminate\Routing\Route.php(205): Illuminate\Routing\Route->runController()
#6 C:\Apache24\htdocs\backendSendra\vendor\laravel\framework\src\Illuminate\Routing\Router.php(806): Illuminate\Routing\Route->run()
#7 C:\Apache24\htdocs\backendSendra\vendor\laravel\framework\src\Illuminate\Pipeline\Pipeline.php(144): Illuminate\Routing\Router->{closure:Illuminate\Routing\Router::runRouteWithinStack():805}(Object(Illuminate\Http\Request))
#8 C:\Apache24\htdocs\backendSendra\vendor\laravel\framework\src\Illuminate\Routing\Middleware\SubstituteBindings.php(50): Illuminate\Pipeline\Pipeline->{closure:Illuminate\Pipeline\Pipeline::prepareDestination():142}(Object(Illuminate\Http\Request))
#9 C:\Apache24\htdocs\backendSendra\vendor\laravel\framework\src\Illuminate\Pipeline\Pipeline.php(183): Illuminate\Routing\Middleware\SubstituteBindings->handle(Object(Illuminate\Http\Request), Object(Closure))
#10 C:\Apache24\htdocs\backendSendra\vendor\laravel\framework\src\Illuminate\Routing\Middleware\ThrottleRequests.php(159): Illuminate\Pipeline\Pipeline->{closure:{closure:Illuminate\Pipeline\Pipeline::carry():158}:159}(Object(Illuminate\Http\Request))
#11 C:\Apache24\htdocs\backendSendra\vendor\laravel\framework\src\Illuminate\Routing\Middleware\ThrottleRequests.php(125): Illuminate\Routing\Middleware\ThrottleRequests->handleRequest(Object(Illuminate\Http\Request), Object(Closure), Array)
#12 C:\Apache24\htdocs\backendSendra\vendor\laravel\framework\src\Illuminate\Routing\Middleware\ThrottleRequests.php(87): Illuminate\Routing\Middleware\ThrottleRequests->handleRequestUsingNamedLimiter(Object(Illuminate\Http\Request), Object(Closure), 'api', Object(Closure))
#13 C:\Apache24\htdocs\backendSendra\vendor\laravel\framework\src\Illuminate\Pipeline\Pipeline.php(183): Illuminate\Routing\Middleware\ThrottleRequests->handle(Object(Illuminate\Http\Request), Object(Closure), 'api')
#14 C:\Apache24\htdocs\backendSendra\vendor\laravel\framework\src\Illuminate\Auth\Middleware\Authenticate.php(57): Illuminate\Pipeline\Pipeline->{closure:{closure:Illuminate\Pipeline\Pipeline::carry():158}:159}(Object(Illuminate\Http\Request))
#15 C:\Apache24\htdocs\backendSendra\vendor\laravel\framework\src\Illuminate\Pipeline\Pipeline.php(183): Illuminate\Auth\Middleware\Authenticate->handle(Object(Illuminate\Http\Request), Object(Closure), 'api')
#16 C:\Apache24\htdocs\backendSendra\vendor\laravel\framework\src\Illuminate\Pipeline\Pipeline.php(119): Illuminate\Pipeline\Pipeline->{closure:{closure:Illuminate\Pipeline\Pipeline::carry():158}:159}(Object(Illuminate\Http\Request))
#17 C:\Apache24\htdocs\backendSendra\vendor\laravel\framework\src\Illuminate\Routing\Router.php(805): Illuminate\Pipeline\Pipeline->then(Object(Closure))
#18 C:\Apache24\htdocs\backendSendra\vendor\laravel\framework\src\Illuminate\Routing\Router.php(784): Illuminate\Routing\Router->runRouteWithinStack(Object(Illuminate\Routing\Route), Object(Illuminate\Http\Request))
#19 C:\Apache24\htdocs\backendSendra\vendor\laravel\framework\src\Illuminate\Routing\Router.php(748): Illuminate\Routing\Router->runRoute(Object(Illuminate\Http\Request), Object(Illuminate\Routing\Route))
#20 C:\Apache24\htdocs\backendSendra\vendor\laravel\framework\src\Illuminate\Routing\Router.php(737): Illuminate\Routing\Router->dispatchToRoute(Object(Illuminate\Http\Request))
#21 C:\Apache24\htdocs\backendSendra\vendor\laravel\framework\src\Illuminate\Foundation\Http\Kernel.php(200): Illuminate\Routing\Router->dispatch(Object(Illuminate\Http\Request))
#22 C:\Apache24\htdocs\backendSendra\vendor\laravel\framework\src\Illuminate\Pipeline\Pipeline.php(144): Illuminate\Foundation\Http\Kernel->{closure:Illuminate\Foundation\Http\Kernel::dispatchToRouter():197}(Object(Illuminate\Http\Request))
#23 C:\Apache24\htdocs\backendSendra\vendor\laravel\framework\src\Illuminate\Foundation\Http\Middleware\TransformsRequest.php(21): Illuminate\Pipeline\Pipeline->{closure:Illuminate\Pipeline\Pipeline::prepareDestination():142}(Object(Illuminate\Http\Request))
#24 C:\Apache24\htdocs\backendSendra\vendor\laravel\framework\src\Illuminate\Foundation\Http\Middleware\ConvertEmptyStringsToNull.php(31): Illuminate\Foundation\Http\Middleware\TransformsRequest->handle(Object(Illuminate\Http\Request), Object(Closure))
#25 C:\Apache24\htdocs\backendSendra\vendor\laravel\framework\src\Illuminate\Pipeline\Pipeline.php(183): Illuminate\Foundation\Http\Middleware\ConvertEmptyStringsToNull->handle(Object(Illuminate\Http\Request), Object(Closure))
#26 C:\Apache24\htdocs\backendSendra\vendor\laravel\framework\src\Illuminate\Foundation\Http\Middleware\TransformsRequest.php(21): Illuminate\Pipeline\Pipeline->{closure:{closure:Illuminate\Pipeline\Pipeline::carry():158}:159}(Object(Illuminate\Http\Request))
#27 C:\Apache24\htdocs\backendSendra\vendor\laravel\framework\src\Illuminate\Foundation\Http\Middleware\TrimStrings.php(40): Illuminate\Foundation\Http\Middleware\TransformsRequest->handle(Object(Illuminate\Http\Request), Object(Closure))
#28 C:\Apache24\htdocs\backendSendra\vendor\laravel\framework\src\Illuminate\Pipeline\Pipeline.php(183): Illuminate\Foundation\Http\Middleware\TrimStrings->handle(Object(Illuminate\Http\Request), Object(Closure))
#29 C:\Apache24\htdocs\backendSendra\vendor\laravel\framework\src\Illuminate\Foundation\Http\Middleware\ValidatePostSize.php(27): Illuminate\Pipeline\Pipeline->{closure:{closure:Illuminate\Pipeline\Pipeline::carry():158}:159}(Object(Illuminate\Http\Request))
#30 C:\Apache24\htdocs\backendSendra\vendor\laravel\framework\src\Illuminate\Pipeline\Pipeline.php(183): Illuminate\Foundation\Http\Middleware\ValidatePostSize->handle(Object(Illuminate\Http\Request), Object(Closure))
#31 C:\Apache24\htdocs\backendSendra\vendor\laravel\framework\src\Illuminate\Foundation\Http\Middleware\PreventRequestsDuringMaintenance.php(99): Illuminate\Pipeline\Pipeline->{closure:{closure:Illuminate\Pipeline\Pipeline::carry():158}:159}(Object(Illuminate\Http\Request))
#32 C:\Apache24\htdocs\backendSendra\vendor\laravel\framework\src\Illuminate\Pipeline\Pipeline.php(183): Illuminate\Foundation\Http\Middleware\PreventRequestsDuringMaintenance->handle(Object(Illuminate\Http\Request), Object(Closure))
#33 C:\Apache24\htdocs\backendSendra\vendor\laravel\framework\src\Illuminate\Http\Middleware\HandleCors.php(62): Illuminate\Pipeline\Pipeline->{closure:{closure:Illuminate\Pipeline\Pipeline::carry():158}:159}(Object(Illuminate\Http\Request))
#34 C:\Apache24\htdocs\backendSendra\vendor\laravel\framework\src\Illuminate\Pipeline\Pipeline.php(183): Illuminate\Http\Middleware\HandleCors->handle(Object(Illuminate\Http\Request), Object(Closure))
#35 C:\Apache24\htdocs\backendSendra\vendor\laravel\framework\src\Illuminate\Http\Middleware\TrustProxies.php(39): Illuminate\Pipeline\Pipeline->{closure:{closure:Illuminate\Pipeline\Pipeline::carry():158}:159}(Object(Illuminate\Http\Request))
#36 C:\Apache24\htdocs\backendSendra\vendor\laravel\framework\src\Illuminate\Pipeline\Pipeline.php(183): Illuminate\Http\Middleware\TrustProxies->handle(Object(Illuminate\Http\Request), Object(Closure))
#37 C:\Apache24\htdocs\backendSendra\vendor\laravel\framework\src\Illuminate\Pipeline\Pipeline.php(119): Illuminate\Pipeline\Pipeline->{closure:{closure:Illuminate\Pipeline\Pipeline::carry():158}:159}(Object(Illuminate\Http\Request))
#38 C:\Apache24\htdocs\backendSendra\vendor\laravel\framework\src\Illuminate\Foundation\Http\Kernel.php(175): Illuminate\Pipeline\Pipeline->then(Object(Closure))
#39 C:\Apache24\htdocs\backendSendra\vendor\laravel\framework\src\Illuminate\Foundation\Http\Kernel.php(144): Illuminate\Foundation\Http\Kernel->sendRequestThroughRouter(Object(Illuminate\Http\Request))
#40 C:\Apache24\htdocs\backendSendra\public\index.php(51): Illuminate\Foundation\Http\Kernel->handle(Object(Illuminate\Http\Request))
#41 {main}

[2025-01-16 21:17:27] Illuminate\Http\Client\PendingRequest::withBasicAuth(): Argument #1 ($username) must be of type string, null given, called in C:\Apache24\htdocs\backendSendra\app\Services\OrangeSmsService.php on line 54 in C:\Apache24\htdocs\backendSendra\vendor\laravel\framework\src\Illuminate\Http\Client\PendingRequest.php on line 447
#0 C:\Apache24\htdocs\backendSendra\app\Services\OrangeSmsService.php(54): Illuminate\Http\Client\PendingRequest->withBasicAuth(NULL, NULL)
#1 C:\Apache24\htdocs\backendSendra\app\Http\Controllers\SMSController.php(25): App\Services\OrangeSmsService->sendSms('VERIFICATION', 'SENDRA', '221774208140', 'This is a test ...')
#2 C:\Apache24\htdocs\backendSendra\vendor\laravel\framework\src\Illuminate\Routing\Controller.php(54): App\Http\Controllers\SMSController->sendSms(Object(Illuminate\Http\Request))
#3 C:\Apache24\htdocs\backendSendra\vendor\laravel\framework\src\Illuminate\Routing\ControllerDispatcher.php(43): Illuminate\Routing\Controller->callAction('sendSms', Array)
#4 C:\Apache24\htdocs\backendSendra\vendor\laravel\framework\src\Illuminate\Routing\Route.php(259): Illuminate\Routing\ControllerDispatcher->dispatch(Object(Illuminate\Routing\Route), Object(App\Http\Controllers\SMSController), 'sendSms')
#5 C:\Apache24\htdocs\backendSendra\vendor\laravel\framework\src\Illuminate\Routing\Route.php(205): Illuminate\Routing\Route->runController()
#6 C:\Apache24\htdocs\backendSendra\vendor\laravel\framework\src\Illuminate\Routing\Router.php(806): Illuminate\Routing\Route->run()
#7 C:\Apache24\htdocs\backendSendra\vendor\laravel\framework\src\Illuminate\Pipeline\Pipeline.php(144): Illuminate\Routing\Router->{closure:Illuminate\Routing\Router::runRouteWithinStack():805}(Object(Illuminate\Http\Request))
#8 C:\Apache24\htdocs\backendSendra\vendor\laravel\framework\src\Illuminate\Routing\Middleware\SubstituteBindings.php(50): Illuminate\Pipeline\Pipeline->{closure:Illuminate\Pipeline\Pipeline::prepareDestination():142}(Object(Illuminate\Http\Request))
#9 C:\Apache24\htdocs\backendSendra\vendor\laravel\framework\src\Illuminate\Pipeline\Pipeline.php(183): Illuminate\Routing\Middleware\SubstituteBindings->handle(Object(Illuminate\Http\Request), Object(Closure))
#10 C:\Apache24\htdocs\backendSendra\vendor\laravel\framework\src\Illuminate\Routing\Middleware\ThrottleRequests.php(159): Illuminate\Pipeline\Pipeline->{closure:{closure:Illuminate\Pipeline\Pipeline::carry():158}:159}(Object(Illuminate\Http\Request))
#11 C:\Apache24\htdocs\backendSendra\vendor\laravel\framework\src\Illuminate\Routing\Middleware\ThrottleRequests.php(125): Illuminate\Routing\Middleware\ThrottleRequests->handleRequest(Object(Illuminate\Http\Request), Object(Closure), Array)
#12 C:\Apache24\htdocs\backendSendra\vendor\laravel\framework\src\Illuminate\Routing\Middleware\ThrottleRequests.php(87): Illuminate\Routing\Middleware\ThrottleRequests->handleRequestUsingNamedLimiter(Object(Illuminate\Http\Request), Object(Closure), 'api', Object(Closure))
#13 C:\Apache24\htdocs\backendSendra\vendor\laravel\framework\src\Illuminate\Pipeline\Pipeline.php(183): Illuminate\Routing\Middleware\ThrottleRequests->handle(Object(Illuminate\Http\Request), Object(Closure), 'api')
#14 C:\Apache24\htdocs\backendSendra\vendor\laravel\framework\src\Illuminate\Auth\Middleware\Authenticate.php(57): Illuminate\Pipeline\Pipeline->{closure:{closure:Illuminate\Pipeline\Pipeline::carry():158}:159}(Object(Illuminate\Http\Request))
#15 C:\Apache24\htdocs\backendSendra\vendor\laravel\framework\src\Illuminate\Pipeline\Pipeline.php(183): Illuminate\Auth\Middleware\Authenticate->handle(Object(Illuminate\Http\Request), Object(Closure), 'api')
#16 C:\Apache24\htdocs\backendSendra\vendor\laravel\framework\src\Illuminate\Pipeline\Pipeline.php(119): Illuminate\Pipeline\Pipeline->{closure:{closure:Illuminate\Pipeline\Pipeline::carry():158}:159}(Object(Illuminate\Http\Request))
#17 C:\Apache24\htdocs\backendSendra\vendor\laravel\framework\src\Illuminate\Routing\Router.php(805): Illuminate\Pipeline\Pipeline->then(Object(Closure))
#18 C:\Apache24\htdocs\backendSendra\vendor\laravel\framework\src\Illuminate\Routing\Router.php(784): Illuminate\Routing\Router->runRouteWithinStack(Object(Illuminate\Routing\Route), Object(Illuminate\Http\Request))
#19 C:\Apache24\htdocs\backendSendra\vendor\laravel\framework\src\Illuminate\Routing\Router.php(748): Illuminate\Routing\Router->runRoute(Object(Illuminate\Http\Request), Object(Illuminate\Routing\Route))
#20 C:\Apache24\htdocs\backendSendra\vendor\laravel\framework\src\Illuminate\Routing\Router.php(737): Illuminate\Routing\Router->dispatchToRoute(Object(Illuminate\Http\Request))
#21 C:\Apache24\htdocs\backendSendra\vendor\laravel\framework\src\Illuminate\Foundation\Http\Kernel.php(200): Illuminate\Routing\Router->dispatch(Object(Illuminate\Http\Request))
#22 C:\Apache24\htdocs\backendSendra\vendor\laravel\framework\src\Illuminate\Pipeline\Pipeline.php(144): Illuminate\Foundation\Http\Kernel->{closure:Illuminate\Foundation\Http\Kernel::dispatchToRouter():197}(Object(Illuminate\Http\Request))
#23 C:\Apache24\htdocs\backendSendra\vendor\laravel\framework\src\Illuminate\Foundation\Http\Middleware\TransformsRequest.php(21): Illuminate\Pipeline\Pipeline->{closure:Illuminate\Pipeline\Pipeline::prepareDestination():142}(Object(Illuminate\Http\Request))
#24 C:\Apache24\htdocs\backendSendra\vendor\laravel\framework\src\Illuminate\Foundation\Http\Middleware\ConvertEmptyStringsToNull.php(31): Illuminate\Foundation\Http\Middleware\TransformsRequest->handle(Object(Illuminate\Http\Request), Object(Closure))
#25 C:\Apache24\htdocs\backendSendra\vendor\laravel\framework\src\Illuminate\Pipeline\Pipeline.php(183): Illuminate\Foundation\Http\Middleware\ConvertEmptyStringsToNull->handle(Object(Illuminate\Http\Request), Object(Closure))
#26 C:\Apache24\htdocs\backendSendra\vendor\laravel\framework\src\Illuminate\Foundation\Http\Middleware\TransformsRequest.php(21): Illuminate\Pipeline\Pipeline->{closure:{closure:Illuminate\Pipeline\Pipeline::carry():158}:159}(Object(Illuminate\Http\Request))
#27 C:\Apache24\htdocs\backendSendra\vendor\laravel\framework\src\Illuminate\Foundation\Http\Middleware\TrimStrings.php(40): Illuminate\Foundation\Http\Middleware\TransformsRequest->handle(Object(Illuminate\Http\Request), Object(Closure))
#28 C:\Apache24\htdocs\backendSendra\vendor\laravel\framework\src\Illuminate\Pipeline\Pipeline.php(183): Illuminate\Foundation\Http\Middleware\TrimStrings->handle(Object(Illuminate\Http\Request), Object(Closure))
#29 C:\Apache24\htdocs\backendSendra\vendor\laravel\framework\src\Illuminate\Foundation\Http\Middleware\ValidatePostSize.php(27): Illuminate\Pipeline\Pipeline->{closure:{closure:Illuminate\Pipeline\Pipeline::carry():158}:159}(Object(Illuminate\Http\Request))
#30 C:\Apache24\htdocs\backendSendra\vendor\laravel\framework\src\Illuminate\Pipeline\Pipeline.php(183): Illuminate\Foundation\Http\Middleware\ValidatePostSize->handle(Object(Illuminate\Http\Request), Object(Closure))
#31 C:\Apache24\htdocs\backendSendra\vendor\laravel\framework\src\Illuminate\Foundation\Http\Middleware\PreventRequestsDuringMaintenance.php(99): Illuminate\Pipeline\Pipeline->{closure:{closure:Illuminate\Pipeline\Pipeline::carry():158}:159}(Object(Illuminate\Http\Request))
#32 C:\Apache24\htdocs\backendSendra\vendor\laravel\framework\src\Illuminate\Pipeline\Pipeline.php(183): Illuminate\Foundation\Http\Middleware\PreventRequestsDuringMaintenance->handle(Object(Illuminate\Http\Request), Object(Closure))
#33 C:\Apache24\htdocs\backendSendra\vendor\laravel\framework\src\Illuminate\Http\Middleware\HandleCors.php(62): Illuminate\Pipeline\Pipeline->{closure:{closure:Illuminate\Pipeline\Pipeline::carry():158}:159}(Object(Illuminate\Http\Request))
#34 C:\Apache24\htdocs\backendSendra\vendor\laravel\framework\src\Illuminate\Pipeline\Pipeline.php(183): Illuminate\Http\Middleware\HandleCors->handle(Object(Illuminate\Http\Request), Object(Closure))
#35 C:\Apache24\htdocs\backendSendra\vendor\laravel\framework\src\Illuminate\Http\Middleware\TrustProxies.php(39): Illuminate\Pipeline\Pipeline->{closure:{closure:Illuminate\Pipeline\Pipeline::carry():158}:159}(Object(Illuminate\Http\Request))
#36 C:\Apache24\htdocs\backendSendra\vendor\laravel\framework\src\Illuminate\Pipeline\Pipeline.php(183): Illuminate\Http\Middleware\TrustProxies->handle(Object(Illuminate\Http\Request), Object(Closure))
#37 C:\Apache24\htdocs\backendSendra\vendor\laravel\framework\src\Illuminate\Pipeline\Pipeline.php(119): Illuminate\Pipeline\Pipeline->{closure:{closure:Illuminate\Pipeline\Pipeline::carry():158}:159}(Object(Illuminate\Http\Request))
#38 C:\Apache24\htdocs\backendSendra\vendor\laravel\framework\src\Illuminate\Foundation\Http\Kernel.php(175): Illuminate\Pipeline\Pipeline->then(Object(Closure))
#39 C:\Apache24\htdocs\backendSendra\vendor\laravel\framework\src\Illuminate\Foundation\Http\Kernel.php(144): Illuminate\Foundation\Http\Kernel->sendRequestThroughRouter(Object(Illuminate\Http\Request))
#40 C:\Apache24\htdocs\backendSendra\public\index.php(51): Illuminate\Foundation\Http\Kernel->handle(Object(Illuminate\Http\Request))
#41 {main}

[2025-01-16 21:19:08] Illuminate\Http\Client\PendingRequest::withBasicAuth(): Argument #1 ($username) must be of type string, null given, called in C:\Apache24\htdocs\backendSendra\app\Services\OrangeSmsService.php on line 54 in C:\Apache24\htdocs\backendSendra\vendor\laravel\framework\src\Illuminate\Http\Client\PendingRequest.php on line 447
#0 C:\Apache24\htdocs\backendSendra\app\Services\OrangeSmsService.php(54): Illuminate\Http\Client\PendingRequest->withBasicAuth(NULL, NULL)
#1 C:\Apache24\htdocs\backendSendra\app\Http\Controllers\SMSController.php(25): App\Services\OrangeSmsService->sendSms('VERIFICATION', 'SENDRA', '221774208140', 'This is a test ...')
#2 C:\Apache24\htdocs\backendSendra\vendor\laravel\framework\src\Illuminate\Routing\Controller.php(54): App\Http\Controllers\SMSController->sendSms(Object(Illuminate\Http\Request))
#3 C:\Apache24\htdocs\backendSendra\vendor\laravel\framework\src\Illuminate\Routing\ControllerDispatcher.php(43): Illuminate\Routing\Controller->callAction('sendSms', Array)
#4 C:\Apache24\htdocs\backendSendra\vendor\laravel\framework\src\Illuminate\Routing\Route.php(259): Illuminate\Routing\ControllerDispatcher->dispatch(Object(Illuminate\Routing\Route), Object(App\Http\Controllers\SMSController), 'sendSms')
#5 C:\Apache24\htdocs\backendSendra\vendor\laravel\framework\src\Illuminate\Routing\Route.php(205): Illuminate\Routing\Route->runController()
#6 C:\Apache24\htdocs\backendSendra\vendor\laravel\framework\src\Illuminate\Routing\Router.php(806): Illuminate\Routing\Route->run()
#7 C:\Apache24\htdocs\backendSendra\vendor\laravel\framework\src\Illuminate\Pipeline\Pipeline.php(144): Illuminate\Routing\Router->{closure:Illuminate\Routing\Router::runRouteWithinStack():805}(Object(Illuminate\Http\Request))
#8 C:\Apache24\htdocs\backendSendra\vendor\laravel\framework\src\Illuminate\Routing\Middleware\SubstituteBindings.php(50): Illuminate\Pipeline\Pipeline->{closure:Illuminate\Pipeline\Pipeline::prepareDestination():142}(Object(Illuminate\Http\Request))
#9 C:\Apache24\htdocs\backendSendra\vendor\laravel\framework\src\Illuminate\Pipeline\Pipeline.php(183): Illuminate\Routing\Middleware\SubstituteBindings->handle(Object(Illuminate\Http\Request), Object(Closure))
#10 C:\Apache24\htdocs\backendSendra\vendor\laravel\framework\src\Illuminate\Routing\Middleware\ThrottleRequests.php(159): Illuminate\Pipeline\Pipeline->{closure:{closure:Illuminate\Pipeline\Pipeline::carry():158}:159}(Object(Illuminate\Http\Request))
#11 C:\Apache24\htdocs\backendSendra\vendor\laravel\framework\src\Illuminate\Routing\Middleware\ThrottleRequests.php(125): Illuminate\Routing\Middleware\ThrottleRequests->handleRequest(Object(Illuminate\Http\Request), Object(Closure), Array)
#12 C:\Apache24\htdocs\backendSendra\vendor\laravel\framework\src\Illuminate\Routing\Middleware\ThrottleRequests.php(87): Illuminate\Routing\Middleware\ThrottleRequests->handleRequestUsingNamedLimiter(Object(Illuminate\Http\Request), Object(Closure), 'api', Object(Closure))
#13 C:\Apache24\htdocs\backendSendra\vendor\laravel\framework\src\Illuminate\Pipeline\Pipeline.php(183): Illuminate\Routing\Middleware\ThrottleRequests->handle(Object(Illuminate\Http\Request), Object(Closure), 'api')
#14 C:\Apache24\htdocs\backendSendra\vendor\laravel\framework\src\Illuminate\Auth\Middleware\Authenticate.php(57): Illuminate\Pipeline\Pipeline->{closure:{closure:Illuminate\Pipeline\Pipeline::carry():158}:159}(Object(Illuminate\Http\Request))
#15 C:\Apache24\htdocs\backendSendra\vendor\laravel\framework\src\Illuminate\Pipeline\Pipeline.php(183): Illuminate\Auth\Middleware\Authenticate->handle(Object(Illuminate\Http\Request), Object(Closure), 'api')
#16 C:\Apache24\htdocs\backendSendra\vendor\laravel\framework\src\Illuminate\Pipeline\Pipeline.php(119): Illuminate\Pipeline\Pipeline->{closure:{closure:Illuminate\Pipeline\Pipeline::carry():158}:159}(Object(Illuminate\Http\Request))
#17 C:\Apache24\htdocs\backendSendra\vendor\laravel\framework\src\Illuminate\Routing\Router.php(805): Illuminate\Pipeline\Pipeline->then(Object(Closure))
#18 C:\Apache24\htdocs\backendSendra\vendor\laravel\framework\src\Illuminate\Routing\Router.php(784): Illuminate\Routing\Router->runRouteWithinStack(Object(Illuminate\Routing\Route), Object(Illuminate\Http\Request))
#19 C:\Apache24\htdocs\backendSendra\vendor\laravel\framework\src\Illuminate\Routing\Router.php(748): Illuminate\Routing\Router->runRoute(Object(Illuminate\Http\Request), Object(Illuminate\Routing\Route))
#20 C:\Apache24\htdocs\backendSendra\vendor\laravel\framework\src\Illuminate\Routing\Router.php(737): Illuminate\Routing\Router->dispatchToRoute(Object(Illuminate\Http\Request))
#21 C:\Apache24\htdocs\backendSendra\vendor\laravel\framework\src\Illuminate\Foundation\Http\Kernel.php(200): Illuminate\Routing\Router->dispatch(Object(Illuminate\Http\Request))
#22 C:\Apache24\htdocs\backendSendra\vendor\laravel\framework\src\Illuminate\Pipeline\Pipeline.php(144): Illuminate\Foundation\Http\Kernel->{closure:Illuminate\Foundation\Http\Kernel::dispatchToRouter():197}(Object(Illuminate\Http\Request))
#23 C:\Apache24\htdocs\backendSendra\vendor\laravel\framework\src\Illuminate\Foundation\Http\Middleware\TransformsRequest.php(21): Illuminate\Pipeline\Pipeline->{closure:Illuminate\Pipeline\Pipeline::prepareDestination():142}(Object(Illuminate\Http\Request))
#24 C:\Apache24\htdocs\backendSendra\vendor\laravel\framework\src\Illuminate\Foundation\Http\Middleware\ConvertEmptyStringsToNull.php(31): Illuminate\Foundation\Http\Middleware\TransformsRequest->handle(Object(Illuminate\Http\Request), Object(Closure))
#25 C:\Apache24\htdocs\backendSendra\vendor\laravel\framework\src\Illuminate\Pipeline\Pipeline.php(183): Illuminate\Foundation\Http\Middleware\ConvertEmptyStringsToNull->handle(Object(Illuminate\Http\Request), Object(Closure))
#26 C:\Apache24\htdocs\backendSendra\vendor\laravel\framework\src\Illuminate\Foundation\Http\Middleware\TransformsRequest.php(21): Illuminate\Pipeline\Pipeline->{closure:{closure:Illuminate\Pipeline\Pipeline::carry():158}:159}(Object(Illuminate\Http\Request))
#27 C:\Apache24\htdocs\backendSendra\vendor\laravel\framework\src\Illuminate\Foundation\Http\Middleware\TrimStrings.php(40): Illuminate\Foundation\Http\Middleware\TransformsRequest->handle(Object(Illuminate\Http\Request), Object(Closure))
#28 C:\Apache24\htdocs\backendSendra\vendor\laravel\framework\src\Illuminate\Pipeline\Pipeline.php(183): Illuminate\Foundation\Http\Middleware\TrimStrings->handle(Object(Illuminate\Http\Request), Object(Closure))
#29 C:\Apache24\htdocs\backendSendra\vendor\laravel\framework\src\Illuminate\Foundation\Http\Middleware\ValidatePostSize.php(27): Illuminate\Pipeline\Pipeline->{closure:{closure:Illuminate\Pipeline\Pipeline::carry():158}:159}(Object(Illuminate\Http\Request))
#30 C:\Apache24\htdocs\backendSendra\vendor\laravel\framework\src\Illuminate\Pipeline\Pipeline.php(183): Illuminate\Foundation\Http\Middleware\ValidatePostSize->handle(Object(Illuminate\Http\Request), Object(Closure))
#31 C:\Apache24\htdocs\backendSendra\vendor\laravel\framework\src\Illuminate\Foundation\Http\Middleware\PreventRequestsDuringMaintenance.php(99): Illuminate\Pipeline\Pipeline->{closure:{closure:Illuminate\Pipeline\Pipeline::carry():158}:159}(Object(Illuminate\Http\Request))
#32 C:\Apache24\htdocs\backendSendra\vendor\laravel\framework\src\Illuminate\Pipeline\Pipeline.php(183): Illuminate\Foundation\Http\Middleware\PreventRequestsDuringMaintenance->handle(Object(Illuminate\Http\Request), Object(Closure))
#33 C:\Apache24\htdocs\backendSendra\vendor\laravel\framework\src\Illuminate\Http\Middleware\HandleCors.php(62): Illuminate\Pipeline\Pipeline->{closure:{closure:Illuminate\Pipeline\Pipeline::carry():158}:159}(Object(Illuminate\Http\Request))
#34 C:\Apache24\htdocs\backendSendra\vendor\laravel\framework\src\Illuminate\Pipeline\Pipeline.php(183): Illuminate\Http\Middleware\HandleCors->handle(Object(Illuminate\Http\Request), Object(Closure))
#35 C:\Apache24\htdocs\backendSendra\vendor\laravel\framework\src\Illuminate\Http\Middleware\TrustProxies.php(39): Illuminate\Pipeline\Pipeline->{closure:{closure:Illuminate\Pipeline\Pipeline::carry():158}:159}(Object(Illuminate\Http\Request))
#36 C:\Apache24\htdocs\backendSendra\vendor\laravel\framework\src\Illuminate\Pipeline\Pipeline.php(183): Illuminate\Http\Middleware\TrustProxies->handle(Object(Illuminate\Http\Request), Object(Closure))
#37 C:\Apache24\htdocs\backendSendra\vendor\laravel\framework\src\Illuminate\Pipeline\Pipeline.php(119): Illuminate\Pipeline\Pipeline->{closure:{closure:Illuminate\Pipeline\Pipeline::carry():158}:159}(Object(Illuminate\Http\Request))
#38 C:\Apache24\htdocs\backendSendra\vendor\laravel\framework\src\Illuminate\Foundation\Http\Kernel.php(175): Illuminate\Pipeline\Pipeline->then(Object(Closure))
#39 C:\Apache24\htdocs\backendSendra\vendor\laravel\framework\src\Illuminate\Foundation\Http\Kernel.php(144): Illuminate\Foundation\Http\Kernel->sendRequestThroughRouter(Object(Illuminate\Http\Request))
#40 C:\Apache24\htdocs\backendSendra\public\index.php(51): Illuminate\Foundation\Http\Kernel->handle(Object(Illuminate\Http\Request))
#41 {main}

[2025-01-16 21:21:33] Illuminate\Http\Client\PendingRequest::withBasicAuth(): Argument #1 ($username) must be of type string, null given, called in C:\Apache24\htdocs\backendSendra\app\Services\OrangeSmsService.php on line 54 in C:\Apache24\htdocs\backendSendra\vendor\laravel\framework\src\Illuminate\Http\Client\PendingRequest.php on line 447
#0 C:\Apache24\htdocs\backendSendra\app\Services\OrangeSmsService.php(54): Illuminate\Http\Client\PendingRequest->withBasicAuth(NULL, NULL)
#1 C:\Apache24\htdocs\backendSendra\app\Http\Controllers\SMSController.php(25): App\Services\OrangeSmsService->sendSms('VERIFICATION', 'SENDRA', '221774208140', 'This is a test ...')
#2 C:\Apache24\htdocs\backendSendra\vendor\laravel\framework\src\Illuminate\Routing\Controller.php(54): App\Http\Controllers\SMSController->sendSms(Object(Illuminate\Http\Request))
#3 C:\Apache24\htdocs\backendSendra\vendor\laravel\framework\src\Illuminate\Routing\ControllerDispatcher.php(43): Illuminate\Routing\Controller->callAction('sendSms', Array)
#4 C:\Apache24\htdocs\backendSendra\vendor\laravel\framework\src\Illuminate\Routing\Route.php(259): Illuminate\Routing\ControllerDispatcher->dispatch(Object(Illuminate\Routing\Route), Object(App\Http\Controllers\SMSController), 'sendSms')
#5 C:\Apache24\htdocs\backendSendra\vendor\laravel\framework\src\Illuminate\Routing\Route.php(205): Illuminate\Routing\Route->runController()
#6 C:\Apache24\htdocs\backendSendra\vendor\laravel\framework\src\Illuminate\Routing\Router.php(806): Illuminate\Routing\Route->run()
#7 C:\Apache24\htdocs\backendSendra\vendor\laravel\framework\src\Illuminate\Pipeline\Pipeline.php(144): Illuminate\Routing\Router->{closure:Illuminate\Routing\Router::runRouteWithinStack():805}(Object(Illuminate\Http\Request))
#8 C:\Apache24\htdocs\backendSendra\vendor\laravel\framework\src\Illuminate\Routing\Middleware\SubstituteBindings.php(50): Illuminate\Pipeline\Pipeline->{closure:Illuminate\Pipeline\Pipeline::prepareDestination():142}(Object(Illuminate\Http\Request))
#9 C:\Apache24\htdocs\backendSendra\vendor\laravel\framework\src\Illuminate\Pipeline\Pipeline.php(183): Illuminate\Routing\Middleware\SubstituteBindings->handle(Object(Illuminate\Http\Request), Object(Closure))
#10 C:\Apache24\htdocs\backendSendra\vendor\laravel\framework\src\Illuminate\Routing\Middleware\ThrottleRequests.php(159): Illuminate\Pipeline\Pipeline->{closure:{closure:Illuminate\Pipeline\Pipeline::carry():158}:159}(Object(Illuminate\Http\Request))
#11 C:\Apache24\htdocs\backendSendra\vendor\laravel\framework\src\Illuminate\Routing\Middleware\ThrottleRequests.php(125): Illuminate\Routing\Middleware\ThrottleRequests->handleRequest(Object(Illuminate\Http\Request), Object(Closure), Array)
#12 C:\Apache24\htdocs\backendSendra\vendor\laravel\framework\src\Illuminate\Routing\Middleware\ThrottleRequests.php(87): Illuminate\Routing\Middleware\ThrottleRequests->handleRequestUsingNamedLimiter(Object(Illuminate\Http\Request), Object(Closure), 'api', Object(Closure))
#13 C:\Apache24\htdocs\backendSendra\vendor\laravel\framework\src\Illuminate\Pipeline\Pipeline.php(183): Illuminate\Routing\Middleware\ThrottleRequests->handle(Object(Illuminate\Http\Request), Object(Closure), 'api')
#14 C:\Apache24\htdocs\backendSendra\vendor\laravel\framework\src\Illuminate\Auth\Middleware\Authenticate.php(57): Illuminate\Pipeline\Pipeline->{closure:{closure:Illuminate\Pipeline\Pipeline::carry():158}:159}(Object(Illuminate\Http\Request))
#15 C:\Apache24\htdocs\backendSendra\vendor\laravel\framework\src\Illuminate\Pipeline\Pipeline.php(183): Illuminate\Auth\Middleware\Authenticate->handle(Object(Illuminate\Http\Request), Object(Closure), 'api')
#16 C:\Apache24\htdocs\backendSendra\vendor\laravel\framework\src\Illuminate\Pipeline\Pipeline.php(119): Illuminate\Pipeline\Pipeline->{closure:{closure:Illuminate\Pipeline\Pipeline::carry():158}:159}(Object(Illuminate\Http\Request))
#17 C:\Apache24\htdocs\backendSendra\vendor\laravel\framework\src\Illuminate\Routing\Router.php(805): Illuminate\Pipeline\Pipeline->then(Object(Closure))
#18 C:\Apache24\htdocs\backendSendra\vendor\laravel\framework\src\Illuminate\Routing\Router.php(784): Illuminate\Routing\Router->runRouteWithinStack(Object(Illuminate\Routing\Route), Object(Illuminate\Http\Request))
#19 C:\Apache24\htdocs\backendSendra\vendor\laravel\framework\src\Illuminate\Routing\Router.php(748): Illuminate\Routing\Router->runRoute(Object(Illuminate\Http\Request), Object(Illuminate\Routing\Route))
#20 C:\Apache24\htdocs\backendSendra\vendor\laravel\framework\src\Illuminate\Routing\Router.php(737): Illuminate\Routing\Router->dispatchToRoute(Object(Illuminate\Http\Request))
#21 C:\Apache24\htdocs\backendSendra\vendor\laravel\framework\src\Illuminate\Foundation\Http\Kernel.php(200): Illuminate\Routing\Router->dispatch(Object(Illuminate\Http\Request))
#22 C:\Apache24\htdocs\backendSendra\vendor\laravel\framework\src\Illuminate\Pipeline\Pipeline.php(144): Illuminate\Foundation\Http\Kernel->{closure:Illuminate\Foundation\Http\Kernel::dispatchToRouter():197}(Object(Illuminate\Http\Request))
#23 C:\Apache24\htdocs\backendSendra\vendor\laravel\framework\src\Illuminate\Foundation\Http\Middleware\TransformsRequest.php(21): Illuminate\Pipeline\Pipeline->{closure:Illuminate\Pipeline\Pipeline::prepareDestination():142}(Object(Illuminate\Http\Request))
#24 C:\Apache24\htdocs\backendSendra\vendor\laravel\framework\src\Illuminate\Foundation\Http\Middleware\ConvertEmptyStringsToNull.php(31): Illuminate\Foundation\Http\Middleware\TransformsRequest->handle(Object(Illuminate\Http\Request), Object(Closure))
#25 C:\Apache24\htdocs\backendSendra\vendor\laravel\framework\src\Illuminate\Pipeline\Pipeline.php(183): Illuminate\Foundation\Http\Middleware\ConvertEmptyStringsToNull->handle(Object(Illuminate\Http\Request), Object(Closure))
#26 C:\Apache24\htdocs\backendSendra\vendor\laravel\framework\src\Illuminate\Foundation\Http\Middleware\TransformsRequest.php(21): Illuminate\Pipeline\Pipeline->{closure:{closure:Illuminate\Pipeline\Pipeline::carry():158}:159}(Object(Illuminate\Http\Request))
#27 C:\Apache24\htdocs\backendSendra\vendor\laravel\framework\src\Illuminate\Foundation\Http\Middleware\TrimStrings.php(40): Illuminate\Foundation\Http\Middleware\TransformsRequest->handle(Object(Illuminate\Http\Request), Object(Closure))
#28 C:\Apache24\htdocs\backendSendra\vendor\laravel\framework\src\Illuminate\Pipeline\Pipeline.php(183): Illuminate\Foundation\Http\Middleware\TrimStrings->handle(Object(Illuminate\Http\Request), Object(Closure))
#29 C:\Apache24\htdocs\backendSendra\vendor\laravel\framework\src\Illuminate\Foundation\Http\Middleware\ValidatePostSize.php(27): Illuminate\Pipeline\Pipeline->{closure:{closure:Illuminate\Pipeline\Pipeline::carry():158}:159}(Object(Illuminate\Http\Request))
#30 C:\Apache24\htdocs\backendSendra\vendor\laravel\framework\src\Illuminate\Pipeline\Pipeline.php(183): Illuminate\Foundation\Http\Middleware\ValidatePostSize->handle(Object(Illuminate\Http\Request), Object(Closure))
#31 C:\Apache24\htdocs\backendSendra\vendor\laravel\framework\src\Illuminate\Foundation\Http\Middleware\PreventRequestsDuringMaintenance.php(99): Illuminate\Pipeline\Pipeline->{closure:{closure:Illuminate\Pipeline\Pipeline::carry():158}:159}(Object(Illuminate\Http\Request))
#32 C:\Apache24\htdocs\backendSendra\vendor\laravel\framework\src\Illuminate\Pipeline\Pipeline.php(183): Illuminate\Foundation\Http\Middleware\PreventRequestsDuringMaintenance->handle(Object(Illuminate\Http\Request), Object(Closure))
#33 C:\Apache24\htdocs\backendSendra\vendor\laravel\framework\src\Illuminate\Http\Middleware\HandleCors.php(62): Illuminate\Pipeline\Pipeline->{closure:{closure:Illuminate\Pipeline\Pipeline::carry():158}:159}(Object(Illuminate\Http\Request))
#34 C:\Apache24\htdocs\backendSendra\vendor\laravel\framework\src\Illuminate\Pipeline\Pipeline.php(183): Illuminate\Http\Middleware\HandleCors->handle(Object(Illuminate\Http\Request), Object(Closure))
#35 C:\Apache24\htdocs\backendSendra\vendor\laravel\framework\src\Illuminate\Http\Middleware\TrustProxies.php(39): Illuminate\Pipeline\Pipeline->{closure:{closure:Illuminate\Pipeline\Pipeline::carry():158}:159}(Object(Illuminate\Http\Request))
#36 C:\Apache24\htdocs\backendSendra\vendor\laravel\framework\src\Illuminate\Pipeline\Pipeline.php(183): Illuminate\Http\Middleware\TrustProxies->handle(Object(Illuminate\Http\Request), Object(Closure))
#37 C:\Apache24\htdocs\backendSendra\vendor\laravel\framework\src\Illuminate\Pipeline\Pipeline.php(119): Illuminate\Pipeline\Pipeline->{closure:{closure:Illuminate\Pipeline\Pipeline::carry():158}:159}(Object(Illuminate\Http\Request))
#38 C:\Apache24\htdocs\backendSendra\vendor\laravel\framework\src\Illuminate\Foundation\Http\Kernel.php(175): Illuminate\Pipeline\Pipeline->then(Object(Closure))
#39 C:\Apache24\htdocs\backendSendra\vendor\laravel\framework\src\Illuminate\Foundation\Http\Kernel.php(144): Illuminate\Foundation\Http\Kernel->sendRequestThroughRouter(Object(Illuminate\Http\Request))
#40 C:\Apache24\htdocs\backendSendra\public\index.php(51): Illuminate\Foundation\Http\Kernel->handle(Object(Illuminate\Http\Request))
#41 {main}

[2025-01-16 21:22:25] Illuminate\Http\Client\PendingRequest::withBasicAuth(): Argument #1 ($username) must be of type string, null given, called in C:\Apache24\htdocs\backendSendra\app\Services\OrangeSmsService.php on line 54 in C:\Apache24\htdocs\backendSendra\vendor\laravel\framework\src\Illuminate\Http\Client\PendingRequest.php on line 447
#0 C:\Apache24\htdocs\backendSendra\app\Services\OrangeSmsService.php(54): Illuminate\Http\Client\PendingRequest->withBasicAuth(NULL, NULL)
#1 C:\Apache24\htdocs\backendSendra\app\Http\Controllers\SMSController.php(25): App\Services\OrangeSmsService->sendSms('VERIFICATION', 'SENDRA', '221774208140', 'This is a test ...')
#2 C:\Apache24\htdocs\backendSendra\vendor\laravel\framework\src\Illuminate\Routing\Controller.php(54): App\Http\Controllers\SMSController->sendSms(Object(Illuminate\Http\Request))
#3 C:\Apache24\htdocs\backendSendra\vendor\laravel\framework\src\Illuminate\Routing\ControllerDispatcher.php(43): Illuminate\Routing\Controller->callAction('sendSms', Array)
#4 C:\Apache24\htdocs\backendSendra\vendor\laravel\framework\src\Illuminate\Routing\Route.php(259): Illuminate\Routing\ControllerDispatcher->dispatch(Object(Illuminate\Routing\Route), Object(App\Http\Controllers\SMSController), 'sendSms')
#5 C:\Apache24\htdocs\backendSendra\vendor\laravel\framework\src\Illuminate\Routing\Route.php(205): Illuminate\Routing\Route->runController()
#6 C:\Apache24\htdocs\backendSendra\vendor\laravel\framework\src\Illuminate\Routing\Router.php(806): Illuminate\Routing\Route->run()
#7 C:\Apache24\htdocs\backendSendra\vendor\laravel\framework\src\Illuminate\Pipeline\Pipeline.php(144): Illuminate\Routing\Router->{closure:Illuminate\Routing\Router::runRouteWithinStack():805}(Object(Illuminate\Http\Request))
#8 C:\Apache24\htdocs\backendSendra\vendor\laravel\framework\src\Illuminate\Routing\Middleware\SubstituteBindings.php(50): Illuminate\Pipeline\Pipeline->{closure:Illuminate\Pipeline\Pipeline::prepareDestination():142}(Object(Illuminate\Http\Request))
#9 C:\Apache24\htdocs\backendSendra\vendor\laravel\framework\src\Illuminate\Pipeline\Pipeline.php(183): Illuminate\Routing\Middleware\SubstituteBindings->handle(Object(Illuminate\Http\Request), Object(Closure))
#10 C:\Apache24\htdocs\backendSendra\vendor\laravel\framework\src\Illuminate\Routing\Middleware\ThrottleRequests.php(159): Illuminate\Pipeline\Pipeline->{closure:{closure:Illuminate\Pipeline\Pipeline::carry():158}:159}(Object(Illuminate\Http\Request))
#11 C:\Apache24\htdocs\backendSendra\vendor\laravel\framework\src\Illuminate\Routing\Middleware\ThrottleRequests.php(125): Illuminate\Routing\Middleware\ThrottleRequests->handleRequest(Object(Illuminate\Http\Request), Object(Closure), Array)
#12 C:\Apache24\htdocs\backendSendra\vendor\laravel\framework\src\Illuminate\Routing\Middleware\ThrottleRequests.php(87): Illuminate\Routing\Middleware\ThrottleRequests->handleRequestUsingNamedLimiter(Object(Illuminate\Http\Request), Object(Closure), 'api', Object(Closure))
#13 C:\Apache24\htdocs\backendSendra\vendor\laravel\framework\src\Illuminate\Pipeline\Pipeline.php(183): Illuminate\Routing\Middleware\ThrottleRequests->handle(Object(Illuminate\Http\Request), Object(Closure), 'api')
#14 C:\Apache24\htdocs\backendSendra\vendor\laravel\framework\src\Illuminate\Auth\Middleware\Authenticate.php(57): Illuminate\Pipeline\Pipeline->{closure:{closure:Illuminate\Pipeline\Pipeline::carry():158}:159}(Object(Illuminate\Http\Request))
#15 C:\Apache24\htdocs\backendSendra\vendor\laravel\framework\src\Illuminate\Pipeline\Pipeline.php(183): Illuminate\Auth\Middleware\Authenticate->handle(Object(Illuminate\Http\Request), Object(Closure), 'api')
#16 C:\Apache24\htdocs\backendSendra\vendor\laravel\framework\src\Illuminate\Pipeline\Pipeline.php(119): Illuminate\Pipeline\Pipeline->{closure:{closure:Illuminate\Pipeline\Pipeline::carry():158}:159}(Object(Illuminate\Http\Request))
#17 C:\Apache24\htdocs\backendSendra\vendor\laravel\framework\src\Illuminate\Routing\Router.php(805): Illuminate\Pipeline\Pipeline->then(Object(Closure))
#18 C:\Apache24\htdocs\backendSendra\vendor\laravel\framework\src\Illuminate\Routing\Router.php(784): Illuminate\Routing\Router->runRouteWithinStack(Object(Illuminate\Routing\Route), Object(Illuminate\Http\Request))
#19 C:\Apache24\htdocs\backendSendra\vendor\laravel\framework\src\Illuminate\Routing\Router.php(748): Illuminate\Routing\Router->runRoute(Object(Illuminate\Http\Request), Object(Illuminate\Routing\Route))
#20 C:\Apache24\htdocs\backendSendra\vendor\laravel\framework\src\Illuminate\Routing\Router.php(737): Illuminate\Routing\Router->dispatchToRoute(Object(Illuminate\Http\Request))
#21 C:\Apache24\htdocs\backendSendra\vendor\laravel\framework\src\Illuminate\Foundation\Http\Kernel.php(200): Illuminate\Routing\Router->dispatch(Object(Illuminate\Http\Request))
#22 C:\Apache24\htdocs\backendSendra\vendor\laravel\framework\src\Illuminate\Pipeline\Pipeline.php(144): Illuminate\Foundation\Http\Kernel->{closure:Illuminate\Foundation\Http\Kernel::dispatchToRouter():197}(Object(Illuminate\Http\Request))
#23 C:\Apache24\htdocs\backendSendra\vendor\laravel\framework\src\Illuminate\Foundation\Http\Middleware\TransformsRequest.php(21): Illuminate\Pipeline\Pipeline->{closure:Illuminate\Pipeline\Pipeline::prepareDestination():142}(Object(Illuminate\Http\Request))
#24 C:\Apache24\htdocs\backendSendra\vendor\laravel\framework\src\Illuminate\Foundation\Http\Middleware\ConvertEmptyStringsToNull.php(31): Illuminate\Foundation\Http\Middleware\TransformsRequest->handle(Object(Illuminate\Http\Request), Object(Closure))
#25 C:\Apache24\htdocs\backendSendra\vendor\laravel\framework\src\Illuminate\Pipeline\Pipeline.php(183): Illuminate\Foundation\Http\Middleware\ConvertEmptyStringsToNull->handle(Object(Illuminate\Http\Request), Object(Closure))
#26 C:\Apache24\htdocs\backendSendra\vendor\laravel\framework\src\Illuminate\Foundation\Http\Middleware\TransformsRequest.php(21): Illuminate\Pipeline\Pipeline->{closure:{closure:Illuminate\Pipeline\Pipeline::carry():158}:159}(Object(Illuminate\Http\Request))
#27 C:\Apache24\htdocs\backendSendra\vendor\laravel\framework\src\Illuminate\Foundation\Http\Middleware\TrimStrings.php(40): Illuminate\Foundation\Http\Middleware\TransformsRequest->handle(Object(Illuminate\Http\Request), Object(Closure))
#28 C:\Apache24\htdocs\backendSendra\vendor\laravel\framework\src\Illuminate\Pipeline\Pipeline.php(183): Illuminate\Foundation\Http\Middleware\TrimStrings->handle(Object(Illuminate\Http\Request), Object(Closure))
#29 C:\Apache24\htdocs\backendSendra\vendor\laravel\framework\src\Illuminate\Foundation\Http\Middleware\ValidatePostSize.php(27): Illuminate\Pipeline\Pipeline->{closure:{closure:Illuminate\Pipeline\Pipeline::carry():158}:159}(Object(Illuminate\Http\Request))
#30 C:\Apache24\htdocs\backendSendra\vendor\laravel\framework\src\Illuminate\Pipeline\Pipeline.php(183): Illuminate\Foundation\Http\Middleware\ValidatePostSize->handle(Object(Illuminate\Http\Request), Object(Closure))
#31 C:\Apache24\htdocs\backendSendra\vendor\laravel\framework\src\Illuminate\Foundation\Http\Middleware\PreventRequestsDuringMaintenance.php(99): Illuminate\Pipeline\Pipeline->{closure:{closure:Illuminate\Pipeline\Pipeline::carry():158}:159}(Object(Illuminate\Http\Request))
#32 C:\Apache24\htdocs\backendSendra\vendor\laravel\framework\src\Illuminate\Pipeline\Pipeline.php(183): Illuminate\Foundation\Http\Middleware\PreventRequestsDuringMaintenance->handle(Object(Illuminate\Http\Request), Object(Closure))
#33 C:\Apache24\htdocs\backendSendra\vendor\laravel\framework\src\Illuminate\Http\Middleware\HandleCors.php(62): Illuminate\Pipeline\Pipeline->{closure:{closure:Illuminate\Pipeline\Pipeline::carry():158}:159}(Object(Illuminate\Http\Request))
#34 C:\Apache24\htdocs\backendSendra\vendor\laravel\framework\src\Illuminate\Pipeline\Pipeline.php(183): Illuminate\Http\Middleware\HandleCors->handle(Object(Illuminate\Http\Request), Object(Closure))
#35 C:\Apache24\htdocs\backendSendra\vendor\laravel\framework\src\Illuminate\Http\Middleware\TrustProxies.php(39): Illuminate\Pipeline\Pipeline->{closure:{closure:Illuminate\Pipeline\Pipeline::carry():158}:159}(Object(Illuminate\Http\Request))
#36 C:\Apache24\htdocs\backendSendra\vendor\laravel\framework\src\Illuminate\Pipeline\Pipeline.php(183): Illuminate\Http\Middleware\TrustProxies->handle(Object(Illuminate\Http\Request), Object(Closure))
#37 C:\Apache24\htdocs\backendSendra\vendor\laravel\framework\src\Illuminate\Pipeline\Pipeline.php(119): Illuminate\Pipeline\Pipeline->{closure:{closure:Illuminate\Pipeline\Pipeline::carry():158}:159}(Object(Illuminate\Http\Request))
#38 C:\Apache24\htdocs\backendSendra\vendor\laravel\framework\src\Illuminate\Foundation\Http\Kernel.php(175): Illuminate\Pipeline\Pipeline->then(Object(Closure))
#39 C:\Apache24\htdocs\backendSendra\vendor\laravel\framework\src\Illuminate\Foundation\Http\Kernel.php(144): Illuminate\Foundation\Http\Kernel->sendRequestThroughRouter(Object(Illuminate\Http\Request))
#40 C:\Apache24\htdocs\backendSendra\public\index.php(51): Illuminate\Foundation\Http\Kernel->handle(Object(Illuminate\Http\Request))
#41 {main}

[2025-01-16 21:23:52] Illuminate\Http\Client\PendingRequest::withBasicAuth(): Argument #1 ($username) must be of type string, null given, called in C:\Apache24\htdocs\backendSendra\app\Services\OrangeSmsService.php on line 54 in C:\Apache24\htdocs\backendSendra\vendor\laravel\framework\src\Illuminate\Http\Client\PendingRequest.php on line 447
#0 C:\Apache24\htdocs\backendSendra\app\Services\OrangeSmsService.php(54): Illuminate\Http\Client\PendingRequest->withBasicAuth(NULL, NULL)
#1 C:\Apache24\htdocs\backendSendra\app\Http\Controllers\SMSController.php(25): App\Services\OrangeSmsService->sendSms('VERIFICATION', 'SENDRA', '774208140', 'This is a test ...')
#2 C:\Apache24\htdocs\backendSendra\vendor\laravel\framework\src\Illuminate\Routing\Controller.php(54): App\Http\Controllers\SMSController->sendSms(Object(Illuminate\Http\Request))
#3 C:\Apache24\htdocs\backendSendra\vendor\laravel\framework\src\Illuminate\Routing\ControllerDispatcher.php(43): Illuminate\Routing\Controller->callAction('sendSms', Array)
#4 C:\Apache24\htdocs\backendSendra\vendor\laravel\framework\src\Illuminate\Routing\Route.php(259): Illuminate\Routing\ControllerDispatcher->dispatch(Object(Illuminate\Routing\Route), Object(App\Http\Controllers\SMSController), 'sendSms')
#5 C:\Apache24\htdocs\backendSendra\vendor\laravel\framework\src\Illuminate\Routing\Route.php(205): Illuminate\Routing\Route->runController()
#6 C:\Apache24\htdocs\backendSendra\vendor\laravel\framework\src\Illuminate\Routing\Router.php(806): Illuminate\Routing\Route->run()
#7 C:\Apache24\htdocs\backendSendra\vendor\laravel\framework\src\Illuminate\Pipeline\Pipeline.php(144): Illuminate\Routing\Router->{closure:Illuminate\Routing\Router::runRouteWithinStack():805}(Object(Illuminate\Http\Request))
#8 C:\Apache24\htdocs\backendSendra\vendor\laravel\framework\src\Illuminate\Routing\Middleware\SubstituteBindings.php(50): Illuminate\Pipeline\Pipeline->{closure:Illuminate\Pipeline\Pipeline::prepareDestination():142}(Object(Illuminate\Http\Request))
#9 C:\Apache24\htdocs\backendSendra\vendor\laravel\framework\src\Illuminate\Pipeline\Pipeline.php(183): Illuminate\Routing\Middleware\SubstituteBindings->handle(Object(Illuminate\Http\Request), Object(Closure))
#10 C:\Apache24\htdocs\backendSendra\vendor\laravel\framework\src\Illuminate\Routing\Middleware\ThrottleRequests.php(159): Illuminate\Pipeline\Pipeline->{closure:{closure:Illuminate\Pipeline\Pipeline::carry():158}:159}(Object(Illuminate\Http\Request))
#11 C:\Apache24\htdocs\backendSendra\vendor\laravel\framework\src\Illuminate\Routing\Middleware\ThrottleRequests.php(125): Illuminate\Routing\Middleware\ThrottleRequests->handleRequest(Object(Illuminate\Http\Request), Object(Closure), Array)
#12 C:\Apache24\htdocs\backendSendra\vendor\laravel\framework\src\Illuminate\Routing\Middleware\ThrottleRequests.php(87): Illuminate\Routing\Middleware\ThrottleRequests->handleRequestUsingNamedLimiter(Object(Illuminate\Http\Request), Object(Closure), 'api', Object(Closure))
#13 C:\Apache24\htdocs\backendSendra\vendor\laravel\framework\src\Illuminate\Pipeline\Pipeline.php(183): Illuminate\Routing\Middleware\ThrottleRequests->handle(Object(Illuminate\Http\Request), Object(Closure), 'api')
#14 C:\Apache24\htdocs\backendSendra\vendor\laravel\framework\src\Illuminate\Auth\Middleware\Authenticate.php(57): Illuminate\Pipeline\Pipeline->{closure:{closure:Illuminate\Pipeline\Pipeline::carry():158}:159}(Object(Illuminate\Http\Request))
#15 C:\Apache24\htdocs\backendSendra\vendor\laravel\framework\src\Illuminate\Pipeline\Pipeline.php(183): Illuminate\Auth\Middleware\Authenticate->handle(Object(Illuminate\Http\Request), Object(Closure), 'api')
#16 C:\Apache24\htdocs\backendSendra\vendor\laravel\framework\src\Illuminate\Pipeline\Pipeline.php(119): Illuminate\Pipeline\Pipeline->{closure:{closure:Illuminate\Pipeline\Pipeline::carry():158}:159}(Object(Illuminate\Http\Request))
#17 C:\Apache24\htdocs\backendSendra\vendor\laravel\framework\src\Illuminate\Routing\Router.php(805): Illuminate\Pipeline\Pipeline->then(Object(Closure))
#18 C:\Apache24\htdocs\backendSendra\vendor\laravel\framework\src\Illuminate\Routing\Router.php(784): Illuminate\Routing\Router->runRouteWithinStack(Object(Illuminate\Routing\Route), Object(Illuminate\Http\Request))
#19 C:\Apache24\htdocs\backendSendra\vendor\laravel\framework\src\Illuminate\Routing\Router.php(748): Illuminate\Routing\Router->runRoute(Object(Illuminate\Http\Request), Object(Illuminate\Routing\Route))
#20 C:\Apache24\htdocs\backendSendra\vendor\laravel\framework\src\Illuminate\Routing\Router.php(737): Illuminate\Routing\Router->dispatchToRoute(Object(Illuminate\Http\Request))
#21 C:\Apache24\htdocs\backendSendra\vendor\laravel\framework\src\Illuminate\Foundation\Http\Kernel.php(200): Illuminate\Routing\Router->dispatch(Object(Illuminate\Http\Request))
#22 C:\Apache24\htdocs\backendSendra\vendor\laravel\framework\src\Illuminate\Pipeline\Pipeline.php(144): Illuminate\Foundation\Http\Kernel->{closure:Illuminate\Foundation\Http\Kernel::dispatchToRouter():197}(Object(Illuminate\Http\Request))
#23 C:\Apache24\htdocs\backendSendra\vendor\laravel\framework\src\Illuminate\Foundation\Http\Middleware\TransformsRequest.php(21): Illuminate\Pipeline\Pipeline->{closure:Illuminate\Pipeline\Pipeline::prepareDestination():142}(Object(Illuminate\Http\Request))
#24 C:\Apache24\htdocs\backendSendra\vendor\laravel\framework\src\Illuminate\Foundation\Http\Middleware\ConvertEmptyStringsToNull.php(31): Illuminate\Foundation\Http\Middleware\TransformsRequest->handle(Object(Illuminate\Http\Request), Object(Closure))
#25 C:\Apache24\htdocs\backendSendra\vendor\laravel\framework\src\Illuminate\Pipeline\Pipeline.php(183): Illuminate\Foundation\Http\Middleware\ConvertEmptyStringsToNull->handle(Object(Illuminate\Http\Request), Object(Closure))
#26 C:\Apache24\htdocs\backendSendra\vendor\laravel\framework\src\Illuminate\Foundation\Http\Middleware\TransformsRequest.php(21): Illuminate\Pipeline\Pipeline->{closure:{closure:Illuminate\Pipeline\Pipeline::carry():158}:159}(Object(Illuminate\Http\Request))
#27 C:\Apache24\htdocs\backendSendra\vendor\laravel\framework\src\Illuminate\Foundation\Http\Middleware\TrimStrings.php(40): Illuminate\Foundation\Http\Middleware\TransformsRequest->handle(Object(Illuminate\Http\Request), Object(Closure))
#28 C:\Apache24\htdocs\backendSendra\vendor\laravel\framework\src\Illuminate\Pipeline\Pipeline.php(183): Illuminate\Foundation\Http\Middleware\TrimStrings->handle(Object(Illuminate\Http\Request), Object(Closure))
#29 C:\Apache24\htdocs\backendSendra\vendor\laravel\framework\src\Illuminate\Foundation\Http\Middleware\ValidatePostSize.php(27): Illuminate\Pipeline\Pipeline->{closure:{closure:Illuminate\Pipeline\Pipeline::carry():158}:159}(Object(Illuminate\Http\Request))
#30 C:\Apache24\htdocs\backendSendra\vendor\laravel\framework\src\Illuminate\Pipeline\Pipeline.php(183): Illuminate\Foundation\Http\Middleware\ValidatePostSize->handle(Object(Illuminate\Http\Request), Object(Closure))
#31 C:\Apache24\htdocs\backendSendra\vendor\laravel\framework\src\Illuminate\Foundation\Http\Middleware\PreventRequestsDuringMaintenance.php(99): Illuminate\Pipeline\Pipeline->{closure:{closure:Illuminate\Pipeline\Pipeline::carry():158}:159}(Object(Illuminate\Http\Request))
#32 C:\Apache24\htdocs\backendSendra\vendor\laravel\framework\src\Illuminate\Pipeline\Pipeline.php(183): Illuminate\Foundation\Http\Middleware\PreventRequestsDuringMaintenance->handle(Object(Illuminate\Http\Request), Object(Closure))
#33 C:\Apache24\htdocs\backendSendra\vendor\laravel\framework\src\Illuminate\Http\Middleware\HandleCors.php(62): Illuminate\Pipeline\Pipeline->{closure:{closure:Illuminate\Pipeline\Pipeline::carry():158}:159}(Object(Illuminate\Http\Request))
#34 C:\Apache24\htdocs\backendSendra\vendor\laravel\framework\src\Illuminate\Pipeline\Pipeline.php(183): Illuminate\Http\Middleware\HandleCors->handle(Object(Illuminate\Http\Request), Object(Closure))
#35 C:\Apache24\htdocs\backendSendra\vendor\laravel\framework\src\Illuminate\Http\Middleware\TrustProxies.php(39): Illuminate\Pipeline\Pipeline->{closure:{closure:Illuminate\Pipeline\Pipeline::carry():158}:159}(Object(Illuminate\Http\Request))
#36 C:\Apache24\htdocs\backendSendra\vendor\laravel\framework\src\Illuminate\Pipeline\Pipeline.php(183): Illuminate\Http\Middleware\TrustProxies->handle(Object(Illuminate\Http\Request), Object(Closure))
#37 C:\Apache24\htdocs\backendSendra\vendor\laravel\framework\src\Illuminate\Pipeline\Pipeline.php(119): Illuminate\Pipeline\Pipeline->{closure:{closure:Illuminate\Pipeline\Pipeline::carry():158}:159}(Object(Illuminate\Http\Request))
#38 C:\Apache24\htdocs\backendSendra\vendor\laravel\framework\src\Illuminate\Foundation\Http\Kernel.php(175): Illuminate\Pipeline\Pipeline->then(Object(Closure))
#39 C:\Apache24\htdocs\backendSendra\vendor\laravel\framework\src\Illuminate\Foundation\Http\Kernel.php(144): Illuminate\Foundation\Http\Kernel->sendRequestThroughRouter(Object(Illuminate\Http\Request))
#40 C:\Apache24\htdocs\backendSendra\public\index.php(51): Illuminate\Foundation\Http\Kernel->handle(Object(Illuminate\Http\Request))
#41 {main}

[2025-01-16 21:26:42] Illuminate\Http\Client\PendingRequest::withBasicAuth(): Argument #1 ($username) must be of type string, null given, called in C:\Apache24\htdocs\backendSendra\app\Services\OrangeSmsService.php on line 54 in C:\Apache24\htdocs\backendSendra\vendor\laravel\framework\src\Illuminate\Http\Client\PendingRequest.php on line 447
#0 C:\Apache24\htdocs\backendSendra\app\Services\OrangeSmsService.php(54): Illuminate\Http\Client\PendingRequest->withBasicAuth(NULL, NULL)
#1 C:\Apache24\htdocs\backendSendra\app\Http\Controllers\SMSController.php(25): App\Services\OrangeSmsService->sendSms('VERIFICATION', 'SENDRA', '774208140', 'This is a test ...')
#2 C:\Apache24\htdocs\backendSendra\vendor\laravel\framework\src\Illuminate\Routing\Controller.php(54): App\Http\Controllers\SMSController->sendSms(Object(Illuminate\Http\Request))
#3 C:\Apache24\htdocs\backendSendra\vendor\laravel\framework\src\Illuminate\Routing\ControllerDispatcher.php(43): Illuminate\Routing\Controller->callAction('sendSms', Array)
#4 C:\Apache24\htdocs\backendSendra\vendor\laravel\framework\src\Illuminate\Routing\Route.php(259): Illuminate\Routing\ControllerDispatcher->dispatch(Object(Illuminate\Routing\Route), Object(App\Http\Controllers\SMSController), 'sendSms')
#5 C:\Apache24\htdocs\backendSendra\vendor\laravel\framework\src\Illuminate\Routing\Route.php(205): Illuminate\Routing\Route->runController()
#6 C:\Apache24\htdocs\backendSendra\vendor\laravel\framework\src\Illuminate\Routing\Router.php(806): Illuminate\Routing\Route->run()
#7 C:\Apache24\htdocs\backendSendra\vendor\laravel\framework\src\Illuminate\Pipeline\Pipeline.php(144): Illuminate\Routing\Router->{closure:Illuminate\Routing\Router::runRouteWithinStack():805}(Object(Illuminate\Http\Request))
#8 C:\Apache24\htdocs\backendSendra\vendor\laravel\framework\src\Illuminate\Routing\Middleware\SubstituteBindings.php(50): Illuminate\Pipeline\Pipeline->{closure:Illuminate\Pipeline\Pipeline::prepareDestination():142}(Object(Illuminate\Http\Request))
#9 C:\Apache24\htdocs\backendSendra\vendor\laravel\framework\src\Illuminate\Pipeline\Pipeline.php(183): Illuminate\Routing\Middleware\SubstituteBindings->handle(Object(Illuminate\Http\Request), Object(Closure))
#10 C:\Apache24\htdocs\backendSendra\vendor\laravel\framework\src\Illuminate\Routing\Middleware\ThrottleRequests.php(159): Illuminate\Pipeline\Pipeline->{closure:{closure:Illuminate\Pipeline\Pipeline::carry():158}:159}(Object(Illuminate\Http\Request))
#11 C:\Apache24\htdocs\backendSendra\vendor\laravel\framework\src\Illuminate\Routing\Middleware\ThrottleRequests.php(125): Illuminate\Routing\Middleware\ThrottleRequests->handleRequest(Object(Illuminate\Http\Request), Object(Closure), Array)
#12 C:\Apache24\htdocs\backendSendra\vendor\laravel\framework\src\Illuminate\Routing\Middleware\ThrottleRequests.php(87): Illuminate\Routing\Middleware\ThrottleRequests->handleRequestUsingNamedLimiter(Object(Illuminate\Http\Request), Object(Closure), 'api', Object(Closure))
#13 C:\Apache24\htdocs\backendSendra\vendor\laravel\framework\src\Illuminate\Pipeline\Pipeline.php(183): Illuminate\Routing\Middleware\ThrottleRequests->handle(Object(Illuminate\Http\Request), Object(Closure), 'api')
#14 C:\Apache24\htdocs\backendSendra\vendor\laravel\framework\src\Illuminate\Auth\Middleware\Authenticate.php(57): Illuminate\Pipeline\Pipeline->{closure:{closure:Illuminate\Pipeline\Pipeline::carry():158}:159}(Object(Illuminate\Http\Request))
#15 C:\Apache24\htdocs\backendSendra\vendor\laravel\framework\src\Illuminate\Pipeline\Pipeline.php(183): Illuminate\Auth\Middleware\Authenticate->handle(Object(Illuminate\Http\Request), Object(Closure), 'api')
#16 C:\Apache24\htdocs\backendSendra\vendor\laravel\framework\src\Illuminate\Pipeline\Pipeline.php(119): Illuminate\Pipeline\Pipeline->{closure:{closure:Illuminate\Pipeline\Pipeline::carry():158}:159}(Object(Illuminate\Http\Request))
#17 C:\Apache24\htdocs\backendSendra\vendor\laravel\framework\src\Illuminate\Routing\Router.php(805): Illuminate\Pipeline\Pipeline->then(Object(Closure))
#18 C:\Apache24\htdocs\backendSendra\vendor\laravel\framework\src\Illuminate\Routing\Router.php(784): Illuminate\Routing\Router->runRouteWithinStack(Object(Illuminate\Routing\Route), Object(Illuminate\Http\Request))
#19 C:\Apache24\htdocs\backendSendra\vendor\laravel\framework\src\Illuminate\Routing\Router.php(748): Illuminate\Routing\Router->runRoute(Object(Illuminate\Http\Request), Object(Illuminate\Routing\Route))
#20 C:\Apache24\htdocs\backendSendra\vendor\laravel\framework\src\Illuminate\Routing\Router.php(737): Illuminate\Routing\Router->dispatchToRoute(Object(Illuminate\Http\Request))
#21 C:\Apache24\htdocs\backendSendra\vendor\laravel\framework\src\Illuminate\Foundation\Http\Kernel.php(200): Illuminate\Routing\Router->dispatch(Object(Illuminate\Http\Request))
#22 C:\Apache24\htdocs\backendSendra\vendor\laravel\framework\src\Illuminate\Pipeline\Pipeline.php(144): Illuminate\Foundation\Http\Kernel->{closure:Illuminate\Foundation\Http\Kernel::dispatchToRouter():197}(Object(Illuminate\Http\Request))
#23 C:\Apache24\htdocs\backendSendra\vendor\laravel\framework\src\Illuminate\Foundation\Http\Middleware\TransformsRequest.php(21): Illuminate\Pipeline\Pipeline->{closure:Illuminate\Pipeline\Pipeline::prepareDestination():142}(Object(Illuminate\Http\Request))
#24 C:\Apache24\htdocs\backendSendra\vendor\laravel\framework\src\Illuminate\Foundation\Http\Middleware\ConvertEmptyStringsToNull.php(31): Illuminate\Foundation\Http\Middleware\TransformsRequest->handle(Object(Illuminate\Http\Request), Object(Closure))
#25 C:\Apache24\htdocs\backendSendra\vendor\laravel\framework\src\Illuminate\Pipeline\Pipeline.php(183): Illuminate\Foundation\Http\Middleware\ConvertEmptyStringsToNull->handle(Object(Illuminate\Http\Request), Object(Closure))
#26 C:\Apache24\htdocs\backendSendra\vendor\laravel\framework\src\Illuminate\Foundation\Http\Middleware\TransformsRequest.php(21): Illuminate\Pipeline\Pipeline->{closure:{closure:Illuminate\Pipeline\Pipeline::carry():158}:159}(Object(Illuminate\Http\Request))
#27 C:\Apache24\htdocs\backendSendra\vendor\laravel\framework\src\Illuminate\Foundation\Http\Middleware\TrimStrings.php(40): Illuminate\Foundation\Http\Middleware\TransformsRequest->handle(Object(Illuminate\Http\Request), Object(Closure))
#28 C:\Apache24\htdocs\backendSendra\vendor\laravel\framework\src\Illuminate\Pipeline\Pipeline.php(183): Illuminate\Foundation\Http\Middleware\TrimStrings->handle(Object(Illuminate\Http\Request), Object(Closure))
#29 C:\Apache24\htdocs\backendSendra\vendor\laravel\framework\src\Illuminate\Foundation\Http\Middleware\ValidatePostSize.php(27): Illuminate\Pipeline\Pipeline->{closure:{closure:Illuminate\Pipeline\Pipeline::carry():158}:159}(Object(Illuminate\Http\Request))
#30 C:\Apache24\htdocs\backendSendra\vendor\laravel\framework\src\Illuminate\Pipeline\Pipeline.php(183): Illuminate\Foundation\Http\Middleware\ValidatePostSize->handle(Object(Illuminate\Http\Request), Object(Closure))
#31 C:\Apache24\htdocs\backendSendra\vendor\laravel\framework\src\Illuminate\Foundation\Http\Middleware\PreventRequestsDuringMaintenance.php(99): Illuminate\Pipeline\Pipeline->{closure:{closure:Illuminate\Pipeline\Pipeline::carry():158}:159}(Object(Illuminate\Http\Request))
#32 C:\Apache24\htdocs\backendSendra\vendor\laravel\framework\src\Illuminate\Pipeline\Pipeline.php(183): Illuminate\Foundation\Http\Middleware\PreventRequestsDuringMaintenance->handle(Object(Illuminate\Http\Request), Object(Closure))
#33 C:\Apache24\htdocs\backendSendra\vendor\laravel\framework\src\Illuminate\Http\Middleware\HandleCors.php(62): Illuminate\Pipeline\Pipeline->{closure:{closure:Illuminate\Pipeline\Pipeline::carry():158}:159}(Object(Illuminate\Http\Request))
#34 C:\Apache24\htdocs\backendSendra\vendor\laravel\framework\src\Illuminate\Pipeline\Pipeline.php(183): Illuminate\Http\Middleware\HandleCors->handle(Object(Illuminate\Http\Request), Object(Closure))
#35 C:\Apache24\htdocs\backendSendra\vendor\laravel\framework\src\Illuminate\Http\Middleware\TrustProxies.php(39): Illuminate\Pipeline\Pipeline->{closure:{closure:Illuminate\Pipeline\Pipeline::carry():158}:159}(Object(Illuminate\Http\Request))
#36 C:\Apache24\htdocs\backendSendra\vendor\laravel\framework\src\Illuminate\Pipeline\Pipeline.php(183): Illuminate\Http\Middleware\TrustProxies->handle(Object(Illuminate\Http\Request), Object(Closure))
#37 C:\Apache24\htdocs\backendSendra\vendor\laravel\framework\src\Illuminate\Pipeline\Pipeline.php(119): Illuminate\Pipeline\Pipeline->{closure:{closure:Illuminate\Pipeline\Pipeline::carry():158}:159}(Object(Illuminate\Http\Request))
#38 C:\Apache24\htdocs\backendSendra\vendor\laravel\framework\src\Illuminate\Foundation\Http\Kernel.php(175): Illuminate\Pipeline\Pipeline->then(Object(Closure))
#39 C:\Apache24\htdocs\backendSendra\vendor\laravel\framework\src\Illuminate\Foundation\Http\Kernel.php(144): Illuminate\Foundation\Http\Kernel->sendRequestThroughRouter(Object(Illuminate\Http\Request))
#40 C:\Apache24\htdocs\backendSendra\public\index.php(51): Illuminate\Foundation\Http\Kernel->handle(Object(Illuminate\Http\Request))
#41 {main}

[2025-01-16 21:27:30] Illuminate\Http\Client\PendingRequest::withBasicAuth(): Argument #1 ($username) must be of type string, null given, called in C:\Apache24\htdocs\backendSendra\app\Services\OrangeSmsService.php on line 54 in C:\Apache24\htdocs\backendSendra\vendor\laravel\framework\src\Illuminate\Http\Client\PendingRequest.php on line 447
#0 C:\Apache24\htdocs\backendSendra\app\Services\OrangeSmsService.php(54): Illuminate\Http\Client\PendingRequest->withBasicAuth(NULL, NULL)
#1 C:\Apache24\htdocs\backendSendra\app\Http\Controllers\SMSController.php(25): App\Services\OrangeSmsService->sendSms('VERIFICATION', 'SENDRA', '774208140', 'This is a test ...')
#2 C:\Apache24\htdocs\backendSendra\vendor\laravel\framework\src\Illuminate\Routing\Controller.php(54): App\Http\Controllers\SMSController->sendSms(Object(Illuminate\Http\Request))
#3 C:\Apache24\htdocs\backendSendra\vendor\laravel\framework\src\Illuminate\Routing\ControllerDispatcher.php(43): Illuminate\Routing\Controller->callAction('sendSms', Array)
#4 C:\Apache24\htdocs\backendSendra\vendor\laravel\framework\src\Illuminate\Routing\Route.php(259): Illuminate\Routing\ControllerDispatcher->dispatch(Object(Illuminate\Routing\Route), Object(App\Http\Controllers\SMSController), 'sendSms')
#5 C:\Apache24\htdocs\backendSendra\vendor\laravel\framework\src\Illuminate\Routing\Route.php(205): Illuminate\Routing\Route->runController()
#6 C:\Apache24\htdocs\backendSendra\vendor\laravel\framework\src\Illuminate\Routing\Router.php(806): Illuminate\Routing\Route->run()
#7 C:\Apache24\htdocs\backendSendra\vendor\laravel\framework\src\Illuminate\Pipeline\Pipeline.php(144): Illuminate\Routing\Router->{closure:Illuminate\Routing\Router::runRouteWithinStack():805}(Object(Illuminate\Http\Request))
#8 C:\Apache24\htdocs\backendSendra\vendor\laravel\framework\src\Illuminate\Routing\Middleware\SubstituteBindings.php(50): Illuminate\Pipeline\Pipeline->{closure:Illuminate\Pipeline\Pipeline::prepareDestination():142}(Object(Illuminate\Http\Request))
#9 C:\Apache24\htdocs\backendSendra\vendor\laravel\framework\src\Illuminate\Pipeline\Pipeline.php(183): Illuminate\Routing\Middleware\SubstituteBindings->handle(Object(Illuminate\Http\Request), Object(Closure))
#10 C:\Apache24\htdocs\backendSendra\vendor\laravel\framework\src\Illuminate\Routing\Middleware\ThrottleRequests.php(159): Illuminate\Pipeline\Pipeline->{closure:{closure:Illuminate\Pipeline\Pipeline::carry():158}:159}(Object(Illuminate\Http\Request))
#11 C:\Apache24\htdocs\backendSendra\vendor\laravel\framework\src\Illuminate\Routing\Middleware\ThrottleRequests.php(125): Illuminate\Routing\Middleware\ThrottleRequests->handleRequest(Object(Illuminate\Http\Request), Object(Closure), Array)
#12 C:\Apache24\htdocs\backendSendra\vendor\laravel\framework\src\Illuminate\Routing\Middleware\ThrottleRequests.php(87): Illuminate\Routing\Middleware\ThrottleRequests->handleRequestUsingNamedLimiter(Object(Illuminate\Http\Request), Object(Closure), 'api', Object(Closure))
#13 C:\Apache24\htdocs\backendSendra\vendor\laravel\framework\src\Illuminate\Pipeline\Pipeline.php(183): Illuminate\Routing\Middleware\ThrottleRequests->handle(Object(Illuminate\Http\Request), Object(Closure), 'api')
#14 C:\Apache24\htdocs\backendSendra\vendor\laravel\framework\src\Illuminate\Auth\Middleware\Authenticate.php(57): Illuminate\Pipeline\Pipeline->{closure:{closure:Illuminate\Pipeline\Pipeline::carry():158}:159}(Object(Illuminate\Http\Request))
#15 C:\Apache24\htdocs\backendSendra\vendor\laravel\framework\src\Illuminate\Pipeline\Pipeline.php(183): Illuminate\Auth\Middleware\Authenticate->handle(Object(Illuminate\Http\Request), Object(Closure), 'api')
#16 C:\Apache24\htdocs\backendSendra\vendor\laravel\framework\src\Illuminate\Pipeline\Pipeline.php(119): Illuminate\Pipeline\Pipeline->{closure:{closure:Illuminate\Pipeline\Pipeline::carry():158}:159}(Object(Illuminate\Http\Request))
#17 C:\Apache24\htdocs\backendSendra\vendor\laravel\framework\src\Illuminate\Routing\Router.php(805): Illuminate\Pipeline\Pipeline->then(Object(Closure))
#18 C:\Apache24\htdocs\backendSendra\vendor\laravel\framework\src\Illuminate\Routing\Router.php(784): Illuminate\Routing\Router->runRouteWithinStack(Object(Illuminate\Routing\Route), Object(Illuminate\Http\Request))
#19 C:\Apache24\htdocs\backendSendra\vendor\laravel\framework\src\Illuminate\Routing\Router.php(748): Illuminate\Routing\Router->runRoute(Object(Illuminate\Http\Request), Object(Illuminate\Routing\Route))
#20 C:\Apache24\htdocs\backendSendra\vendor\laravel\framework\src\Illuminate\Routing\Router.php(737): Illuminate\Routing\Router->dispatchToRoute(Object(Illuminate\Http\Request))
#21 C:\Apache24\htdocs\backendSendra\vendor\laravel\framework\src\Illuminate\Foundation\Http\Kernel.php(200): Illuminate\Routing\Router->dispatch(Object(Illuminate\Http\Request))
#22 C:\Apache24\htdocs\backendSendra\vendor\laravel\framework\src\Illuminate\Pipeline\Pipeline.php(144): Illuminate\Foundation\Http\Kernel->{closure:Illuminate\Foundation\Http\Kernel::dispatchToRouter():197}(Object(Illuminate\Http\Request))
#23 C:\Apache24\htdocs\backendSendra\vendor\laravel\framework\src\Illuminate\Foundation\Http\Middleware\TransformsRequest.php(21): Illuminate\Pipeline\Pipeline->{closure:Illuminate\Pipeline\Pipeline::prepareDestination():142}(Object(Illuminate\Http\Request))
#24 C:\Apache24\htdocs\backendSendra\vendor\laravel\framework\src\Illuminate\Foundation\Http\Middleware\ConvertEmptyStringsToNull.php(31): Illuminate\Foundation\Http\Middleware\TransformsRequest->handle(Object(Illuminate\Http\Request), Object(Closure))
#25 C:\Apache24\htdocs\backendSendra\vendor\laravel\framework\src\Illuminate\Pipeline\Pipeline.php(183): Illuminate\Foundation\Http\Middleware\ConvertEmptyStringsToNull->handle(Object(Illuminate\Http\Request), Object(Closure))
#26 C:\Apache24\htdocs\backendSendra\vendor\laravel\framework\src\Illuminate\Foundation\Http\Middleware\TransformsRequest.php(21): Illuminate\Pipeline\Pipeline->{closure:{closure:Illuminate\Pipeline\Pipeline::carry():158}:159}(Object(Illuminate\Http\Request))
#27 C:\Apache24\htdocs\backendSendra\vendor\laravel\framework\src\Illuminate\Foundation\Http\Middleware\TrimStrings.php(40): Illuminate\Foundation\Http\Middleware\TransformsRequest->handle(Object(Illuminate\Http\Request), Object(Closure))
#28 C:\Apache24\htdocs\backendSendra\vendor\laravel\framework\src\Illuminate\Pipeline\Pipeline.php(183): Illuminate\Foundation\Http\Middleware\TrimStrings->handle(Object(Illuminate\Http\Request), Object(Closure))
#29 C:\Apache24\htdocs\backendSendra\vendor\laravel\framework\src\Illuminate\Foundation\Http\Middleware\ValidatePostSize.php(27): Illuminate\Pipeline\Pipeline->{closure:{closure:Illuminate\Pipeline\Pipeline::carry():158}:159}(Object(Illuminate\Http\Request))
#30 C:\Apache24\htdocs\backendSendra\vendor\laravel\framework\src\Illuminate\Pipeline\Pipeline.php(183): Illuminate\Foundation\Http\Middleware\ValidatePostSize->handle(Object(Illuminate\Http\Request), Object(Closure))
#31 C:\Apache24\htdocs\backendSendra\vendor\laravel\framework\src\Illuminate\Foundation\Http\Middleware\PreventRequestsDuringMaintenance.php(99): Illuminate\Pipeline\Pipeline->{closure:{closure:Illuminate\Pipeline\Pipeline::carry():158}:159}(Object(Illuminate\Http\Request))
#32 C:\Apache24\htdocs\backendSendra\vendor\laravel\framework\src\Illuminate\Pipeline\Pipeline.php(183): Illuminate\Foundation\Http\Middleware\PreventRequestsDuringMaintenance->handle(Object(Illuminate\Http\Request), Object(Closure))
#33 C:\Apache24\htdocs\backendSendra\vendor\laravel\framework\src\Illuminate\Http\Middleware\HandleCors.php(62): Illuminate\Pipeline\Pipeline->{closure:{closure:Illuminate\Pipeline\Pipeline::carry():158}:159}(Object(Illuminate\Http\Request))
#34 C:\Apache24\htdocs\backendSendra\vendor\laravel\framework\src\Illuminate\Pipeline\Pipeline.php(183): Illuminate\Http\Middleware\HandleCors->handle(Object(Illuminate\Http\Request), Object(Closure))
#35 C:\Apache24\htdocs\backendSendra\vendor\laravel\framework\src\Illuminate\Http\Middleware\TrustProxies.php(39): Illuminate\Pipeline\Pipeline->{closure:{closure:Illuminate\Pipeline\Pipeline::carry():158}:159}(Object(Illuminate\Http\Request))
#36 C:\Apache24\htdocs\backendSendra\vendor\laravel\framework\src\Illuminate\Pipeline\Pipeline.php(183): Illuminate\Http\Middleware\TrustProxies->handle(Object(Illuminate\Http\Request), Object(Closure))
#37 C:\Apache24\htdocs\backendSendra\vendor\laravel\framework\src\Illuminate\Pipeline\Pipeline.php(119): Illuminate\Pipeline\Pipeline->{closure:{closure:Illuminate\Pipeline\Pipeline::carry():158}:159}(Object(Illuminate\Http\Request))
#38 C:\Apache24\htdocs\backendSendra\vendor\laravel\framework\src\Illuminate\Foundation\Http\Kernel.php(175): Illuminate\Pipeline\Pipeline->then(Object(Closure))
#39 C:\Apache24\htdocs\backendSendra\vendor\laravel\framework\src\Illuminate\Foundation\Http\Kernel.php(144): Illuminate\Foundation\Http\Kernel->sendRequestThroughRouter(Object(Illuminate\Http\Request))
#40 C:\Apache24\htdocs\backendSendra\public\index.php(51): Illuminate\Foundation\Http\Kernel->handle(Object(Illuminate\Http\Request))
#41 {main}

[2025-01-16 21:30:34] Illuminate\Http\Client\PendingRequest::withBasicAuth(): Argument #1 ($username) must be of type string, null given, called in C:\Apache24\htdocs\backendSendra\app\Services\OrangeSmsService.php on line 54 in C:\Apache24\htdocs\backendSendra\vendor\laravel\framework\src\Illuminate\Http\Client\PendingRequest.php on line 447
#0 C:\Apache24\htdocs\backendSendra\app\Services\OrangeSmsService.php(54): Illuminate\Http\Client\PendingRequest->withBasicAuth(NULL, NULL)
#1 C:\Apache24\htdocs\backendSendra\app\Http\Controllers\SMSController.php(25): App\Services\OrangeSmsService->sendSms('VERIFICATION', 'SENDRA', '774208140', 'This is a test ...')
#2 C:\Apache24\htdocs\backendSendra\vendor\laravel\framework\src\Illuminate\Routing\Controller.php(54): App\Http\Controllers\SMSController->sendSms(Object(Illuminate\Http\Request))
#3 C:\Apache24\htdocs\backendSendra\vendor\laravel\framework\src\Illuminate\Routing\ControllerDispatcher.php(43): Illuminate\Routing\Controller->callAction('sendSms', Array)
#4 C:\Apache24\htdocs\backendSendra\vendor\laravel\framework\src\Illuminate\Routing\Route.php(259): Illuminate\Routing\ControllerDispatcher->dispatch(Object(Illuminate\Routing\Route), Object(App\Http\Controllers\SMSController), 'sendSms')
#5 C:\Apache24\htdocs\backendSendra\vendor\laravel\framework\src\Illuminate\Routing\Route.php(205): Illuminate\Routing\Route->runController()
#6 C:\Apache24\htdocs\backendSendra\vendor\laravel\framework\src\Illuminate\Routing\Router.php(806): Illuminate\Routing\Route->run()
#7 C:\Apache24\htdocs\backendSendra\vendor\laravel\framework\src\Illuminate\Pipeline\Pipeline.php(144): Illuminate\Routing\Router->{closure:Illuminate\Routing\Router::runRouteWithinStack():805}(Object(Illuminate\Http\Request))
#8 C:\Apache24\htdocs\backendSendra\vendor\laravel\framework\src\Illuminate\Routing\Middleware\SubstituteBindings.php(50): Illuminate\Pipeline\Pipeline->{closure:Illuminate\Pipeline\Pipeline::prepareDestination():142}(Object(Illuminate\Http\Request))
#9 C:\Apache24\htdocs\backendSendra\vendor\laravel\framework\src\Illuminate\Pipeline\Pipeline.php(183): Illuminate\Routing\Middleware\SubstituteBindings->handle(Object(Illuminate\Http\Request), Object(Closure))
#10 C:\Apache24\htdocs\backendSendra\vendor\laravel\framework\src\Illuminate\Routing\Middleware\ThrottleRequests.php(159): Illuminate\Pipeline\Pipeline->{closure:{closure:Illuminate\Pipeline\Pipeline::carry():158}:159}(Object(Illuminate\Http\Request))
#11 C:\Apache24\htdocs\backendSendra\vendor\laravel\framework\src\Illuminate\Routing\Middleware\ThrottleRequests.php(125): Illuminate\Routing\Middleware\ThrottleRequests->handleRequest(Object(Illuminate\Http\Request), Object(Closure), Array)
#12 C:\Apache24\htdocs\backendSendra\vendor\laravel\framework\src\Illuminate\Routing\Middleware\ThrottleRequests.php(87): Illuminate\Routing\Middleware\ThrottleRequests->handleRequestUsingNamedLimiter(Object(Illuminate\Http\Request), Object(Closure), 'api', Object(Closure))
#13 C:\Apache24\htdocs\backendSendra\vendor\laravel\framework\src\Illuminate\Pipeline\Pipeline.php(183): Illuminate\Routing\Middleware\ThrottleRequests->handle(Object(Illuminate\Http\Request), Object(Closure), 'api')
#14 C:\Apache24\htdocs\backendSendra\vendor\laravel\framework\src\Illuminate\Auth\Middleware\Authenticate.php(57): Illuminate\Pipeline\Pipeline->{closure:{closure:Illuminate\Pipeline\Pipeline::carry():158}:159}(Object(Illuminate\Http\Request))
#15 C:\Apache24\htdocs\backendSendra\vendor\laravel\framework\src\Illuminate\Pipeline\Pipeline.php(183): Illuminate\Auth\Middleware\Authenticate->handle(Object(Illuminate\Http\Request), Object(Closure), 'api')
#16 C:\Apache24\htdocs\backendSendra\vendor\laravel\framework\src\Illuminate\Pipeline\Pipeline.php(119): Illuminate\Pipeline\Pipeline->{closure:{closure:Illuminate\Pipeline\Pipeline::carry():158}:159}(Object(Illuminate\Http\Request))
#17 C:\Apache24\htdocs\backendSendra\vendor\laravel\framework\src\Illuminate\Routing\Router.php(805): Illuminate\Pipeline\Pipeline->then(Object(Closure))
#18 C:\Apache24\htdocs\backendSendra\vendor\laravel\framework\src\Illuminate\Routing\Router.php(784): Illuminate\Routing\Router->runRouteWithinStack(Object(Illuminate\Routing\Route), Object(Illuminate\Http\Request))
#19 C:\Apache24\htdocs\backendSendra\vendor\laravel\framework\src\Illuminate\Routing\Router.php(748): Illuminate\Routing\Router->runRoute(Object(Illuminate\Http\Request), Object(Illuminate\Routing\Route))
#20 C:\Apache24\htdocs\backendSendra\vendor\laravel\framework\src\Illuminate\Routing\Router.php(737): Illuminate\Routing\Router->dispatchToRoute(Object(Illuminate\Http\Request))
#21 C:\Apache24\htdocs\backendSendra\vendor\laravel\framework\src\Illuminate\Foundation\Http\Kernel.php(200): Illuminate\Routing\Router->dispatch(Object(Illuminate\Http\Request))
#22 C:\Apache24\htdocs\backendSendra\vendor\laravel\framework\src\Illuminate\Pipeline\Pipeline.php(144): Illuminate\Foundation\Http\Kernel->{closure:Illuminate\Foundation\Http\Kernel::dispatchToRouter():197}(Object(Illuminate\Http\Request))
#23 C:\Apache24\htdocs\backendSendra\vendor\laravel\framework\src\Illuminate\Foundation\Http\Middleware\TransformsRequest.php(21): Illuminate\Pipeline\Pipeline->{closure:Illuminate\Pipeline\Pipeline::prepareDestination():142}(Object(Illuminate\Http\Request))
#24 C:\Apache24\htdocs\backendSendra\vendor\laravel\framework\src\Illuminate\Foundation\Http\Middleware\ConvertEmptyStringsToNull.php(31): Illuminate\Foundation\Http\Middleware\TransformsRequest->handle(Object(Illuminate\Http\Request), Object(Closure))
#25 C:\Apache24\htdocs\backendSendra\vendor\laravel\framework\src\Illuminate\Pipeline\Pipeline.php(183): Illuminate\Foundation\Http\Middleware\ConvertEmptyStringsToNull->handle(Object(Illuminate\Http\Request), Object(Closure))
#26 C:\Apache24\htdocs\backendSendra\vendor\laravel\framework\src\Illuminate\Foundation\Http\Middleware\TransformsRequest.php(21): Illuminate\Pipeline\Pipeline->{closure:{closure:Illuminate\Pipeline\Pipeline::carry():158}:159}(Object(Illuminate\Http\Request))
#27 C:\Apache24\htdocs\backendSendra\vendor\laravel\framework\src\Illuminate\Foundation\Http\Middleware\TrimStrings.php(40): Illuminate\Foundation\Http\Middleware\TransformsRequest->handle(Object(Illuminate\Http\Request), Object(Closure))
#28 C:\Apache24\htdocs\backendSendra\vendor\laravel\framework\src\Illuminate\Pipeline\Pipeline.php(183): Illuminate\Foundation\Http\Middleware\TrimStrings->handle(Object(Illuminate\Http\Request), Object(Closure))
#29 C:\Apache24\htdocs\backendSendra\vendor\laravel\framework\src\Illuminate\Foundation\Http\Middleware\ValidatePostSize.php(27): Illuminate\Pipeline\Pipeline->{closure:{closure:Illuminate\Pipeline\Pipeline::carry():158}:159}(Object(Illuminate\Http\Request))
#30 C:\Apache24\htdocs\backendSendra\vendor\laravel\framework\src\Illuminate\Pipeline\Pipeline.php(183): Illuminate\Foundation\Http\Middleware\ValidatePostSize->handle(Object(Illuminate\Http\Request), Object(Closure))
#31 C:\Apache24\htdocs\backendSendra\vendor\laravel\framework\src\Illuminate\Foundation\Http\Middleware\PreventRequestsDuringMaintenance.php(99): Illuminate\Pipeline\Pipeline->{closure:{closure:Illuminate\Pipeline\Pipeline::carry():158}:159}(Object(Illuminate\Http\Request))
#32 C:\Apache24\htdocs\backendSendra\vendor\laravel\framework\src\Illuminate\Pipeline\Pipeline.php(183): Illuminate\Foundation\Http\Middleware\PreventRequestsDuringMaintenance->handle(Object(Illuminate\Http\Request), Object(Closure))
#33 C:\Apache24\htdocs\backendSendra\vendor\laravel\framework\src\Illuminate\Http\Middleware\HandleCors.php(62): Illuminate\Pipeline\Pipeline->{closure:{closure:Illuminate\Pipeline\Pipeline::carry():158}:159}(Object(Illuminate\Http\Request))
#34 C:\Apache24\htdocs\backendSendra\vendor\laravel\framework\src\Illuminate\Pipeline\Pipeline.php(183): Illuminate\Http\Middleware\HandleCors->handle(Object(Illuminate\Http\Request), Object(Closure))
#35 C:\Apache24\htdocs\backendSendra\vendor\laravel\framework\src\Illuminate\Http\Middleware\TrustProxies.php(39): Illuminate\Pipeline\Pipeline->{closure:{closure:Illuminate\Pipeline\Pipeline::carry():158}:159}(Object(Illuminate\Http\Request))
#36 C:\Apache24\htdocs\backendSendra\vendor\laravel\framework\src\Illuminate\Pipeline\Pipeline.php(183): Illuminate\Http\Middleware\TrustProxies->handle(Object(Illuminate\Http\Request), Object(Closure))
#37 C:\Apache24\htdocs\backendSendra\vendor\laravel\framework\src\Illuminate\Pipeline\Pipeline.php(119): Illuminate\Pipeline\Pipeline->{closure:{closure:Illuminate\Pipeline\Pipeline::carry():158}:159}(Object(Illuminate\Http\Request))
#38 C:\Apache24\htdocs\backendSendra\vendor\laravel\framework\src\Illuminate\Foundation\Http\Kernel.php(175): Illuminate\Pipeline\Pipeline->then(Object(Closure))
#39 C:\Apache24\htdocs\backendSendra\vendor\laravel\framework\src\Illuminate\Foundation\Http\Kernel.php(144): Illuminate\Foundation\Http\Kernel->sendRequestThroughRouter(Object(Illuminate\Http\Request))
#40 C:\Apache24\htdocs\backendSendra\public\index.php(51): Illuminate\Foundation\Http\Kernel->handle(Object(Illuminate\Http\Request))
#41 {main}

[2025-01-16 21:31:11] Illuminate\Http\Client\PendingRequest::withBasicAuth(): Argument #1 ($username) must be of type string, null given, called in C:\Apache24\htdocs\backendSendra\app\Services\OrangeSmsService.php on line 54 in C:\Apache24\htdocs\backendSendra\vendor\laravel\framework\src\Illuminate\Http\Client\PendingRequest.php on line 447
#0 C:\Apache24\htdocs\backendSendra\app\Services\OrangeSmsService.php(54): Illuminate\Http\Client\PendingRequest->withBasicAuth(NULL, NULL)
#1 C:\Apache24\htdocs\backendSendra\app\Http\Controllers\SMSController.php(25): App\Services\OrangeSmsService->sendSms('VERIFICATION', 'SENDRA', '774208140', 'This is a test ...')
#2 C:\Apache24\htdocs\backendSendra\vendor\laravel\framework\src\Illuminate\Routing\Controller.php(54): App\Http\Controllers\SMSController->sendSms(Object(Illuminate\Http\Request))
#3 C:\Apache24\htdocs\backendSendra\vendor\laravel\framework\src\Illuminate\Routing\ControllerDispatcher.php(43): Illuminate\Routing\Controller->callAction('sendSms', Array)
#4 C:\Apache24\htdocs\backendSendra\vendor\laravel\framework\src\Illuminate\Routing\Route.php(259): Illuminate\Routing\ControllerDispatcher->dispatch(Object(Illuminate\Routing\Route), Object(App\Http\Controllers\SMSController), 'sendSms')
#5 C:\Apache24\htdocs\backendSendra\vendor\laravel\framework\src\Illuminate\Routing\Route.php(205): Illuminate\Routing\Route->runController()
#6 C:\Apache24\htdocs\backendSendra\vendor\laravel\framework\src\Illuminate\Routing\Router.php(806): Illuminate\Routing\Route->run()
#7 C:\Apache24\htdocs\backendSendra\vendor\laravel\framework\src\Illuminate\Pipeline\Pipeline.php(144): Illuminate\Routing\Router->{closure:Illuminate\Routing\Router::runRouteWithinStack():805}(Object(Illuminate\Http\Request))
#8 C:\Apache24\htdocs\backendSendra\vendor\laravel\framework\src\Illuminate\Routing\Middleware\SubstituteBindings.php(50): Illuminate\Pipeline\Pipeline->{closure:Illuminate\Pipeline\Pipeline::prepareDestination():142}(Object(Illuminate\Http\Request))
#9 C:\Apache24\htdocs\backendSendra\vendor\laravel\framework\src\Illuminate\Pipeline\Pipeline.php(183): Illuminate\Routing\Middleware\SubstituteBindings->handle(Object(Illuminate\Http\Request), Object(Closure))
#10 C:\Apache24\htdocs\backendSendra\vendor\laravel\framework\src\Illuminate\Routing\Middleware\ThrottleRequests.php(159): Illuminate\Pipeline\Pipeline->{closure:{closure:Illuminate\Pipeline\Pipeline::carry():158}:159}(Object(Illuminate\Http\Request))
#11 C:\Apache24\htdocs\backendSendra\vendor\laravel\framework\src\Illuminate\Routing\Middleware\ThrottleRequests.php(125): Illuminate\Routing\Middleware\ThrottleRequests->handleRequest(Object(Illuminate\Http\Request), Object(Closure), Array)
#12 C:\Apache24\htdocs\backendSendra\vendor\laravel\framework\src\Illuminate\Routing\Middleware\ThrottleRequests.php(87): Illuminate\Routing\Middleware\ThrottleRequests->handleRequestUsingNamedLimiter(Object(Illuminate\Http\Request), Object(Closure), 'api', Object(Closure))
#13 C:\Apache24\htdocs\backendSendra\vendor\laravel\framework\src\Illuminate\Pipeline\Pipeline.php(183): Illuminate\Routing\Middleware\ThrottleRequests->handle(Object(Illuminate\Http\Request), Object(Closure), 'api')
#14 C:\Apache24\htdocs\backendSendra\vendor\laravel\framework\src\Illuminate\Auth\Middleware\Authenticate.php(57): Illuminate\Pipeline\Pipeline->{closure:{closure:Illuminate\Pipeline\Pipeline::carry():158}:159}(Object(Illuminate\Http\Request))
#15 C:\Apache24\htdocs\backendSendra\vendor\laravel\framework\src\Illuminate\Pipeline\Pipeline.php(183): Illuminate\Auth\Middleware\Authenticate->handle(Object(Illuminate\Http\Request), Object(Closure), 'api')
#16 C:\Apache24\htdocs\backendSendra\vendor\laravel\framework\src\Illuminate\Pipeline\Pipeline.php(119): Illuminate\Pipeline\Pipeline->{closure:{closure:Illuminate\Pipeline\Pipeline::carry():158}:159}(Object(Illuminate\Http\Request))
#17 C:\Apache24\htdocs\backendSendra\vendor\laravel\framework\src\Illuminate\Routing\Router.php(805): Illuminate\Pipeline\Pipeline->then(Object(Closure))
#18 C:\Apache24\htdocs\backendSendra\vendor\laravel\framework\src\Illuminate\Routing\Router.php(784): Illuminate\Routing\Router->runRouteWithinStack(Object(Illuminate\Routing\Route), Object(Illuminate\Http\Request))
#19 C:\Apache24\htdocs\backendSendra\vendor\laravel\framework\src\Illuminate\Routing\Router.php(748): Illuminate\Routing\Router->runRoute(Object(Illuminate\Http\Request), Object(Illuminate\Routing\Route))
#20 C:\Apache24\htdocs\backendSendra\vendor\laravel\framework\src\Illuminate\Routing\Router.php(737): Illuminate\Routing\Router->dispatchToRoute(Object(Illuminate\Http\Request))
#21 C:\Apache24\htdocs\backendSendra\vendor\laravel\framework\src\Illuminate\Foundation\Http\Kernel.php(200): Illuminate\Routing\Router->dispatch(Object(Illuminate\Http\Request))
#22 C:\Apache24\htdocs\backendSendra\vendor\laravel\framework\src\Illuminate\Pipeline\Pipeline.php(144): Illuminate\Foundation\Http\Kernel->{closure:Illuminate\Foundation\Http\Kernel::dispatchToRouter():197}(Object(Illuminate\Http\Request))
#23 C:\Apache24\htdocs\backendSendra\vendor\laravel\framework\src\Illuminate\Foundation\Http\Middleware\TransformsRequest.php(21): Illuminate\Pipeline\Pipeline->{closure:Illuminate\Pipeline\Pipeline::prepareDestination():142}(Object(Illuminate\Http\Request))
#24 C:\Apache24\htdocs\backendSendra\vendor\laravel\framework\src\Illuminate\Foundation\Http\Middleware\ConvertEmptyStringsToNull.php(31): Illuminate\Foundation\Http\Middleware\TransformsRequest->handle(Object(Illuminate\Http\Request), Object(Closure))
#25 C:\Apache24\htdocs\backendSendra\vendor\laravel\framework\src\Illuminate\Pipeline\Pipeline.php(183): Illuminate\Foundation\Http\Middleware\ConvertEmptyStringsToNull->handle(Object(Illuminate\Http\Request), Object(Closure))
#26 C:\Apache24\htdocs\backendSendra\vendor\laravel\framework\src\Illuminate\Foundation\Http\Middleware\TransformsRequest.php(21): Illuminate\Pipeline\Pipeline->{closure:{closure:Illuminate\Pipeline\Pipeline::carry():158}:159}(Object(Illuminate\Http\Request))
#27 C:\Apache24\htdocs\backendSendra\vendor\laravel\framework\src\Illuminate\Foundation\Http\Middleware\TrimStrings.php(40): Illuminate\Foundation\Http\Middleware\TransformsRequest->handle(Object(Illuminate\Http\Request), Object(Closure))
#28 C:\Apache24\htdocs\backendSendra\vendor\laravel\framework\src\Illuminate\Pipeline\Pipeline.php(183): Illuminate\Foundation\Http\Middleware\TrimStrings->handle(Object(Illuminate\Http\Request), Object(Closure))
#29 C:\Apache24\htdocs\backendSendra\vendor\laravel\framework\src\Illuminate\Foundation\Http\Middleware\ValidatePostSize.php(27): Illuminate\Pipeline\Pipeline->{closure:{closure:Illuminate\Pipeline\Pipeline::carry():158}:159}(Object(Illuminate\Http\Request))
#30 C:\Apache24\htdocs\backendSendra\vendor\laravel\framework\src\Illuminate\Pipeline\Pipeline.php(183): Illuminate\Foundation\Http\Middleware\ValidatePostSize->handle(Object(Illuminate\Http\Request), Object(Closure))
#31 C:\Apache24\htdocs\backendSendra\vendor\laravel\framework\src\Illuminate\Foundation\Http\Middleware\PreventRequestsDuringMaintenance.php(99): Illuminate\Pipeline\Pipeline->{closure:{closure:Illuminate\Pipeline\Pipeline::carry():158}:159}(Object(Illuminate\Http\Request))
#32 C:\Apache24\htdocs\backendSendra\vendor\laravel\framework\src\Illuminate\Pipeline\Pipeline.php(183): Illuminate\Foundation\Http\Middleware\PreventRequestsDuringMaintenance->handle(Object(Illuminate\Http\Request), Object(Closure))
#33 C:\Apache24\htdocs\backendSendra\vendor\laravel\framework\src\Illuminate\Http\Middleware\HandleCors.php(62): Illuminate\Pipeline\Pipeline->{closure:{closure:Illuminate\Pipeline\Pipeline::carry():158}:159}(Object(Illuminate\Http\Request))
#34 C:\Apache24\htdocs\backendSendra\vendor\laravel\framework\src\Illuminate\Pipeline\Pipeline.php(183): Illuminate\Http\Middleware\HandleCors->handle(Object(Illuminate\Http\Request), Object(Closure))
#35 C:\Apache24\htdocs\backendSendra\vendor\laravel\framework\src\Illuminate\Http\Middleware\TrustProxies.php(39): Illuminate\Pipeline\Pipeline->{closure:{closure:Illuminate\Pipeline\Pipeline::carry():158}:159}(Object(Illuminate\Http\Request))
#36 C:\Apache24\htdocs\backendSendra\vendor\laravel\framework\src\Illuminate\Pipeline\Pipeline.php(183): Illuminate\Http\Middleware\TrustProxies->handle(Object(Illuminate\Http\Request), Object(Closure))
#37 C:\Apache24\htdocs\backendSendra\vendor\laravel\framework\src\Illuminate\Pipeline\Pipeline.php(119): Illuminate\Pipeline\Pipeline->{closure:{closure:Illuminate\Pipeline\Pipeline::carry():158}:159}(Object(Illuminate\Http\Request))
#38 C:\Apache24\htdocs\backendSendra\vendor\laravel\framework\src\Illuminate\Foundation\Http\Kernel.php(175): Illuminate\Pipeline\Pipeline->then(Object(Closure))
#39 C:\Apache24\htdocs\backendSendra\vendor\laravel\framework\src\Illuminate\Foundation\Http\Kernel.php(144): Illuminate\Foundation\Http\Kernel->sendRequestThroughRouter(Object(Illuminate\Http\Request))
#40 C:\Apache24\htdocs\backendSendra\public\index.php(51): Illuminate\Foundation\Http\Kernel->handle(Object(Illuminate\Http\Request))
#41 {main}

[2025-01-16 21:31:13] Illuminate\Http\Client\PendingRequest::withBasicAuth(): Argument #1 ($username) must be of type string, null given, called in C:\Apache24\htdocs\backendSendra\app\Services\OrangeSmsService.php on line 54 in C:\Apache24\htdocs\backendSendra\vendor\laravel\framework\src\Illuminate\Http\Client\PendingRequest.php on line 447
#0 C:\Apache24\htdocs\backendSendra\app\Services\OrangeSmsService.php(54): Illuminate\Http\Client\PendingRequest->withBasicAuth(NULL, NULL)
#1 C:\Apache24\htdocs\backendSendra\app\Http\Controllers\SMSController.php(25): App\Services\OrangeSmsService->sendSms('VERIFICATION', 'SENDRA', '774208140', 'This is a test ...')
#2 C:\Apache24\htdocs\backendSendra\vendor\laravel\framework\src\Illuminate\Routing\Controller.php(54): App\Http\Controllers\SMSController->sendSms(Object(Illuminate\Http\Request))
#3 C:\Apache24\htdocs\backendSendra\vendor\laravel\framework\src\Illuminate\Routing\ControllerDispatcher.php(43): Illuminate\Routing\Controller->callAction('sendSms', Array)
#4 C:\Apache24\htdocs\backendSendra\vendor\laravel\framework\src\Illuminate\Routing\Route.php(259): Illuminate\Routing\ControllerDispatcher->dispatch(Object(Illuminate\Routing\Route), Object(App\Http\Controllers\SMSController), 'sendSms')
#5 C:\Apache24\htdocs\backendSendra\vendor\laravel\framework\src\Illuminate\Routing\Route.php(205): Illuminate\Routing\Route->runController()
#6 C:\Apache24\htdocs\backendSendra\vendor\laravel\framework\src\Illuminate\Routing\Router.php(806): Illuminate\Routing\Route->run()
#7 C:\Apache24\htdocs\backendSendra\vendor\laravel\framework\src\Illuminate\Pipeline\Pipeline.php(144): Illuminate\Routing\Router->{closure:Illuminate\Routing\Router::runRouteWithinStack():805}(Object(Illuminate\Http\Request))
#8 C:\Apache24\htdocs\backendSendra\vendor\laravel\framework\src\Illuminate\Routing\Middleware\SubstituteBindings.php(50): Illuminate\Pipeline\Pipeline->{closure:Illuminate\Pipeline\Pipeline::prepareDestination():142}(Object(Illuminate\Http\Request))
#9 C:\Apache24\htdocs\backendSendra\vendor\laravel\framework\src\Illuminate\Pipeline\Pipeline.php(183): Illuminate\Routing\Middleware\SubstituteBindings->handle(Object(Illuminate\Http\Request), Object(Closure))
#10 C:\Apache24\htdocs\backendSendra\vendor\laravel\framework\src\Illuminate\Routing\Middleware\ThrottleRequests.php(159): Illuminate\Pipeline\Pipeline->{closure:{closure:Illuminate\Pipeline\Pipeline::carry():158}:159}(Object(Illuminate\Http\Request))
#11 C:\Apache24\htdocs\backendSendra\vendor\laravel\framework\src\Illuminate\Routing\Middleware\ThrottleRequests.php(125): Illuminate\Routing\Middleware\ThrottleRequests->handleRequest(Object(Illuminate\Http\Request), Object(Closure), Array)
#12 C:\Apache24\htdocs\backendSendra\vendor\laravel\framework\src\Illuminate\Routing\Middleware\ThrottleRequests.php(87): Illuminate\Routing\Middleware\ThrottleRequests->handleRequestUsingNamedLimiter(Object(Illuminate\Http\Request), Object(Closure), 'api', Object(Closure))
#13 C:\Apache24\htdocs\backendSendra\vendor\laravel\framework\src\Illuminate\Pipeline\Pipeline.php(183): Illuminate\Routing\Middleware\ThrottleRequests->handle(Object(Illuminate\Http\Request), Object(Closure), 'api')
#14 C:\Apache24\htdocs\backendSendra\vendor\laravel\framework\src\Illuminate\Auth\Middleware\Authenticate.php(57): Illuminate\Pipeline\Pipeline->{closure:{closure:Illuminate\Pipeline\Pipeline::carry():158}:159}(Object(Illuminate\Http\Request))
#15 C:\Apache24\htdocs\backendSendra\vendor\laravel\framework\src\Illuminate\Pipeline\Pipeline.php(183): Illuminate\Auth\Middleware\Authenticate->handle(Object(Illuminate\Http\Request), Object(Closure), 'api')
#16 C:\Apache24\htdocs\backendSendra\vendor\laravel\framework\src\Illuminate\Pipeline\Pipeline.php(119): Illuminate\Pipeline\Pipeline->{closure:{closure:Illuminate\Pipeline\Pipeline::carry():158}:159}(Object(Illuminate\Http\Request))
#17 C:\Apache24\htdocs\backendSendra\vendor\laravel\framework\src\Illuminate\Routing\Router.php(805): Illuminate\Pipeline\Pipeline->then(Object(Closure))
#18 C:\Apache24\htdocs\backendSendra\vendor\laravel\framework\src\Illuminate\Routing\Router.php(784): Illuminate\Routing\Router->runRouteWithinStack(Object(Illuminate\Routing\Route), Object(Illuminate\Http\Request))
#19 C:\Apache24\htdocs\backendSendra\vendor\laravel\framework\src\Illuminate\Routing\Router.php(748): Illuminate\Routing\Router->runRoute(Object(Illuminate\Http\Request), Object(Illuminate\Routing\Route))
#20 C:\Apache24\htdocs\backendSendra\vendor\laravel\framework\src\Illuminate\Routing\Router.php(737): Illuminate\Routing\Router->dispatchToRoute(Object(Illuminate\Http\Request))
#21 C:\Apache24\htdocs\backendSendra\vendor\laravel\framework\src\Illuminate\Foundation\Http\Kernel.php(200): Illuminate\Routing\Router->dispatch(Object(Illuminate\Http\Request))
#22 C:\Apache24\htdocs\backendSendra\vendor\laravel\framework\src\Illuminate\Pipeline\Pipeline.php(144): Illuminate\Foundation\Http\Kernel->{closure:Illuminate\Foundation\Http\Kernel::dispatchToRouter():197}(Object(Illuminate\Http\Request))
#23 C:\Apache24\htdocs\backendSendra\vendor\laravel\framework\src\Illuminate\Foundation\Http\Middleware\TransformsRequest.php(21): Illuminate\Pipeline\Pipeline->{closure:Illuminate\Pipeline\Pipeline::prepareDestination():142}(Object(Illuminate\Http\Request))
#24 C:\Apache24\htdocs\backendSendra\vendor\laravel\framework\src\Illuminate\Foundation\Http\Middleware\ConvertEmptyStringsToNull.php(31): Illuminate\Foundation\Http\Middleware\TransformsRequest->handle(Object(Illuminate\Http\Request), Object(Closure))
#25 C:\Apache24\htdocs\backendSendra\vendor\laravel\framework\src\Illuminate\Pipeline\Pipeline.php(183): Illuminate\Foundation\Http\Middleware\ConvertEmptyStringsToNull->handle(Object(Illuminate\Http\Request), Object(Closure))
#26 C:\Apache24\htdocs\backendSendra\vendor\laravel\framework\src\Illuminate\Foundation\Http\Middleware\TransformsRequest.php(21): Illuminate\Pipeline\Pipeline->{closure:{closure:Illuminate\Pipeline\Pipeline::carry():158}:159}(Object(Illuminate\Http\Request))
#27 C:\Apache24\htdocs\backendSendra\vendor\laravel\framework\src\Illuminate\Foundation\Http\Middleware\TrimStrings.php(40): Illuminate\Foundation\Http\Middleware\TransformsRequest->handle(Object(Illuminate\Http\Request), Object(Closure))
#28 C:\Apache24\htdocs\backendSendra\vendor\laravel\framework\src\Illuminate\Pipeline\Pipeline.php(183): Illuminate\Foundation\Http\Middleware\TrimStrings->handle(Object(Illuminate\Http\Request), Object(Closure))
#29 C:\Apache24\htdocs\backendSendra\vendor\laravel\framework\src\Illuminate\Foundation\Http\Middleware\ValidatePostSize.php(27): Illuminate\Pipeline\Pipeline->{closure:{closure:Illuminate\Pipeline\Pipeline::carry():158}:159}(Object(Illuminate\Http\Request))
#30 C:\Apache24\htdocs\backendSendra\vendor\laravel\framework\src\Illuminate\Pipeline\Pipeline.php(183): Illuminate\Foundation\Http\Middleware\ValidatePostSize->handle(Object(Illuminate\Http\Request), Object(Closure))
#31 C:\Apache24\htdocs\backendSendra\vendor\laravel\framework\src\Illuminate\Foundation\Http\Middleware\PreventRequestsDuringMaintenance.php(99): Illuminate\Pipeline\Pipeline->{closure:{closure:Illuminate\Pipeline\Pipeline::carry():158}:159}(Object(Illuminate\Http\Request))
#32 C:\Apache24\htdocs\backendSendra\vendor\laravel\framework\src\Illuminate\Pipeline\Pipeline.php(183): Illuminate\Foundation\Http\Middleware\PreventRequestsDuringMaintenance->handle(Object(Illuminate\Http\Request), Object(Closure))
#33 C:\Apache24\htdocs\backendSendra\vendor\laravel\framework\src\Illuminate\Http\Middleware\HandleCors.php(62): Illuminate\Pipeline\Pipeline->{closure:{closure:Illuminate\Pipeline\Pipeline::carry():158}:159}(Object(Illuminate\Http\Request))
#34 C:\Apache24\htdocs\backendSendra\vendor\laravel\framework\src\Illuminate\Pipeline\Pipeline.php(183): Illuminate\Http\Middleware\HandleCors->handle(Object(Illuminate\Http\Request), Object(Closure))
#35 C:\Apache24\htdocs\backendSendra\vendor\laravel\framework\src\Illuminate\Http\Middleware\TrustProxies.php(39): Illuminate\Pipeline\Pipeline->{closure:{closure:Illuminate\Pipeline\Pipeline::carry():158}:159}(Object(Illuminate\Http\Request))
#36 C:\Apache24\htdocs\backendSendra\vendor\laravel\framework\src\Illuminate\Pipeline\Pipeline.php(183): Illuminate\Http\Middleware\TrustProxies->handle(Object(Illuminate\Http\Request), Object(Closure))
#37 C:\Apache24\htdocs\backendSendra\vendor\laravel\framework\src\Illuminate\Pipeline\Pipeline.php(119): Illuminate\Pipeline\Pipeline->{closure:{closure:Illuminate\Pipeline\Pipeline::carry():158}:159}(Object(Illuminate\Http\Request))
#38 C:\Apache24\htdocs\backendSendra\vendor\laravel\framework\src\Illuminate\Foundation\Http\Kernel.php(175): Illuminate\Pipeline\Pipeline->then(Object(Closure))
#39 C:\Apache24\htdocs\backendSendra\vendor\laravel\framework\src\Illuminate\Foundation\Http\Kernel.php(144): Illuminate\Foundation\Http\Kernel->sendRequestThroughRouter(Object(Illuminate\Http\Request))
#40 C:\Apache24\htdocs\backendSendra\public\index.php(51): Illuminate\Foundation\Http\Kernel->handle(Object(Illuminate\Http\Request))
#41 {main}

[2025-01-16 21:31:28] Illuminate\Http\Client\PendingRequest::withBasicAuth(): Argument #1 ($username) must be of type string, null given, called in C:\Apache24\htdocs\backendSendra\app\Services\OrangeSmsService.php on line 54 in C:\Apache24\htdocs\backendSendra\vendor\laravel\framework\src\Illuminate\Http\Client\PendingRequest.php on line 447
#0 C:\Apache24\htdocs\backendSendra\app\Services\OrangeSmsService.php(54): Illuminate\Http\Client\PendingRequest->withBasicAuth(NULL, NULL)
#1 C:\Apache24\htdocs\backendSendra\app\Http\Controllers\SMSController.php(25): App\Services\OrangeSmsService->sendSms('VERIFICATION', 'SENDRA', '774208140', 'This is a test ...')
#2 C:\Apache24\htdocs\backendSendra\vendor\laravel\framework\src\Illuminate\Routing\Controller.php(54): App\Http\Controllers\SMSController->sendSms(Object(Illuminate\Http\Request))
#3 C:\Apache24\htdocs\backendSendra\vendor\laravel\framework\src\Illuminate\Routing\ControllerDispatcher.php(43): Illuminate\Routing\Controller->callAction('sendSms', Array)
#4 C:\Apache24\htdocs\backendSendra\vendor\laravel\framework\src\Illuminate\Routing\Route.php(259): Illuminate\Routing\ControllerDispatcher->dispatch(Object(Illuminate\Routing\Route), Object(App\Http\Controllers\SMSController), 'sendSms')
#5 C:\Apache24\htdocs\backendSendra\vendor\laravel\framework\src\Illuminate\Routing\Route.php(205): Illuminate\Routing\Route->runController()
#6 C:\Apache24\htdocs\backendSendra\vendor\laravel\framework\src\Illuminate\Routing\Router.php(806): Illuminate\Routing\Route->run()
#7 C:\Apache24\htdocs\backendSendra\vendor\laravel\framework\src\Illuminate\Pipeline\Pipeline.php(144): Illuminate\Routing\Router->{closure:Illuminate\Routing\Router::runRouteWithinStack():805}(Object(Illuminate\Http\Request))
#8 C:\Apache24\htdocs\backendSendra\vendor\laravel\framework\src\Illuminate\Routing\Middleware\SubstituteBindings.php(50): Illuminate\Pipeline\Pipeline->{closure:Illuminate\Pipeline\Pipeline::prepareDestination():142}(Object(Illuminate\Http\Request))
#9 C:\Apache24\htdocs\backendSendra\vendor\laravel\framework\src\Illuminate\Pipeline\Pipeline.php(183): Illuminate\Routing\Middleware\SubstituteBindings->handle(Object(Illuminate\Http\Request), Object(Closure))
#10 C:\Apache24\htdocs\backendSendra\vendor\laravel\framework\src\Illuminate\Routing\Middleware\ThrottleRequests.php(159): Illuminate\Pipeline\Pipeline->{closure:{closure:Illuminate\Pipeline\Pipeline::carry():158}:159}(Object(Illuminate\Http\Request))
#11 C:\Apache24\htdocs\backendSendra\vendor\laravel\framework\src\Illuminate\Routing\Middleware\ThrottleRequests.php(125): Illuminate\Routing\Middleware\ThrottleRequests->handleRequest(Object(Illuminate\Http\Request), Object(Closure), Array)
#12 C:\Apache24\htdocs\backendSendra\vendor\laravel\framework\src\Illuminate\Routing\Middleware\ThrottleRequests.php(87): Illuminate\Routing\Middleware\ThrottleRequests->handleRequestUsingNamedLimiter(Object(Illuminate\Http\Request), Object(Closure), 'api', Object(Closure))
#13 C:\Apache24\htdocs\backendSendra\vendor\laravel\framework\src\Illuminate\Pipeline\Pipeline.php(183): Illuminate\Routing\Middleware\ThrottleRequests->handle(Object(Illuminate\Http\Request), Object(Closure), 'api')
#14 C:\Apache24\htdocs\backendSendra\vendor\laravel\framework\src\Illuminate\Auth\Middleware\Authenticate.php(57): Illuminate\Pipeline\Pipeline->{closure:{closure:Illuminate\Pipeline\Pipeline::carry():158}:159}(Object(Illuminate\Http\Request))
#15 C:\Apache24\htdocs\backendSendra\vendor\laravel\framework\src\Illuminate\Pipeline\Pipeline.php(183): Illuminate\Auth\Middleware\Authenticate->handle(Object(Illuminate\Http\Request), Object(Closure), 'api')
#16 C:\Apache24\htdocs\backendSendra\vendor\laravel\framework\src\Illuminate\Pipeline\Pipeline.php(119): Illuminate\Pipeline\Pipeline->{closure:{closure:Illuminate\Pipeline\Pipeline::carry():158}:159}(Object(Illuminate\Http\Request))
#17 C:\Apache24\htdocs\backendSendra\vendor\laravel\framework\src\Illuminate\Routing\Router.php(805): Illuminate\Pipeline\Pipeline->then(Object(Closure))
#18 C:\Apache24\htdocs\backendSendra\vendor\laravel\framework\src\Illuminate\Routing\Router.php(784): Illuminate\Routing\Router->runRouteWithinStack(Object(Illuminate\Routing\Route), Object(Illuminate\Http\Request))
#19 C:\Apache24\htdocs\backendSendra\vendor\laravel\framework\src\Illuminate\Routing\Router.php(748): Illuminate\Routing\Router->runRoute(Object(Illuminate\Http\Request), Object(Illuminate\Routing\Route))
#20 C:\Apache24\htdocs\backendSendra\vendor\laravel\framework\src\Illuminate\Routing\Router.php(737): Illuminate\Routing\Router->dispatchToRoute(Object(Illuminate\Http\Request))
#21 C:\Apache24\htdocs\backendSendra\vendor\laravel\framework\src\Illuminate\Foundation\Http\Kernel.php(200): Illuminate\Routing\Router->dispatch(Object(Illuminate\Http\Request))
#22 C:\Apache24\htdocs\backendSendra\vendor\laravel\framework\src\Illuminate\Pipeline\Pipeline.php(144): Illuminate\Foundation\Http\Kernel->{closure:Illuminate\Foundation\Http\Kernel::dispatchToRouter():197}(Object(Illuminate\Http\Request))
#23 C:\Apache24\htdocs\backendSendra\vendor\laravel\framework\src\Illuminate\Foundation\Http\Middleware\TransformsRequest.php(21): Illuminate\Pipeline\Pipeline->{closure:Illuminate\Pipeline\Pipeline::prepareDestination():142}(Object(Illuminate\Http\Request))
#24 C:\Apache24\htdocs\backendSendra\vendor\laravel\framework\src\Illuminate\Foundation\Http\Middleware\ConvertEmptyStringsToNull.php(31): Illuminate\Foundation\Http\Middleware\TransformsRequest->handle(Object(Illuminate\Http\Request), Object(Closure))
#25 C:\Apache24\htdocs\backendSendra\vendor\laravel\framework\src\Illuminate\Pipeline\Pipeline.php(183): Illuminate\Foundation\Http\Middleware\ConvertEmptyStringsToNull->handle(Object(Illuminate\Http\Request), Object(Closure))
#26 C:\Apache24\htdocs\backendSendra\vendor\laravel\framework\src\Illuminate\Foundation\Http\Middleware\TransformsRequest.php(21): Illuminate\Pipeline\Pipeline->{closure:{closure:Illuminate\Pipeline\Pipeline::carry():158}:159}(Object(Illuminate\Http\Request))
#27 C:\Apache24\htdocs\backendSendra\vendor\laravel\framework\src\Illuminate\Foundation\Http\Middleware\TrimStrings.php(40): Illuminate\Foundation\Http\Middleware\TransformsRequest->handle(Object(Illuminate\Http\Request), Object(Closure))
#28 C:\Apache24\htdocs\backendSendra\vendor\laravel\framework\src\Illuminate\Pipeline\Pipeline.php(183): Illuminate\Foundation\Http\Middleware\TrimStrings->handle(Object(Illuminate\Http\Request), Object(Closure))
#29 C:\Apache24\htdocs\backendSendra\vendor\laravel\framework\src\Illuminate\Foundation\Http\Middleware\ValidatePostSize.php(27): Illuminate\Pipeline\Pipeline->{closure:{closure:Illuminate\Pipeline\Pipeline::carry():158}:159}(Object(Illuminate\Http\Request))
#30 C:\Apache24\htdocs\backendSendra\vendor\laravel\framework\src\Illuminate\Pipeline\Pipeline.php(183): Illuminate\Foundation\Http\Middleware\ValidatePostSize->handle(Object(Illuminate\Http\Request), Object(Closure))
#31 C:\Apache24\htdocs\backendSendra\vendor\laravel\framework\src\Illuminate\Foundation\Http\Middleware\PreventRequestsDuringMaintenance.php(99): Illuminate\Pipeline\Pipeline->{closure:{closure:Illuminate\Pipeline\Pipeline::carry():158}:159}(Object(Illuminate\Http\Request))
#32 C:\Apache24\htdocs\backendSendra\vendor\laravel\framework\src\Illuminate\Pipeline\Pipeline.php(183): Illuminate\Foundation\Http\Middleware\PreventRequestsDuringMaintenance->handle(Object(Illuminate\Http\Request), Object(Closure))
#33 C:\Apache24\htdocs\backendSendra\vendor\laravel\framework\src\Illuminate\Http\Middleware\HandleCors.php(62): Illuminate\Pipeline\Pipeline->{closure:{closure:Illuminate\Pipeline\Pipeline::carry():158}:159}(Object(Illuminate\Http\Request))
#34 C:\Apache24\htdocs\backendSendra\vendor\laravel\framework\src\Illuminate\Pipeline\Pipeline.php(183): Illuminate\Http\Middleware\HandleCors->handle(Object(Illuminate\Http\Request), Object(Closure))
#35 C:\Apache24\htdocs\backendSendra\vendor\laravel\framework\src\Illuminate\Http\Middleware\TrustProxies.php(39): Illuminate\Pipeline\Pipeline->{closure:{closure:Illuminate\Pipeline\Pipeline::carry():158}:159}(Object(Illuminate\Http\Request))
#36 C:\Apache24\htdocs\backendSendra\vendor\laravel\framework\src\Illuminate\Pipeline\Pipeline.php(183): Illuminate\Http\Middleware\TrustProxies->handle(Object(Illuminate\Http\Request), Object(Closure))
#37 C:\Apache24\htdocs\backendSendra\vendor\laravel\framework\src\Illuminate\Pipeline\Pipeline.php(119): Illuminate\Pipeline\Pipeline->{closure:{closure:Illuminate\Pipeline\Pipeline::carry():158}:159}(Object(Illuminate\Http\Request))
#38 C:\Apache24\htdocs\backendSendra\vendor\laravel\framework\src\Illuminate\Foundation\Http\Kernel.php(175): Illuminate\Pipeline\Pipeline->then(Object(Closure))
#39 C:\Apache24\htdocs\backendSendra\vendor\laravel\framework\src\Illuminate\Foundation\Http\Kernel.php(144): Illuminate\Foundation\Http\Kernel->sendRequestThroughRouter(Object(Illuminate\Http\Request))
#40 C:\Apache24\htdocs\backendSendra\public\index.php(51): Illuminate\Foundation\Http\Kernel->handle(Object(Illuminate\Http\Request))
#41 {main}

[2025-01-16 21:33:06] Illuminate\Http\Client\PendingRequest::withBasicAuth(): Argument #1 ($username) must be of type string, null given, called in C:\Apache24\htdocs\backendSendra\app\Services\OrangeSmsService.php on line 54 in C:\Apache24\htdocs\backendSendra\vendor\laravel\framework\src\Illuminate\Http\Client\PendingRequest.php on line 447
#0 C:\Apache24\htdocs\backendSendra\app\Services\OrangeSmsService.php(54): Illuminate\Http\Client\PendingRequest->withBasicAuth(NULL, NULL)
#1 C:\Apache24\htdocs\backendSendra\app\Http\Controllers\SMSController.php(25): App\Services\OrangeSmsService->sendSms('VERIFICATION', 'SENDRA', '774208140', 'This is a test ...')
#2 C:\Apache24\htdocs\backendSendra\vendor\laravel\framework\src\Illuminate\Routing\Controller.php(54): App\Http\Controllers\SMSController->sendSms(Object(Illuminate\Http\Request))
#3 C:\Apache24\htdocs\backendSendra\vendor\laravel\framework\src\Illuminate\Routing\ControllerDispatcher.php(43): Illuminate\Routing\Controller->callAction('sendSms', Array)
#4 C:\Apache24\htdocs\backendSendra\vendor\laravel\framework\src\Illuminate\Routing\Route.php(259): Illuminate\Routing\ControllerDispatcher->dispatch(Object(Illuminate\Routing\Route), Object(App\Http\Controllers\SMSController), 'sendSms')
#5 C:\Apache24\htdocs\backendSendra\vendor\laravel\framework\src\Illuminate\Routing\Route.php(205): Illuminate\Routing\Route->runController()
#6 C:\Apache24\htdocs\backendSendra\vendor\laravel\framework\src\Illuminate\Routing\Router.php(806): Illuminate\Routing\Route->run()
#7 C:\Apache24\htdocs\backendSendra\vendor\laravel\framework\src\Illuminate\Pipeline\Pipeline.php(144): Illuminate\Routing\Router->{closure:Illuminate\Routing\Router::runRouteWithinStack():805}(Object(Illuminate\Http\Request))
#8 C:\Apache24\htdocs\backendSendra\vendor\laravel\framework\src\Illuminate\Routing\Middleware\SubstituteBindings.php(50): Illuminate\Pipeline\Pipeline->{closure:Illuminate\Pipeline\Pipeline::prepareDestination():142}(Object(Illuminate\Http\Request))
#9 C:\Apache24\htdocs\backendSendra\vendor\laravel\framework\src\Illuminate\Pipeline\Pipeline.php(183): Illuminate\Routing\Middleware\SubstituteBindings->handle(Object(Illuminate\Http\Request), Object(Closure))
#10 C:\Apache24\htdocs\backendSendra\vendor\laravel\framework\src\Illuminate\Routing\Middleware\ThrottleRequests.php(159): Illuminate\Pipeline\Pipeline->{closure:{closure:Illuminate\Pipeline\Pipeline::carry():158}:159}(Object(Illuminate\Http\Request))
#11 C:\Apache24\htdocs\backendSendra\vendor\laravel\framework\src\Illuminate\Routing\Middleware\ThrottleRequests.php(125): Illuminate\Routing\Middleware\ThrottleRequests->handleRequest(Object(Illuminate\Http\Request), Object(Closure), Array)
#12 C:\Apache24\htdocs\backendSendra\vendor\laravel\framework\src\Illuminate\Routing\Middleware\ThrottleRequests.php(87): Illuminate\Routing\Middleware\ThrottleRequests->handleRequestUsingNamedLimiter(Object(Illuminate\Http\Request), Object(Closure), 'api', Object(Closure))
#13 C:\Apache24\htdocs\backendSendra\vendor\laravel\framework\src\Illuminate\Pipeline\Pipeline.php(183): Illuminate\Routing\Middleware\ThrottleRequests->handle(Object(Illuminate\Http\Request), Object(Closure), 'api')
#14 C:\Apache24\htdocs\backendSendra\vendor\laravel\framework\src\Illuminate\Auth\Middleware\Authenticate.php(57): Illuminate\Pipeline\Pipeline->{closure:{closure:Illuminate\Pipeline\Pipeline::carry():158}:159}(Object(Illuminate\Http\Request))
#15 C:\Apache24\htdocs\backendSendra\vendor\laravel\framework\src\Illuminate\Pipeline\Pipeline.php(183): Illuminate\Auth\Middleware\Authenticate->handle(Object(Illuminate\Http\Request), Object(Closure), 'api')
#16 C:\Apache24\htdocs\backendSendra\vendor\laravel\framework\src\Illuminate\Pipeline\Pipeline.php(119): Illuminate\Pipeline\Pipeline->{closure:{closure:Illuminate\Pipeline\Pipeline::carry():158}:159}(Object(Illuminate\Http\Request))
#17 C:\Apache24\htdocs\backendSendra\vendor\laravel\framework\src\Illuminate\Routing\Router.php(805): Illuminate\Pipeline\Pipeline->then(Object(Closure))
#18 C:\Apache24\htdocs\backendSendra\vendor\laravel\framework\src\Illuminate\Routing\Router.php(784): Illuminate\Routing\Router->runRouteWithinStack(Object(Illuminate\Routing\Route), Object(Illuminate\Http\Request))
#19 C:\Apache24\htdocs\backendSendra\vendor\laravel\framework\src\Illuminate\Routing\Router.php(748): Illuminate\Routing\Router->runRoute(Object(Illuminate\Http\Request), Object(Illuminate\Routing\Route))
#20 C:\Apache24\htdocs\backendSendra\vendor\laravel\framework\src\Illuminate\Routing\Router.php(737): Illuminate\Routing\Router->dispatchToRoute(Object(Illuminate\Http\Request))
#21 C:\Apache24\htdocs\backendSendra\vendor\laravel\framework\src\Illuminate\Foundation\Http\Kernel.php(200): Illuminate\Routing\Router->dispatch(Object(Illuminate\Http\Request))
#22 C:\Apache24\htdocs\backendSendra\vendor\laravel\framework\src\Illuminate\Pipeline\Pipeline.php(144): Illuminate\Foundation\Http\Kernel->{closure:Illuminate\Foundation\Http\Kernel::dispatchToRouter():197}(Object(Illuminate\Http\Request))
#23 C:\Apache24\htdocs\backendSendra\vendor\laravel\framework\src\Illuminate\Foundation\Http\Middleware\TransformsRequest.php(21): Illuminate\Pipeline\Pipeline->{closure:Illuminate\Pipeline\Pipeline::prepareDestination():142}(Object(Illuminate\Http\Request))
#24 C:\Apache24\htdocs\backendSendra\vendor\laravel\framework\src\Illuminate\Foundation\Http\Middleware\ConvertEmptyStringsToNull.php(31): Illuminate\Foundation\Http\Middleware\TransformsRequest->handle(Object(Illuminate\Http\Request), Object(Closure))
#25 C:\Apache24\htdocs\backendSendra\vendor\laravel\framework\src\Illuminate\Pipeline\Pipeline.php(183): Illuminate\Foundation\Http\Middleware\ConvertEmptyStringsToNull->handle(Object(Illuminate\Http\Request), Object(Closure))
#26 C:\Apache24\htdocs\backendSendra\vendor\laravel\framework\src\Illuminate\Foundation\Http\Middleware\TransformsRequest.php(21): Illuminate\Pipeline\Pipeline->{closure:{closure:Illuminate\Pipeline\Pipeline::carry():158}:159}(Object(Illuminate\Http\Request))
#27 C:\Apache24\htdocs\backendSendra\vendor\laravel\framework\src\Illuminate\Foundation\Http\Middleware\TrimStrings.php(40): Illuminate\Foundation\Http\Middleware\TransformsRequest->handle(Object(Illuminate\Http\Request), Object(Closure))
#28 C:\Apache24\htdocs\backendSendra\vendor\laravel\framework\src\Illuminate\Pipeline\Pipeline.php(183): Illuminate\Foundation\Http\Middleware\TrimStrings->handle(Object(Illuminate\Http\Request), Object(Closure))
#29 C:\Apache24\htdocs\backendSendra\vendor\laravel\framework\src\Illuminate\Foundation\Http\Middleware\ValidatePostSize.php(27): Illuminate\Pipeline\Pipeline->{closure:{closure:Illuminate\Pipeline\Pipeline::carry():158}:159}(Object(Illuminate\Http\Request))
#30 C:\Apache24\htdocs\backendSendra\vendor\laravel\framework\src\Illuminate\Pipeline\Pipeline.php(183): Illuminate\Foundation\Http\Middleware\ValidatePostSize->handle(Object(Illuminate\Http\Request), Object(Closure))
#31 C:\Apache24\htdocs\backendSendra\vendor\laravel\framework\src\Illuminate\Foundation\Http\Middleware\PreventRequestsDuringMaintenance.php(99): Illuminate\Pipeline\Pipeline->{closure:{closure:Illuminate\Pipeline\Pipeline::carry():158}:159}(Object(Illuminate\Http\Request))
#32 C:\Apache24\htdocs\backendSendra\vendor\laravel\framework\src\Illuminate\Pipeline\Pipeline.php(183): Illuminate\Foundation\Http\Middleware\PreventRequestsDuringMaintenance->handle(Object(Illuminate\Http\Request), Object(Closure))
#33 C:\Apache24\htdocs\backendSendra\vendor\laravel\framework\src\Illuminate\Http\Middleware\HandleCors.php(62): Illuminate\Pipeline\Pipeline->{closure:{closure:Illuminate\Pipeline\Pipeline::carry():158}:159}(Object(Illuminate\Http\Request))
#34 C:\Apache24\htdocs\backendSendra\vendor\laravel\framework\src\Illuminate\Pipeline\Pipeline.php(183): Illuminate\Http\Middleware\HandleCors->handle(Object(Illuminate\Http\Request), Object(Closure))
#35 C:\Apache24\htdocs\backendSendra\vendor\laravel\framework\src\Illuminate\Http\Middleware\TrustProxies.php(39): Illuminate\Pipeline\Pipeline->{closure:{closure:Illuminate\Pipeline\Pipeline::carry():158}:159}(Object(Illuminate\Http\Request))
#36 C:\Apache24\htdocs\backendSendra\vendor\laravel\framework\src\Illuminate\Pipeline\Pipeline.php(183): Illuminate\Http\Middleware\TrustProxies->handle(Object(Illuminate\Http\Request), Object(Closure))
#37 C:\Apache24\htdocs\backendSendra\vendor\laravel\framework\src\Illuminate\Pipeline\Pipeline.php(119): Illuminate\Pipeline\Pipeline->{closure:{closure:Illuminate\Pipeline\Pipeline::carry():158}:159}(Object(Illuminate\Http\Request))
#38 C:\Apache24\htdocs\backendSendra\vendor\laravel\framework\src\Illuminate\Foundation\Http\Kernel.php(175): Illuminate\Pipeline\Pipeline->then(Object(Closure))
#39 C:\Apache24\htdocs\backendSendra\vendor\laravel\framework\src\Illuminate\Foundation\Http\Kernel.php(144): Illuminate\Foundation\Http\Kernel->sendRequestThroughRouter(Object(Illuminate\Http\Request))
#40 C:\Apache24\htdocs\backendSendra\public\index.php(51): Illuminate\Foundation\Http\Kernel->handle(Object(Illuminate\Http\Request))
#41 {main}

[2025-01-16 21:34:54] Orange SMS credentials are not properly set in the .env file. in C:\Apache24\htdocs\backendSendra\app\Services\OrangeSmsService.php on line 23
#0 [internal function]: App\Services\OrangeSmsService->__construct()
#1 C:\Apache24\htdocs\backendSendra\vendor\laravel\framework\src\Illuminate\Container\Container.php(952): ReflectionClass->newInstanceArgs(Array)
#2 C:\Apache24\htdocs\backendSendra\vendor\laravel\framework\src\Illuminate\Container\Container.php(795): Illuminate\Container\Container->build('App\\Services\\Or...')
#3 C:\Apache24\htdocs\backendSendra\vendor\laravel\framework\src\Illuminate\Foundation\Application.php(957): Illuminate\Container\Container->resolve('App\\Services\\Or...', Array, true)
#4 C:\Apache24\htdocs\backendSendra\vendor\laravel\framework\src\Illuminate\Container\Container.php(731): Illuminate\Foundation\Application->resolve('App\\Services\\Or...', Array)
#5 C:\Apache24\htdocs\backendSendra\vendor\laravel\framework\src\Illuminate\Foundation\Application.php(942): Illuminate\Container\Container->make('App\\Services\\Or...', Array)
#6 C:\Apache24\htdocs\backendSendra\vendor\laravel\framework\src\Illuminate\Container\Container.php(1066): Illuminate\Foundation\Application->make('App\\Services\\Or...')
#7 C:\Apache24\htdocs\backendSendra\vendor\laravel\framework\src\Illuminate\Container\Container.php(982): Illuminate\Container\Container->resolveClass(Object(ReflectionParameter))
#8 C:\Apache24\htdocs\backendSendra\vendor\laravel\framework\src\Illuminate\Container\Container.php(943): Illuminate\Container\Container->resolveDependencies(Array)
#9 C:\Apache24\htdocs\backendSendra\vendor\laravel\framework\src\Illuminate\Container\Container.php(795): Illuminate\Container\Container->build('App\\Http\\Contro...')
#10 C:\Apache24\htdocs\backendSendra\vendor\laravel\framework\src\Illuminate\Foundation\Application.php(957): Illuminate\Container\Container->resolve('App\\Http\\Contro...', Array, true)
#11 C:\Apache24\htdocs\backendSendra\vendor\laravel\framework\src\Illuminate\Container\Container.php(731): Illuminate\Foundation\Application->resolve('App\\Http\\Contro...', Array)
#12 C:\Apache24\htdocs\backendSendra\vendor\laravel\framework\src\Illuminate\Foundation\Application.php(942): Illuminate\Container\Container->make('App\\Http\\Contro...', Array)
#13 C:\Apache24\htdocs\backendSendra\vendor\laravel\framework\src\Illuminate\Routing\Route.php(278): Illuminate\Foundation\Application->make('App\\Http\\Contro...')
#14 C:\Apache24\htdocs\backendSendra\vendor\laravel\framework\src\Illuminate\Routing\Route.php(1104): Illuminate\Routing\Route->getController()
#15 C:\Apache24\htdocs\backendSendra\vendor\laravel\framework\src\Illuminate\Routing\Route.php(1035): Illuminate\Routing\Route->controllerMiddleware()
#16 C:\Apache24\htdocs\backendSendra\vendor\laravel\framework\src\Illuminate\Routing\Router.php(818): Illuminate\Routing\Route->gatherMiddleware()
#17 C:\Apache24\htdocs\backendSendra\vendor\laravel\framework\src\Illuminate\Routing\Router.php(800): Illuminate\Routing\Router->gatherRouteMiddleware(Object(Illuminate\Routing\Route))
#18 C:\Apache24\htdocs\backendSendra\vendor\laravel\framework\src\Illuminate\Routing\Router.php(784): Illuminate\Routing\Router->runRouteWithinStack(Object(Illuminate\Routing\Route), Object(Illuminate\Http\Request))
#19 C:\Apache24\htdocs\backendSendra\vendor\laravel\framework\src\Illuminate\Routing\Router.php(748): Illuminate\Routing\Router->runRoute(Object(Illuminate\Http\Request), Object(Illuminate\Routing\Route))
#20 C:\Apache24\htdocs\backendSendra\vendor\laravel\framework\src\Illuminate\Routing\Router.php(737): Illuminate\Routing\Router->dispatchToRoute(Object(Illuminate\Http\Request))
#21 C:\Apache24\htdocs\backendSendra\vendor\laravel\framework\src\Illuminate\Foundation\Http\Kernel.php(200): Illuminate\Routing\Router->dispatch(Object(Illuminate\Http\Request))
#22 C:\Apache24\htdocs\backendSendra\vendor\laravel\framework\src\Illuminate\Pipeline\Pipeline.php(144): Illuminate\Foundation\Http\Kernel->{closure:Illuminate\Foundation\Http\Kernel::dispatchToRouter():197}(Object(Illuminate\Http\Request))
#23 C:\Apache24\htdocs\backendSendra\vendor\laravel\framework\src\Illuminate\Foundation\Http\Middleware\TransformsRequest.php(21): Illuminate\Pipeline\Pipeline->{closure:Illuminate\Pipeline\Pipeline::prepareDestination():142}(Object(Illuminate\Http\Request))
#24 C:\Apache24\htdocs\backendSendra\vendor\laravel\framework\src\Illuminate\Foundation\Http\Middleware\ConvertEmptyStringsToNull.php(31): Illuminate\Foundation\Http\Middleware\TransformsRequest->handle(Object(Illuminate\Http\Request), Object(Closure))
#25 C:\Apache24\htdocs\backendSendra\vendor\laravel\framework\src\Illuminate\Pipeline\Pipeline.php(183): Illuminate\Foundation\Http\Middleware\ConvertEmptyStringsToNull->handle(Object(Illuminate\Http\Request), Object(Closure))
#26 C:\Apache24\htdocs\backendSendra\vendor\laravel\framework\src\Illuminate\Foundation\Http\Middleware\TransformsRequest.php(21): Illuminate\Pipeline\Pipeline->{closure:{closure:Illuminate\Pipeline\Pipeline::carry():158}:159}(Object(Illuminate\Http\Request))
#27 C:\Apache24\htdocs\backendSendra\vendor\laravel\framework\src\Illuminate\Foundation\Http\Middleware\TrimStrings.php(40): Illuminate\Foundation\Http\Middleware\TransformsRequest->handle(Object(Illuminate\Http\Request), Object(Closure))
#28 C:\Apache24\htdocs\backendSendra\vendor\laravel\framework\src\Illuminate\Pipeline\Pipeline.php(183): Illuminate\Foundation\Http\Middleware\TrimStrings->handle(Object(Illuminate\Http\Request), Object(Closure))
#29 C:\Apache24\htdocs\backendSendra\vendor\laravel\framework\src\Illuminate\Foundation\Http\Middleware\ValidatePostSize.php(27): Illuminate\Pipeline\Pipeline->{closure:{closure:Illuminate\Pipeline\Pipeline::carry():158}:159}(Object(Illuminate\Http\Request))
#30 C:\Apache24\htdocs\backendSendra\vendor\laravel\framework\src\Illuminate\Pipeline\Pipeline.php(183): Illuminate\Foundation\Http\Middleware\ValidatePostSize->handle(Object(Illuminate\Http\Request), Object(Closure))
#31 C:\Apache24\htdocs\backendSendra\vendor\laravel\framework\src\Illuminate\Foundation\Http\Middleware\PreventRequestsDuringMaintenance.php(99): Illuminate\Pipeline\Pipeline->{closure:{closure:Illuminate\Pipeline\Pipeline::carry():158}:159}(Object(Illuminate\Http\Request))
#32 C:\Apache24\htdocs\backendSendra\vendor\laravel\framework\src\Illuminate\Pipeline\Pipeline.php(183): Illuminate\Foundation\Http\Middleware\PreventRequestsDuringMaintenance->handle(Object(Illuminate\Http\Request), Object(Closure))
#33 C:\Apache24\htdocs\backendSendra\vendor\laravel\framework\src\Illuminate\Http\Middleware\HandleCors.php(62): Illuminate\Pipeline\Pipeline->{closure:{closure:Illuminate\Pipeline\Pipeline::carry():158}:159}(Object(Illuminate\Http\Request))
#34 C:\Apache24\htdocs\backendSendra\vendor\laravel\framework\src\Illuminate\Pipeline\Pipeline.php(183): Illuminate\Http\Middleware\HandleCors->handle(Object(Illuminate\Http\Request), Object(Closure))
#35 C:\Apache24\htdocs\backendSendra\vendor\laravel\framework\src\Illuminate\Http\Middleware\TrustProxies.php(39): Illuminate\Pipeline\Pipeline->{closure:{closure:Illuminate\Pipeline\Pipeline::carry():158}:159}(Object(Illuminate\Http\Request))
#36 C:\Apache24\htdocs\backendSendra\vendor\laravel\framework\src\Illuminate\Pipeline\Pipeline.php(183): Illuminate\Http\Middleware\TrustProxies->handle(Object(Illuminate\Http\Request), Object(Closure))
#37 C:\Apache24\htdocs\backendSendra\vendor\laravel\framework\src\Illuminate\Pipeline\Pipeline.php(119): Illuminate\Pipeline\Pipeline->{closure:{closure:Illuminate\Pipeline\Pipeline::carry():158}:159}(Object(Illuminate\Http\Request))
#38 C:\Apache24\htdocs\backendSendra\vendor\laravel\framework\src\Illuminate\Foundation\Http\Kernel.php(175): Illuminate\Pipeline\Pipeline->then(Object(Closure))
#39 C:\Apache24\htdocs\backendSendra\vendor\laravel\framework\src\Illuminate\Foundation\Http\Kernel.php(144): Illuminate\Foundation\Http\Kernel->sendRequestThroughRouter(Object(Illuminate\Http\Request))
#40 C:\Apache24\htdocs\backendSendra\public\index.php(51): Illuminate\Foundation\Http\Kernel->handle(Object(Illuminate\Http\Request))
#41 {main}

[2025-01-16 21:35:39] Orange SMS credentials are not properly set in the .env file. in C:\Apache24\htdocs\backendSendra\app\Services\OrangeSmsService.php on line 23
#0 [internal function]: App\Services\OrangeSmsService->__construct()
#1 C:\Apache24\htdocs\backendSendra\vendor\laravel\framework\src\Illuminate\Container\Container.php(952): ReflectionClass->newInstanceArgs(Array)
#2 C:\Apache24\htdocs\backendSendra\vendor\laravel\framework\src\Illuminate\Container\Container.php(795): Illuminate\Container\Container->build('App\\Services\\Or...')
#3 C:\Apache24\htdocs\backendSendra\vendor\laravel\framework\src\Illuminate\Foundation\Application.php(957): Illuminate\Container\Container->resolve('App\\Services\\Or...', Array, true)
#4 C:\Apache24\htdocs\backendSendra\vendor\laravel\framework\src\Illuminate\Container\Container.php(731): Illuminate\Foundation\Application->resolve('App\\Services\\Or...', Array)
#5 C:\Apache24\htdocs\backendSendra\vendor\laravel\framework\src\Illuminate\Foundation\Application.php(942): Illuminate\Container\Container->make('App\\Services\\Or...', Array)
#6 C:\Apache24\htdocs\backendSendra\vendor\laravel\framework\src\Illuminate\Container\Container.php(1066): Illuminate\Foundation\Application->make('App\\Services\\Or...')
#7 C:\Apache24\htdocs\backendSendra\vendor\laravel\framework\src\Illuminate\Container\Container.php(982): Illuminate\Container\Container->resolveClass(Object(ReflectionParameter))
#8 C:\Apache24\htdocs\backendSendra\vendor\laravel\framework\src\Illuminate\Container\Container.php(943): Illuminate\Container\Container->resolveDependencies(Array)
#9 C:\Apache24\htdocs\backendSendra\vendor\laravel\framework\src\Illuminate\Container\Container.php(795): Illuminate\Container\Container->build('App\\Http\\Contro...')
#10 C:\Apache24\htdocs\backendSendra\vendor\laravel\framework\src\Illuminate\Foundation\Application.php(957): Illuminate\Container\Container->resolve('App\\Http\\Contro...', Array, true)
#11 C:\Apache24\htdocs\backendSendra\vendor\laravel\framework\src\Illuminate\Container\Container.php(731): Illuminate\Foundation\Application->resolve('App\\Http\\Contro...', Array)
#12 C:\Apache24\htdocs\backendSendra\vendor\laravel\framework\src\Illuminate\Foundation\Application.php(942): Illuminate\Container\Container->make('App\\Http\\Contro...', Array)
#13 C:\Apache24\htdocs\backendSendra\vendor\laravel\framework\src\Illuminate\Routing\Route.php(278): Illuminate\Foundation\Application->make('App\\Http\\Contro...')
#14 C:\Apache24\htdocs\backendSendra\vendor\laravel\framework\src\Illuminate\Routing\Route.php(1104): Illuminate\Routing\Route->getController()
#15 C:\Apache24\htdocs\backendSendra\vendor\laravel\framework\src\Illuminate\Routing\Route.php(1035): Illuminate\Routing\Route->controllerMiddleware()
#16 C:\Apache24\htdocs\backendSendra\vendor\laravel\framework\src\Illuminate\Routing\Router.php(818): Illuminate\Routing\Route->gatherMiddleware()
#17 C:\Apache24\htdocs\backendSendra\vendor\laravel\framework\src\Illuminate\Routing\Router.php(800): Illuminate\Routing\Router->gatherRouteMiddleware(Object(Illuminate\Routing\Route))
#18 C:\Apache24\htdocs\backendSendra\vendor\laravel\framework\src\Illuminate\Routing\Router.php(784): Illuminate\Routing\Router->runRouteWithinStack(Object(Illuminate\Routing\Route), Object(Illuminate\Http\Request))
#19 C:\Apache24\htdocs\backendSendra\vendor\laravel\framework\src\Illuminate\Routing\Router.php(748): Illuminate\Routing\Router->runRoute(Object(Illuminate\Http\Request), Object(Illuminate\Routing\Route))
#20 C:\Apache24\htdocs\backendSendra\vendor\laravel\framework\src\Illuminate\Routing\Router.php(737): Illuminate\Routing\Router->dispatchToRoute(Object(Illuminate\Http\Request))
#21 C:\Apache24\htdocs\backendSendra\vendor\laravel\framework\src\Illuminate\Foundation\Http\Kernel.php(200): Illuminate\Routing\Router->dispatch(Object(Illuminate\Http\Request))
#22 C:\Apache24\htdocs\backendSendra\vendor\laravel\framework\src\Illuminate\Pipeline\Pipeline.php(144): Illuminate\Foundation\Http\Kernel->{closure:Illuminate\Foundation\Http\Kernel::dispatchToRouter():197}(Object(Illuminate\Http\Request))
#23 C:\Apache24\htdocs\backendSendra\vendor\laravel\framework\src\Illuminate\Foundation\Http\Middleware\TransformsRequest.php(21): Illuminate\Pipeline\Pipeline->{closure:Illuminate\Pipeline\Pipeline::prepareDestination():142}(Object(Illuminate\Http\Request))
#24 C:\Apache24\htdocs\backendSendra\vendor\laravel\framework\src\Illuminate\Foundation\Http\Middleware\ConvertEmptyStringsToNull.php(31): Illuminate\Foundation\Http\Middleware\TransformsRequest->handle(Object(Illuminate\Http\Request), Object(Closure))
#25 C:\Apache24\htdocs\backendSendra\vendor\laravel\framework\src\Illuminate\Pipeline\Pipeline.php(183): Illuminate\Foundation\Http\Middleware\ConvertEmptyStringsToNull->handle(Object(Illuminate\Http\Request), Object(Closure))
#26 C:\Apache24\htdocs\backendSendra\vendor\laravel\framework\src\Illuminate\Foundation\Http\Middleware\TransformsRequest.php(21): Illuminate\Pipeline\Pipeline->{closure:{closure:Illuminate\Pipeline\Pipeline::carry():158}:159}(Object(Illuminate\Http\Request))
#27 C:\Apache24\htdocs\backendSendra\vendor\laravel\framework\src\Illuminate\Foundation\Http\Middleware\TrimStrings.php(40): Illuminate\Foundation\Http\Middleware\TransformsRequest->handle(Object(Illuminate\Http\Request), Object(Closure))
#28 C:\Apache24\htdocs\backendSendra\vendor\laravel\framework\src\Illuminate\Pipeline\Pipeline.php(183): Illuminate\Foundation\Http\Middleware\TrimStrings->handle(Object(Illuminate\Http\Request), Object(Closure))
#29 C:\Apache24\htdocs\backendSendra\vendor\laravel\framework\src\Illuminate\Foundation\Http\Middleware\ValidatePostSize.php(27): Illuminate\Pipeline\Pipeline->{closure:{closure:Illuminate\Pipeline\Pipeline::carry():158}:159}(Object(Illuminate\Http\Request))
#30 C:\Apache24\htdocs\backendSendra\vendor\laravel\framework\src\Illuminate\Pipeline\Pipeline.php(183): Illuminate\Foundation\Http\Middleware\ValidatePostSize->handle(Object(Illuminate\Http\Request), Object(Closure))
#31 C:\Apache24\htdocs\backendSendra\vendor\laravel\framework\src\Illuminate\Foundation\Http\Middleware\PreventRequestsDuringMaintenance.php(99): Illuminate\Pipeline\Pipeline->{closure:{closure:Illuminate\Pipeline\Pipeline::carry():158}:159}(Object(Illuminate\Http\Request))
#32 C:\Apache24\htdocs\backendSendra\vendor\laravel\framework\src\Illuminate\Pipeline\Pipeline.php(183): Illuminate\Foundation\Http\Middleware\PreventRequestsDuringMaintenance->handle(Object(Illuminate\Http\Request), Object(Closure))
#33 C:\Apache24\htdocs\backendSendra\vendor\laravel\framework\src\Illuminate\Http\Middleware\HandleCors.php(62): Illuminate\Pipeline\Pipeline->{closure:{closure:Illuminate\Pipeline\Pipeline::carry():158}:159}(Object(Illuminate\Http\Request))
#34 C:\Apache24\htdocs\backendSendra\vendor\laravel\framework\src\Illuminate\Pipeline\Pipeline.php(183): Illuminate\Http\Middleware\HandleCors->handle(Object(Illuminate\Http\Request), Object(Closure))
#35 C:\Apache24\htdocs\backendSendra\vendor\laravel\framework\src\Illuminate\Http\Middleware\TrustProxies.php(39): Illuminate\Pipeline\Pipeline->{closure:{closure:Illuminate\Pipeline\Pipeline::carry():158}:159}(Object(Illuminate\Http\Request))
#36 C:\Apache24\htdocs\backendSendra\vendor\laravel\framework\src\Illuminate\Pipeline\Pipeline.php(183): Illuminate\Http\Middleware\TrustProxies->handle(Object(Illuminate\Http\Request), Object(Closure))
#37 C:\Apache24\htdocs\backendSendra\vendor\laravel\framework\src\Illuminate\Pipeline\Pipeline.php(119): Illuminate\Pipeline\Pipeline->{closure:{closure:Illuminate\Pipeline\Pipeline::carry():158}:159}(Object(Illuminate\Http\Request))
#38 C:\Apache24\htdocs\backendSendra\vendor\laravel\framework\src\Illuminate\Foundation\Http\Kernel.php(175): Illuminate\Pipeline\Pipeline->then(Object(Closure))
#39 C:\Apache24\htdocs\backendSendra\vendor\laravel\framework\src\Illuminate\Foundation\Http\Kernel.php(144): Illuminate\Foundation\Http\Kernel->sendRequestThroughRouter(Object(Illuminate\Http\Request))
#40 C:\Apache24\htdocs\backendSendra\public\index.php(51): Illuminate\Foundation\Http\Kernel->handle(Object(Illuminate\Http\Request))
#41 {main}

[2025-01-16 21:37:51] The route api//test-env could not be found. in C:\Apache24\htdocs\backendSendra\vendor\laravel\framework\src\Illuminate\Routing\AbstractRouteCollection.php on line 44
#0 C:\Apache24\htdocs\backendSendra\vendor\laravel\framework\src\Illuminate\Routing\CompiledRouteCollection.php(144): Illuminate\Routing\AbstractRouteCollection->handleMatchedRoute(Object(Illuminate\Http\Request), NULL)
#1 C:\Apache24\htdocs\backendSendra\vendor\laravel\framework\src\Illuminate\Routing\Router.php(761): Illuminate\Routing\CompiledRouteCollection->match(Object(Illuminate\Http\Request))
#2 C:\Apache24\htdocs\backendSendra\vendor\laravel\framework\src\Illuminate\Routing\Router.php(748): Illuminate\Routing\Router->findRoute(Object(Illuminate\Http\Request))
#3 C:\Apache24\htdocs\backendSendra\vendor\laravel\framework\src\Illuminate\Routing\Router.php(737): Illuminate\Routing\Router->dispatchToRoute(Object(Illuminate\Http\Request))
#4 C:\Apache24\htdocs\backendSendra\vendor\laravel\framework\src\Illuminate\Foundation\Http\Kernel.php(200): Illuminate\Routing\Router->dispatch(Object(Illuminate\Http\Request))
#5 C:\Apache24\htdocs\backendSendra\vendor\laravel\framework\src\Illuminate\Pipeline\Pipeline.php(144): Illuminate\Foundation\Http\Kernel->{closure:Illuminate\Foundation\Http\Kernel::dispatchToRouter():197}(Object(Illuminate\Http\Request))
#6 C:\Apache24\htdocs\backendSendra\vendor\laravel\framework\src\Illuminate\Foundation\Http\Middleware\TransformsRequest.php(21): Illuminate\Pipeline\Pipeline->{closure:Illuminate\Pipeline\Pipeline::prepareDestination():142}(Object(Illuminate\Http\Request))
#7 C:\Apache24\htdocs\backendSendra\vendor\laravel\framework\src\Illuminate\Foundation\Http\Middleware\ConvertEmptyStringsToNull.php(31): Illuminate\Foundation\Http\Middleware\TransformsRequest->handle(Object(Illuminate\Http\Request), Object(Closure))
#8 C:\Apache24\htdocs\backendSendra\vendor\laravel\framework\src\Illuminate\Pipeline\Pipeline.php(183): Illuminate\Foundation\Http\Middleware\ConvertEmptyStringsToNull->handle(Object(Illuminate\Http\Request), Object(Closure))
#9 C:\Apache24\htdocs\backendSendra\vendor\laravel\framework\src\Illuminate\Foundation\Http\Middleware\TransformsRequest.php(21): Illuminate\Pipeline\Pipeline->{closure:{closure:Illuminate\Pipeline\Pipeline::carry():158}:159}(Object(Illuminate\Http\Request))
#10 C:\Apache24\htdocs\backendSendra\vendor\laravel\framework\src\Illuminate\Foundation\Http\Middleware\TrimStrings.php(40): Illuminate\Foundation\Http\Middleware\TransformsRequest->handle(Object(Illuminate\Http\Request), Object(Closure))
#11 C:\Apache24\htdocs\backendSendra\vendor\laravel\framework\src\Illuminate\Pipeline\Pipeline.php(183): Illuminate\Foundation\Http\Middleware\TrimStrings->handle(Object(Illuminate\Http\Request), Object(Closure))
#12 C:\Apache24\htdocs\backendSendra\vendor\laravel\framework\src\Illuminate\Foundation\Http\Middleware\ValidatePostSize.php(27): Illuminate\Pipeline\Pipeline->{closure:{closure:Illuminate\Pipeline\Pipeline::carry():158}:159}(Object(Illuminate\Http\Request))
#13 C:\Apache24\htdocs\backendSendra\vendor\laravel\framework\src\Illuminate\Pipeline\Pipeline.php(183): Illuminate\Foundation\Http\Middleware\ValidatePostSize->handle(Object(Illuminate\Http\Request), Object(Closure))
#14 C:\Apache24\htdocs\backendSendra\vendor\laravel\framework\src\Illuminate\Foundation\Http\Middleware\PreventRequestsDuringMaintenance.php(99): Illuminate\Pipeline\Pipeline->{closure:{closure:Illuminate\Pipeline\Pipeline::carry():158}:159}(Object(Illuminate\Http\Request))
#15 C:\Apache24\htdocs\backendSendra\vendor\laravel\framework\src\Illuminate\Pipeline\Pipeline.php(183): Illuminate\Foundation\Http\Middleware\PreventRequestsDuringMaintenance->handle(Object(Illuminate\Http\Request), Object(Closure))
#16 C:\Apache24\htdocs\backendSendra\vendor\laravel\framework\src\Illuminate\Http\Middleware\HandleCors.php(62): Illuminate\Pipeline\Pipeline->{closure:{closure:Illuminate\Pipeline\Pipeline::carry():158}:159}(Object(Illuminate\Http\Request))
#17 C:\Apache24\htdocs\backendSendra\vendor\laravel\framework\src\Illuminate\Pipeline\Pipeline.php(183): Illuminate\Http\Middleware\HandleCors->handle(Object(Illuminate\Http\Request), Object(Closure))
#18 C:\Apache24\htdocs\backendSendra\vendor\laravel\framework\src\Illuminate\Http\Middleware\TrustProxies.php(39): Illuminate\Pipeline\Pipeline->{closure:{closure:Illuminate\Pipeline\Pipeline::carry():158}:159}(Object(Illuminate\Http\Request))
#19 C:\Apache24\htdocs\backendSendra\vendor\laravel\framework\src\Illuminate\Pipeline\Pipeline.php(183): Illuminate\Http\Middleware\TrustProxies->handle(Object(Illuminate\Http\Request), Object(Closure))
#20 C:\Apache24\htdocs\backendSendra\vendor\laravel\framework\src\Illuminate\Pipeline\Pipeline.php(119): Illuminate\Pipeline\Pipeline->{closure:{closure:Illuminate\Pipeline\Pipeline::carry():158}:159}(Object(Illuminate\Http\Request))
#21 C:\Apache24\htdocs\backendSendra\vendor\laravel\framework\src\Illuminate\Foundation\Http\Kernel.php(175): Illuminate\Pipeline\Pipeline->then(Object(Closure))
#22 C:\Apache24\htdocs\backendSendra\vendor\laravel\framework\src\Illuminate\Foundation\Http\Kernel.php(144): Illuminate\Foundation\Http\Kernel->sendRequestThroughRouter(Object(Illuminate\Http\Request))
#23 C:\Apache24\htdocs\backendSendra\public\index.php(51): Illuminate\Foundation\Http\Kernel->handle(Object(Illuminate\Http\Request))
#24 {main}

[2025-01-16 21:38:10] The route test-env could not be found. in C:\Apache24\htdocs\backendSendra\vendor\laravel\framework\src\Illuminate\Routing\AbstractRouteCollection.php on line 44
#0 C:\Apache24\htdocs\backendSendra\vendor\laravel\framework\src\Illuminate\Routing\CompiledRouteCollection.php(144): Illuminate\Routing\AbstractRouteCollection->handleMatchedRoute(Object(Illuminate\Http\Request), NULL)
#1 C:\Apache24\htdocs\backendSendra\vendor\laravel\framework\src\Illuminate\Routing\Router.php(761): Illuminate\Routing\CompiledRouteCollection->match(Object(Illuminate\Http\Request))
#2 C:\Apache24\htdocs\backendSendra\vendor\laravel\framework\src\Illuminate\Routing\Router.php(748): Illuminate\Routing\Router->findRoute(Object(Illuminate\Http\Request))
#3 C:\Apache24\htdocs\backendSendra\vendor\laravel\framework\src\Illuminate\Routing\Router.php(737): Illuminate\Routing\Router->dispatchToRoute(Object(Illuminate\Http\Request))
#4 C:\Apache24\htdocs\backendSendra\vendor\laravel\framework\src\Illuminate\Foundation\Http\Kernel.php(200): Illuminate\Routing\Router->dispatch(Object(Illuminate\Http\Request))
#5 C:\Apache24\htdocs\backendSendra\vendor\laravel\framework\src\Illuminate\Pipeline\Pipeline.php(144): Illuminate\Foundation\Http\Kernel->{closure:Illuminate\Foundation\Http\Kernel::dispatchToRouter():197}(Object(Illuminate\Http\Request))
#6 C:\Apache24\htdocs\backendSendra\vendor\laravel\framework\src\Illuminate\Foundation\Http\Middleware\TransformsRequest.php(21): Illuminate\Pipeline\Pipeline->{closure:Illuminate\Pipeline\Pipeline::prepareDestination():142}(Object(Illuminate\Http\Request))
#7 C:\Apache24\htdocs\backendSendra\vendor\laravel\framework\src\Illuminate\Foundation\Http\Middleware\ConvertEmptyStringsToNull.php(31): Illuminate\Foundation\Http\Middleware\TransformsRequest->handle(Object(Illuminate\Http\Request), Object(Closure))
#8 C:\Apache24\htdocs\backendSendra\vendor\laravel\framework\src\Illuminate\Pipeline\Pipeline.php(183): Illuminate\Foundation\Http\Middleware\ConvertEmptyStringsToNull->handle(Object(Illuminate\Http\Request), Object(Closure))
#9 C:\Apache24\htdocs\backendSendra\vendor\laravel\framework\src\Illuminate\Foundation\Http\Middleware\TransformsRequest.php(21): Illuminate\Pipeline\Pipeline->{closure:{closure:Illuminate\Pipeline\Pipeline::carry():158}:159}(Object(Illuminate\Http\Request))
#10 C:\Apache24\htdocs\backendSendra\vendor\laravel\framework\src\Illuminate\Foundation\Http\Middleware\TrimStrings.php(40): Illuminate\Foundation\Http\Middleware\TransformsRequest->handle(Object(Illuminate\Http\Request), Object(Closure))
#11 C:\Apache24\htdocs\backendSendra\vendor\laravel\framework\src\Illuminate\Pipeline\Pipeline.php(183): Illuminate\Foundation\Http\Middleware\TrimStrings->handle(Object(Illuminate\Http\Request), Object(Closure))
#12 C:\Apache24\htdocs\backendSendra\vendor\laravel\framework\src\Illuminate\Foundation\Http\Middleware\ValidatePostSize.php(27): Illuminate\Pipeline\Pipeline->{closure:{closure:Illuminate\Pipeline\Pipeline::carry():158}:159}(Object(Illuminate\Http\Request))
#13 C:\Apache24\htdocs\backendSendra\vendor\laravel\framework\src\Illuminate\Pipeline\Pipeline.php(183): Illuminate\Foundation\Http\Middleware\ValidatePostSize->handle(Object(Illuminate\Http\Request), Object(Closure))
#14 C:\Apache24\htdocs\backendSendra\vendor\laravel\framework\src\Illuminate\Foundation\Http\Middleware\PreventRequestsDuringMaintenance.php(99): Illuminate\Pipeline\Pipeline->{closure:{closure:Illuminate\Pipeline\Pipeline::carry():158}:159}(Object(Illuminate\Http\Request))
#15 C:\Apache24\htdocs\backendSendra\vendor\laravel\framework\src\Illuminate\Pipeline\Pipeline.php(183): Illuminate\Foundation\Http\Middleware\PreventRequestsDuringMaintenance->handle(Object(Illuminate\Http\Request), Object(Closure))
#16 C:\Apache24\htdocs\backendSendra\vendor\laravel\framework\src\Illuminate\Http\Middleware\HandleCors.php(49): Illuminate\Pipeline\Pipeline->{closure:{closure:Illuminate\Pipeline\Pipeline::carry():158}:159}(Object(Illuminate\Http\Request))
#17 C:\Apache24\htdocs\backendSendra\vendor\laravel\framework\src\Illuminate\Pipeline\Pipeline.php(183): Illuminate\Http\Middleware\HandleCors->handle(Object(Illuminate\Http\Request), Object(Closure))
#18 C:\Apache24\htdocs\backendSendra\vendor\laravel\framework\src\Illuminate\Http\Middleware\TrustProxies.php(39): Illuminate\Pipeline\Pipeline->{closure:{closure:Illuminate\Pipeline\Pipeline::carry():158}:159}(Object(Illuminate\Http\Request))
#19 C:\Apache24\htdocs\backendSendra\vendor\laravel\framework\src\Illuminate\Pipeline\Pipeline.php(183): Illuminate\Http\Middleware\TrustProxies->handle(Object(Illuminate\Http\Request), Object(Closure))
#20 C:\Apache24\htdocs\backendSendra\vendor\laravel\framework\src\Illuminate\Pipeline\Pipeline.php(119): Illuminate\Pipeline\Pipeline->{closure:{closure:Illuminate\Pipeline\Pipeline::carry():158}:159}(Object(Illuminate\Http\Request))
#21 C:\Apache24\htdocs\backendSendra\vendor\laravel\framework\src\Illuminate\Foundation\Http\Kernel.php(175): Illuminate\Pipeline\Pipeline->then(Object(Closure))
#22 C:\Apache24\htdocs\backendSendra\vendor\laravel\framework\src\Illuminate\Foundation\Http\Kernel.php(144): Illuminate\Foundation\Http\Kernel->sendRequestThroughRouter(Object(Illuminate\Http\Request))
#23 C:\Apache24\htdocs\backendSendra\public\index.php(51): Illuminate\Foundation\Http\Kernel->handle(Object(Illuminate\Http\Request))
#24 {main}

[2025-01-16 21:38:13] The route test-env could not be found. in C:\Apache24\htdocs\backendSendra\vendor\laravel\framework\src\Illuminate\Routing\AbstractRouteCollection.php on line 44
#0 C:\Apache24\htdocs\backendSendra\vendor\laravel\framework\src\Illuminate\Routing\CompiledRouteCollection.php(144): Illuminate\Routing\AbstractRouteCollection->handleMatchedRoute(Object(Illuminate\Http\Request), NULL)
#1 C:\Apache24\htdocs\backendSendra\vendor\laravel\framework\src\Illuminate\Routing\Router.php(761): Illuminate\Routing\CompiledRouteCollection->match(Object(Illuminate\Http\Request))
#2 C:\Apache24\htdocs\backendSendra\vendor\laravel\framework\src\Illuminate\Routing\Router.php(748): Illuminate\Routing\Router->findRoute(Object(Illuminate\Http\Request))
#3 C:\Apache24\htdocs\backendSendra\vendor\laravel\framework\src\Illuminate\Routing\Router.php(737): Illuminate\Routing\Router->dispatchToRoute(Object(Illuminate\Http\Request))
#4 C:\Apache24\htdocs\backendSendra\vendor\laravel\framework\src\Illuminate\Foundation\Http\Kernel.php(200): Illuminate\Routing\Router->dispatch(Object(Illuminate\Http\Request))
#5 C:\Apache24\htdocs\backendSendra\vendor\laravel\framework\src\Illuminate\Pipeline\Pipeline.php(144): Illuminate\Foundation\Http\Kernel->{closure:Illuminate\Foundation\Http\Kernel::dispatchToRouter():197}(Object(Illuminate\Http\Request))
#6 C:\Apache24\htdocs\backendSendra\vendor\laravel\framework\src\Illuminate\Foundation\Http\Middleware\TransformsRequest.php(21): Illuminate\Pipeline\Pipeline->{closure:Illuminate\Pipeline\Pipeline::prepareDestination():142}(Object(Illuminate\Http\Request))
#7 C:\Apache24\htdocs\backendSendra\vendor\laravel\framework\src\Illuminate\Foundation\Http\Middleware\ConvertEmptyStringsToNull.php(31): Illuminate\Foundation\Http\Middleware\TransformsRequest->handle(Object(Illuminate\Http\Request), Object(Closure))
#8 C:\Apache24\htdocs\backendSendra\vendor\laravel\framework\src\Illuminate\Pipeline\Pipeline.php(183): Illuminate\Foundation\Http\Middleware\ConvertEmptyStringsToNull->handle(Object(Illuminate\Http\Request), Object(Closure))
#9 C:\Apache24\htdocs\backendSendra\vendor\laravel\framework\src\Illuminate\Foundation\Http\Middleware\TransformsRequest.php(21): Illuminate\Pipeline\Pipeline->{closure:{closure:Illuminate\Pipeline\Pipeline::carry():158}:159}(Object(Illuminate\Http\Request))
#10 C:\Apache24\htdocs\backendSendra\vendor\laravel\framework\src\Illuminate\Foundation\Http\Middleware\TrimStrings.php(40): Illuminate\Foundation\Http\Middleware\TransformsRequest->handle(Object(Illuminate\Http\Request), Object(Closure))
#11 C:\Apache24\htdocs\backendSendra\vendor\laravel\framework\src\Illuminate\Pipeline\Pipeline.php(183): Illuminate\Foundation\Http\Middleware\TrimStrings->handle(Object(Illuminate\Http\Request), Object(Closure))
#12 C:\Apache24\htdocs\backendSendra\vendor\laravel\framework\src\Illuminate\Foundation\Http\Middleware\ValidatePostSize.php(27): Illuminate\Pipeline\Pipeline->{closure:{closure:Illuminate\Pipeline\Pipeline::carry():158}:159}(Object(Illuminate\Http\Request))
#13 C:\Apache24\htdocs\backendSendra\vendor\laravel\framework\src\Illuminate\Pipeline\Pipeline.php(183): Illuminate\Foundation\Http\Middleware\ValidatePostSize->handle(Object(Illuminate\Http\Request), Object(Closure))
#14 C:\Apache24\htdocs\backendSendra\vendor\laravel\framework\src\Illuminate\Foundation\Http\Middleware\PreventRequestsDuringMaintenance.php(99): Illuminate\Pipeline\Pipeline->{closure:{closure:Illuminate\Pipeline\Pipeline::carry():158}:159}(Object(Illuminate\Http\Request))
#15 C:\Apache24\htdocs\backendSendra\vendor\laravel\framework\src\Illuminate\Pipeline\Pipeline.php(183): Illuminate\Foundation\Http\Middleware\PreventRequestsDuringMaintenance->handle(Object(Illuminate\Http\Request), Object(Closure))
#16 C:\Apache24\htdocs\backendSendra\vendor\laravel\framework\src\Illuminate\Http\Middleware\HandleCors.php(49): Illuminate\Pipeline\Pipeline->{closure:{closure:Illuminate\Pipeline\Pipeline::carry():158}:159}(Object(Illuminate\Http\Request))
#17 C:\Apache24\htdocs\backendSendra\vendor\laravel\framework\src\Illuminate\Pipeline\Pipeline.php(183): Illuminate\Http\Middleware\HandleCors->handle(Object(Illuminate\Http\Request), Object(Closure))
#18 C:\Apache24\htdocs\backendSendra\vendor\laravel\framework\src\Illuminate\Http\Middleware\TrustProxies.php(39): Illuminate\Pipeline\Pipeline->{closure:{closure:Illuminate\Pipeline\Pipeline::carry():158}:159}(Object(Illuminate\Http\Request))
#19 C:\Apache24\htdocs\backendSendra\vendor\laravel\framework\src\Illuminate\Pipeline\Pipeline.php(183): Illuminate\Http\Middleware\TrustProxies->handle(Object(Illuminate\Http\Request), Object(Closure))
#20 C:\Apache24\htdocs\backendSendra\vendor\laravel\framework\src\Illuminate\Pipeline\Pipeline.php(119): Illuminate\Pipeline\Pipeline->{closure:{closure:Illuminate\Pipeline\Pipeline::carry():158}:159}(Object(Illuminate\Http\Request))
#21 C:\Apache24\htdocs\backendSendra\vendor\laravel\framework\src\Illuminate\Foundation\Http\Kernel.php(175): Illuminate\Pipeline\Pipeline->then(Object(Closure))
#22 C:\Apache24\htdocs\backendSendra\vendor\laravel\framework\src\Illuminate\Foundation\Http\Kernel.php(144): Illuminate\Foundation\Http\Kernel->sendRequestThroughRouter(Object(Illuminate\Http\Request))
#23 C:\Apache24\htdocs\backendSendra\public\index.php(51): Illuminate\Foundation\Http\Kernel->handle(Object(Illuminate\Http\Request))
#24 {main}

[2025-01-16 21:43:30] The route test-env could not be found. in C:\Apache24\htdocs\backendSendra\vendor\laravel\framework\src\Illuminate\Routing\AbstractRouteCollection.php on line 44
#0 C:\Apache24\htdocs\backendSendra\vendor\laravel\framework\src\Illuminate\Routing\CompiledRouteCollection.php(144): Illuminate\Routing\AbstractRouteCollection->handleMatchedRoute(Object(Illuminate\Http\Request), NULL)
#1 C:\Apache24\htdocs\backendSendra\vendor\laravel\framework\src\Illuminate\Routing\Router.php(761): Illuminate\Routing\CompiledRouteCollection->match(Object(Illuminate\Http\Request))
#2 C:\Apache24\htdocs\backendSendra\vendor\laravel\framework\src\Illuminate\Routing\Router.php(748): Illuminate\Routing\Router->findRoute(Object(Illuminate\Http\Request))
#3 C:\Apache24\htdocs\backendSendra\vendor\laravel\framework\src\Illuminate\Routing\Router.php(737): Illuminate\Routing\Router->dispatchToRoute(Object(Illuminate\Http\Request))
#4 C:\Apache24\htdocs\backendSendra\vendor\laravel\framework\src\Illuminate\Foundation\Http\Kernel.php(200): Illuminate\Routing\Router->dispatch(Object(Illuminate\Http\Request))
#5 C:\Apache24\htdocs\backendSendra\vendor\laravel\framework\src\Illuminate\Pipeline\Pipeline.php(144): Illuminate\Foundation\Http\Kernel->{closure:Illuminate\Foundation\Http\Kernel::dispatchToRouter():197}(Object(Illuminate\Http\Request))
#6 C:\Apache24\htdocs\backendSendra\vendor\laravel\framework\src\Illuminate\Foundation\Http\Middleware\TransformsRequest.php(21): Illuminate\Pipeline\Pipeline->{closure:Illuminate\Pipeline\Pipeline::prepareDestination():142}(Object(Illuminate\Http\Request))
#7 C:\Apache24\htdocs\backendSendra\vendor\laravel\framework\src\Illuminate\Foundation\Http\Middleware\ConvertEmptyStringsToNull.php(31): Illuminate\Foundation\Http\Middleware\TransformsRequest->handle(Object(Illuminate\Http\Request), Object(Closure))
#8 C:\Apache24\htdocs\backendSendra\vendor\laravel\framework\src\Illuminate\Pipeline\Pipeline.php(183): Illuminate\Foundation\Http\Middleware\ConvertEmptyStringsToNull->handle(Object(Illuminate\Http\Request), Object(Closure))
#9 C:\Apache24\htdocs\backendSendra\vendor\laravel\framework\src\Illuminate\Foundation\Http\Middleware\TransformsRequest.php(21): Illuminate\Pipeline\Pipeline->{closure:{closure:Illuminate\Pipeline\Pipeline::carry():158}:159}(Object(Illuminate\Http\Request))
#10 C:\Apache24\htdocs\backendSendra\vendor\laravel\framework\src\Illuminate\Foundation\Http\Middleware\TrimStrings.php(40): Illuminate\Foundation\Http\Middleware\TransformsRequest->handle(Object(Illuminate\Http\Request), Object(Closure))
#11 C:\Apache24\htdocs\backendSendra\vendor\laravel\framework\src\Illuminate\Pipeline\Pipeline.php(183): Illuminate\Foundation\Http\Middleware\TrimStrings->handle(Object(Illuminate\Http\Request), Object(Closure))
#12 C:\Apache24\htdocs\backendSendra\vendor\laravel\framework\src\Illuminate\Foundation\Http\Middleware\ValidatePostSize.php(27): Illuminate\Pipeline\Pipeline->{closure:{closure:Illuminate\Pipeline\Pipeline::carry():158}:159}(Object(Illuminate\Http\Request))
#13 C:\Apache24\htdocs\backendSendra\vendor\laravel\framework\src\Illuminate\Pipeline\Pipeline.php(183): Illuminate\Foundation\Http\Middleware\ValidatePostSize->handle(Object(Illuminate\Http\Request), Object(Closure))
#14 C:\Apache24\htdocs\backendSendra\vendor\laravel\framework\src\Illuminate\Foundation\Http\Middleware\PreventRequestsDuringMaintenance.php(99): Illuminate\Pipeline\Pipeline->{closure:{closure:Illuminate\Pipeline\Pipeline::carry():158}:159}(Object(Illuminate\Http\Request))
#15 C:\Apache24\htdocs\backendSendra\vendor\laravel\framework\src\Illuminate\Pipeline\Pipeline.php(183): Illuminate\Foundation\Http\Middleware\PreventRequestsDuringMaintenance->handle(Object(Illuminate\Http\Request), Object(Closure))
#16 C:\Apache24\htdocs\backendSendra\vendor\laravel\framework\src\Illuminate\Http\Middleware\HandleCors.php(49): Illuminate\Pipeline\Pipeline->{closure:{closure:Illuminate\Pipeline\Pipeline::carry():158}:159}(Object(Illuminate\Http\Request))
#17 C:\Apache24\htdocs\backendSendra\vendor\laravel\framework\src\Illuminate\Pipeline\Pipeline.php(183): Illuminate\Http\Middleware\HandleCors->handle(Object(Illuminate\Http\Request), Object(Closure))
#18 C:\Apache24\htdocs\backendSendra\vendor\laravel\framework\src\Illuminate\Http\Middleware\TrustProxies.php(39): Illuminate\Pipeline\Pipeline->{closure:{closure:Illuminate\Pipeline\Pipeline::carry():158}:159}(Object(Illuminate\Http\Request))
#19 C:\Apache24\htdocs\backendSendra\vendor\laravel\framework\src\Illuminate\Pipeline\Pipeline.php(183): Illuminate\Http\Middleware\TrustProxies->handle(Object(Illuminate\Http\Request), Object(Closure))
#20 C:\Apache24\htdocs\backendSendra\vendor\laravel\framework\src\Illuminate\Pipeline\Pipeline.php(119): Illuminate\Pipeline\Pipeline->{closure:{closure:Illuminate\Pipeline\Pipeline::carry():158}:159}(Object(Illuminate\Http\Request))
#21 C:\Apache24\htdocs\backendSendra\vendor\laravel\framework\src\Illuminate\Foundation\Http\Kernel.php(175): Illuminate\Pipeline\Pipeline->then(Object(Closure))
#22 C:\Apache24\htdocs\backendSendra\vendor\laravel\framework\src\Illuminate\Foundation\Http\Kernel.php(144): Illuminate\Foundation\Http\Kernel->sendRequestThroughRouter(Object(Illuminate\Http\Request))
#23 C:\Apache24\htdocs\backendSendra\public\index.php(51): Illuminate\Foundation\Http\Kernel->handle(Object(Illuminate\Http\Request))
#24 {main}

[2025-01-16 21:43:45] The GET method is not supported for route api/send-sms. Supported methods: POST. in C:\Apache24\htdocs\backendSendra\vendor\laravel\framework\src\Illuminate\Routing\AbstractRouteCollection.php on line 122
#0 C:\Apache24\htdocs\backendSendra\vendor\laravel\framework\src\Illuminate\Routing\AbstractRouteCollection.php(107): Illuminate\Routing\AbstractRouteCollection->requestMethodNotAllowed(Object(Illuminate\Http\Request), Array, 'GET')
#1 C:\Apache24\htdocs\backendSendra\vendor\laravel\framework\src\Illuminate\Routing\AbstractRouteCollection.php(41): Illuminate\Routing\AbstractRouteCollection->getRouteForMethods(Object(Illuminate\Http\Request), Array)
#2 C:\Apache24\htdocs\backendSendra\vendor\laravel\framework\src\Illuminate\Routing\CompiledRouteCollection.php(144): Illuminate\Routing\AbstractRouteCollection->handleMatchedRoute(Object(Illuminate\Http\Request), NULL)
#3 C:\Apache24\htdocs\backendSendra\vendor\laravel\framework\src\Illuminate\Routing\Router.php(761): Illuminate\Routing\CompiledRouteCollection->match(Object(Illuminate\Http\Request))
#4 C:\Apache24\htdocs\backendSendra\vendor\laravel\framework\src\Illuminate\Routing\Router.php(748): Illuminate\Routing\Router->findRoute(Object(Illuminate\Http\Request))
#5 C:\Apache24\htdocs\backendSendra\vendor\laravel\framework\src\Illuminate\Routing\Router.php(737): Illuminate\Routing\Router->dispatchToRoute(Object(Illuminate\Http\Request))
#6 C:\Apache24\htdocs\backendSendra\vendor\laravel\framework\src\Illuminate\Foundation\Http\Kernel.php(200): Illuminate\Routing\Router->dispatch(Object(Illuminate\Http\Request))
#7 C:\Apache24\htdocs\backendSendra\vendor\laravel\framework\src\Illuminate\Pipeline\Pipeline.php(144): Illuminate\Foundation\Http\Kernel->{closure:Illuminate\Foundation\Http\Kernel::dispatchToRouter():197}(Object(Illuminate\Http\Request))
#8 C:\Apache24\htdocs\backendSendra\vendor\laravel\framework\src\Illuminate\Foundation\Http\Middleware\TransformsRequest.php(21): Illuminate\Pipeline\Pipeline->{closure:Illuminate\Pipeline\Pipeline::prepareDestination():142}(Object(Illuminate\Http\Request))
#9 C:\Apache24\htdocs\backendSendra\vendor\laravel\framework\src\Illuminate\Foundation\Http\Middleware\ConvertEmptyStringsToNull.php(31): Illuminate\Foundation\Http\Middleware\TransformsRequest->handle(Object(Illuminate\Http\Request), Object(Closure))
#10 C:\Apache24\htdocs\backendSendra\vendor\laravel\framework\src\Illuminate\Pipeline\Pipeline.php(183): Illuminate\Foundation\Http\Middleware\ConvertEmptyStringsToNull->handle(Object(Illuminate\Http\Request), Object(Closure))
#11 C:\Apache24\htdocs\backendSendra\vendor\laravel\framework\src\Illuminate\Foundation\Http\Middleware\TransformsRequest.php(21): Illuminate\Pipeline\Pipeline->{closure:{closure:Illuminate\Pipeline\Pipeline::carry():158}:159}(Object(Illuminate\Http\Request))
#12 C:\Apache24\htdocs\backendSendra\vendor\laravel\framework\src\Illuminate\Foundation\Http\Middleware\TrimStrings.php(40): Illuminate\Foundation\Http\Middleware\TransformsRequest->handle(Object(Illuminate\Http\Request), Object(Closure))
#13 C:\Apache24\htdocs\backendSendra\vendor\laravel\framework\src\Illuminate\Pipeline\Pipeline.php(183): Illuminate\Foundation\Http\Middleware\TrimStrings->handle(Object(Illuminate\Http\Request), Object(Closure))
#14 C:\Apache24\htdocs\backendSendra\vendor\laravel\framework\src\Illuminate\Foundation\Http\Middleware\ValidatePostSize.php(27): Illuminate\Pipeline\Pipeline->{closure:{closure:Illuminate\Pipeline\Pipeline::carry():158}:159}(Object(Illuminate\Http\Request))
#15 C:\Apache24\htdocs\backendSendra\vendor\laravel\framework\src\Illuminate\Pipeline\Pipeline.php(183): Illuminate\Foundation\Http\Middleware\ValidatePostSize->handle(Object(Illuminate\Http\Request), Object(Closure))
#16 C:\Apache24\htdocs\backendSendra\vendor\laravel\framework\src\Illuminate\Foundation\Http\Middleware\PreventRequestsDuringMaintenance.php(99): Illuminate\Pipeline\Pipeline->{closure:{closure:Illuminate\Pipeline\Pipeline::carry():158}:159}(Object(Illuminate\Http\Request))
#17 C:\Apache24\htdocs\backendSendra\vendor\laravel\framework\src\Illuminate\Pipeline\Pipeline.php(183): Illuminate\Foundation\Http\Middleware\PreventRequestsDuringMaintenance->handle(Object(Illuminate\Http\Request), Object(Closure))
#18 C:\Apache24\htdocs\backendSendra\vendor\laravel\framework\src\Illuminate\Http\Middleware\HandleCors.php(62): Illuminate\Pipeline\Pipeline->{closure:{closure:Illuminate\Pipeline\Pipeline::carry():158}:159}(Object(Illuminate\Http\Request))
#19 C:\Apache24\htdocs\backendSendra\vendor\laravel\framework\src\Illuminate\Pipeline\Pipeline.php(183): Illuminate\Http\Middleware\HandleCors->handle(Object(Illuminate\Http\Request), Object(Closure))
#20 C:\Apache24\htdocs\backendSendra\vendor\laravel\framework\src\Illuminate\Http\Middleware\TrustProxies.php(39): Illuminate\Pipeline\Pipeline->{closure:{closure:Illuminate\Pipeline\Pipeline::carry():158}:159}(Object(Illuminate\Http\Request))
#21 C:\Apache24\htdocs\backendSendra\vendor\laravel\framework\src\Illuminate\Pipeline\Pipeline.php(183): Illuminate\Http\Middleware\TrustProxies->handle(Object(Illuminate\Http\Request), Object(Closure))
#22 C:\Apache24\htdocs\backendSendra\vendor\laravel\framework\src\Illuminate\Pipeline\Pipeline.php(119): Illuminate\Pipeline\Pipeline->{closure:{closure:Illuminate\Pipeline\Pipeline::carry():158}:159}(Object(Illuminate\Http\Request))
#23 C:\Apache24\htdocs\backendSendra\vendor\laravel\framework\src\Illuminate\Foundation\Http\Kernel.php(175): Illuminate\Pipeline\Pipeline->then(Object(Closure))
#24 C:\Apache24\htdocs\backendSendra\vendor\laravel\framework\src\Illuminate\Foundation\Http\Kernel.php(144): Illuminate\Foundation\Http\Kernel->sendRequestThroughRouter(Object(Illuminate\Http\Request))
#25 C:\Apache24\htdocs\backendSendra\public\index.php(51): Illuminate\Foundation\Http\Kernel->handle(Object(Illuminate\Http\Request))
#26 {main}

[2025-01-16 21:43:56] Orange SMS credentials are not properly set in the .env file. in C:\Apache24\htdocs\backendSendra\app\Services\OrangeSmsService.php on line 24
#0 [internal function]: App\Services\OrangeSmsService->__construct()
#1 C:\Apache24\htdocs\backendSendra\vendor\laravel\framework\src\Illuminate\Container\Container.php(952): ReflectionClass->newInstanceArgs(Array)
#2 C:\Apache24\htdocs\backendSendra\vendor\laravel\framework\src\Illuminate\Container\Container.php(795): Illuminate\Container\Container->build('App\\Services\\Or...')
#3 C:\Apache24\htdocs\backendSendra\vendor\laravel\framework\src\Illuminate\Foundation\Application.php(957): Illuminate\Container\Container->resolve('App\\Services\\Or...', Array, true)
#4 C:\Apache24\htdocs\backendSendra\vendor\laravel\framework\src\Illuminate\Container\Container.php(731): Illuminate\Foundation\Application->resolve('App\\Services\\Or...', Array)
#5 C:\Apache24\htdocs\backendSendra\vendor\laravel\framework\src\Illuminate\Foundation\Application.php(942): Illuminate\Container\Container->make('App\\Services\\Or...', Array)
#6 C:\Apache24\htdocs\backendSendra\vendor\laravel\framework\src\Illuminate\Container\Container.php(1066): Illuminate\Foundation\Application->make('App\\Services\\Or...')
#7 C:\Apache24\htdocs\backendSendra\vendor\laravel\framework\src\Illuminate\Container\Container.php(982): Illuminate\Container\Container->resolveClass(Object(ReflectionParameter))
#8 C:\Apache24\htdocs\backendSendra\vendor\laravel\framework\src\Illuminate\Container\Container.php(943): Illuminate\Container\Container->resolveDependencies(Array)
#9 C:\Apache24\htdocs\backendSendra\vendor\laravel\framework\src\Illuminate\Container\Container.php(795): Illuminate\Container\Container->build('App\\Http\\Contro...')
#10 C:\Apache24\htdocs\backendSendra\vendor\laravel\framework\src\Illuminate\Foundation\Application.php(957): Illuminate\Container\Container->resolve('App\\Http\\Contro...', Array, true)
#11 C:\Apache24\htdocs\backendSendra\vendor\laravel\framework\src\Illuminate\Container\Container.php(731): Illuminate\Foundation\Application->resolve('App\\Http\\Contro...', Array)
#12 C:\Apache24\htdocs\backendSendra\vendor\laravel\framework\src\Illuminate\Foundation\Application.php(942): Illuminate\Container\Container->make('App\\Http\\Contro...', Array)
#13 C:\Apache24\htdocs\backendSendra\vendor\laravel\framework\src\Illuminate\Routing\Route.php(278): Illuminate\Foundation\Application->make('App\\Http\\Contro...')
#14 C:\Apache24\htdocs\backendSendra\vendor\laravel\framework\src\Illuminate\Routing\Route.php(1104): Illuminate\Routing\Route->getController()
#15 C:\Apache24\htdocs\backendSendra\vendor\laravel\framework\src\Illuminate\Routing\Route.php(1035): Illuminate\Routing\Route->controllerMiddleware()
#16 C:\Apache24\htdocs\backendSendra\vendor\laravel\framework\src\Illuminate\Routing\Router.php(818): Illuminate\Routing\Route->gatherMiddleware()
#17 C:\Apache24\htdocs\backendSendra\vendor\laravel\framework\src\Illuminate\Routing\Router.php(800): Illuminate\Routing\Router->gatherRouteMiddleware(Object(Illuminate\Routing\Route))
#18 C:\Apache24\htdocs\backendSendra\vendor\laravel\framework\src\Illuminate\Routing\Router.php(784): Illuminate\Routing\Router->runRouteWithinStack(Object(Illuminate\Routing\Route), Object(Illuminate\Http\Request))
#19 C:\Apache24\htdocs\backendSendra\vendor\laravel\framework\src\Illuminate\Routing\Router.php(748): Illuminate\Routing\Router->runRoute(Object(Illuminate\Http\Request), Object(Illuminate\Routing\Route))
#20 C:\Apache24\htdocs\backendSendra\vendor\laravel\framework\src\Illuminate\Routing\Router.php(737): Illuminate\Routing\Router->dispatchToRoute(Object(Illuminate\Http\Request))
#21 C:\Apache24\htdocs\backendSendra\vendor\laravel\framework\src\Illuminate\Foundation\Http\Kernel.php(200): Illuminate\Routing\Router->dispatch(Object(Illuminate\Http\Request))
#22 C:\Apache24\htdocs\backendSendra\vendor\laravel\framework\src\Illuminate\Pipeline\Pipeline.php(144): Illuminate\Foundation\Http\Kernel->{closure:Illuminate\Foundation\Http\Kernel::dispatchToRouter():197}(Object(Illuminate\Http\Request))
#23 C:\Apache24\htdocs\backendSendra\vendor\laravel\framework\src\Illuminate\Foundation\Http\Middleware\TransformsRequest.php(21): Illuminate\Pipeline\Pipeline->{closure:Illuminate\Pipeline\Pipeline::prepareDestination():142}(Object(Illuminate\Http\Request))
#24 C:\Apache24\htdocs\backendSendra\vendor\laravel\framework\src\Illuminate\Foundation\Http\Middleware\ConvertEmptyStringsToNull.php(31): Illuminate\Foundation\Http\Middleware\TransformsRequest->handle(Object(Illuminate\Http\Request), Object(Closure))
#25 C:\Apache24\htdocs\backendSendra\vendor\laravel\framework\src\Illuminate\Pipeline\Pipeline.php(183): Illuminate\Foundation\Http\Middleware\ConvertEmptyStringsToNull->handle(Object(Illuminate\Http\Request), Object(Closure))
#26 C:\Apache24\htdocs\backendSendra\vendor\laravel\framework\src\Illuminate\Foundation\Http\Middleware\TransformsRequest.php(21): Illuminate\Pipeline\Pipeline->{closure:{closure:Illuminate\Pipeline\Pipeline::carry():158}:159}(Object(Illuminate\Http\Request))
#27 C:\Apache24\htdocs\backendSendra\vendor\laravel\framework\src\Illuminate\Foundation\Http\Middleware\TrimStrings.php(40): Illuminate\Foundation\Http\Middleware\TransformsRequest->handle(Object(Illuminate\Http\Request), Object(Closure))
#28 C:\Apache24\htdocs\backendSendra\vendor\laravel\framework\src\Illuminate\Pipeline\Pipeline.php(183): Illuminate\Foundation\Http\Middleware\TrimStrings->handle(Object(Illuminate\Http\Request), Object(Closure))
#29 C:\Apache24\htdocs\backendSendra\vendor\laravel\framework\src\Illuminate\Foundation\Http\Middleware\ValidatePostSize.php(27): Illuminate\Pipeline\Pipeline->{closure:{closure:Illuminate\Pipeline\Pipeline::carry():158}:159}(Object(Illuminate\Http\Request))
#30 C:\Apache24\htdocs\backendSendra\vendor\laravel\framework\src\Illuminate\Pipeline\Pipeline.php(183): Illuminate\Foundation\Http\Middleware\ValidatePostSize->handle(Object(Illuminate\Http\Request), Object(Closure))
#31 C:\Apache24\htdocs\backendSendra\vendor\laravel\framework\src\Illuminate\Foundation\Http\Middleware\PreventRequestsDuringMaintenance.php(99): Illuminate\Pipeline\Pipeline->{closure:{closure:Illuminate\Pipeline\Pipeline::carry():158}:159}(Object(Illuminate\Http\Request))
#32 C:\Apache24\htdocs\backendSendra\vendor\laravel\framework\src\Illuminate\Pipeline\Pipeline.php(183): Illuminate\Foundation\Http\Middleware\PreventRequestsDuringMaintenance->handle(Object(Illuminate\Http\Request), Object(Closure))
#33 C:\Apache24\htdocs\backendSendra\vendor\laravel\framework\src\Illuminate\Http\Middleware\HandleCors.php(62): Illuminate\Pipeline\Pipeline->{closure:{closure:Illuminate\Pipeline\Pipeline::carry():158}:159}(Object(Illuminate\Http\Request))
#34 C:\Apache24\htdocs\backendSendra\vendor\laravel\framework\src\Illuminate\Pipeline\Pipeline.php(183): Illuminate\Http\Middleware\HandleCors->handle(Object(Illuminate\Http\Request), Object(Closure))
#35 C:\Apache24\htdocs\backendSendra\vendor\laravel\framework\src\Illuminate\Http\Middleware\TrustProxies.php(39): Illuminate\Pipeline\Pipeline->{closure:{closure:Illuminate\Pipeline\Pipeline::carry():158}:159}(Object(Illuminate\Http\Request))
#36 C:\Apache24\htdocs\backendSendra\vendor\laravel\framework\src\Illuminate\Pipeline\Pipeline.php(183): Illuminate\Http\Middleware\TrustProxies->handle(Object(Illuminate\Http\Request), Object(Closure))
#37 C:\Apache24\htdocs\backendSendra\vendor\laravel\framework\src\Illuminate\Pipeline\Pipeline.php(119): Illuminate\Pipeline\Pipeline->{closure:{closure:Illuminate\Pipeline\Pipeline::carry():158}:159}(Object(Illuminate\Http\Request))
#38 C:\Apache24\htdocs\backendSendra\vendor\laravel\framework\src\Illuminate\Foundation\Http\Kernel.php(175): Illuminate\Pipeline\Pipeline->then(Object(Closure))
#39 C:\Apache24\htdocs\backendSendra\vendor\laravel\framework\src\Illuminate\Foundation\Http\Kernel.php(144): Illuminate\Foundation\Http\Kernel->sendRequestThroughRouter(Object(Illuminate\Http\Request))
#40 C:\Apache24\htdocs\backendSendra\public\index.php(51): Illuminate\Foundation\Http\Kernel->handle(Object(Illuminate\Http\Request))
#41 {main}

[2025-01-16 21:44:37] Orange SMS credentials are not properly set in the .env file. in C:\Apache24\htdocs\backendSendra\app\Services\OrangeSmsService.php on line 24
#0 [internal function]: App\Services\OrangeSmsService->__construct()
#1 C:\Apache24\htdocs\backendSendra\vendor\laravel\framework\src\Illuminate\Container\Container.php(952): ReflectionClass->newInstanceArgs(Array)
#2 C:\Apache24\htdocs\backendSendra\vendor\laravel\framework\src\Illuminate\Container\Container.php(795): Illuminate\Container\Container->build('App\\Services\\Or...')
#3 C:\Apache24\htdocs\backendSendra\vendor\laravel\framework\src\Illuminate\Foundation\Application.php(957): Illuminate\Container\Container->resolve('App\\Services\\Or...', Array, true)
#4 C:\Apache24\htdocs\backendSendra\vendor\laravel\framework\src\Illuminate\Container\Container.php(731): Illuminate\Foundation\Application->resolve('App\\Services\\Or...', Array)
#5 C:\Apache24\htdocs\backendSendra\vendor\laravel\framework\src\Illuminate\Foundation\Application.php(942): Illuminate\Container\Container->make('App\\Services\\Or...', Array)
#6 C:\Apache24\htdocs\backendSendra\vendor\laravel\framework\src\Illuminate\Container\Container.php(1066): Illuminate\Foundation\Application->make('App\\Services\\Or...')
#7 C:\Apache24\htdocs\backendSendra\vendor\laravel\framework\src\Illuminate\Container\Container.php(982): Illuminate\Container\Container->resolveClass(Object(ReflectionParameter))
#8 C:\Apache24\htdocs\backendSendra\vendor\laravel\framework\src\Illuminate\Container\Container.php(943): Illuminate\Container\Container->resolveDependencies(Array)
#9 C:\Apache24\htdocs\backendSendra\vendor\laravel\framework\src\Illuminate\Container\Container.php(795): Illuminate\Container\Container->build('App\\Http\\Contro...')
#10 C:\Apache24\htdocs\backendSendra\vendor\laravel\framework\src\Illuminate\Foundation\Application.php(957): Illuminate\Container\Container->resolve('App\\Http\\Contro...', Array, true)
#11 C:\Apache24\htdocs\backendSendra\vendor\laravel\framework\src\Illuminate\Container\Container.php(731): Illuminate\Foundation\Application->resolve('App\\Http\\Contro...', Array)
#12 C:\Apache24\htdocs\backendSendra\vendor\laravel\framework\src\Illuminate\Foundation\Application.php(942): Illuminate\Container\Container->make('App\\Http\\Contro...', Array)
#13 C:\Apache24\htdocs\backendSendra\vendor\laravel\framework\src\Illuminate\Routing\Route.php(278): Illuminate\Foundation\Application->make('App\\Http\\Contro...')
#14 C:\Apache24\htdocs\backendSendra\vendor\laravel\framework\src\Illuminate\Routing\Route.php(1104): Illuminate\Routing\Route->getController()
#15 C:\Apache24\htdocs\backendSendra\vendor\laravel\framework\src\Illuminate\Routing\Route.php(1035): Illuminate\Routing\Route->controllerMiddleware()
#16 C:\Apache24\htdocs\backendSendra\vendor\laravel\framework\src\Illuminate\Routing\Router.php(818): Illuminate\Routing\Route->gatherMiddleware()
#17 C:\Apache24\htdocs\backendSendra\vendor\laravel\framework\src\Illuminate\Routing\Router.php(800): Illuminate\Routing\Router->gatherRouteMiddleware(Object(Illuminate\Routing\Route))
#18 C:\Apache24\htdocs\backendSendra\vendor\laravel\framework\src\Illuminate\Routing\Router.php(784): Illuminate\Routing\Router->runRouteWithinStack(Object(Illuminate\Routing\Route), Object(Illuminate\Http\Request))
#19 C:\Apache24\htdocs\backendSendra\vendor\laravel\framework\src\Illuminate\Routing\Router.php(748): Illuminate\Routing\Router->runRoute(Object(Illuminate\Http\Request), Object(Illuminate\Routing\Route))
#20 C:\Apache24\htdocs\backendSendra\vendor\laravel\framework\src\Illuminate\Routing\Router.php(737): Illuminate\Routing\Router->dispatchToRoute(Object(Illuminate\Http\Request))
#21 C:\Apache24\htdocs\backendSendra\vendor\laravel\framework\src\Illuminate\Foundation\Http\Kernel.php(200): Illuminate\Routing\Router->dispatch(Object(Illuminate\Http\Request))
#22 C:\Apache24\htdocs\backendSendra\vendor\laravel\framework\src\Illuminate\Pipeline\Pipeline.php(144): Illuminate\Foundation\Http\Kernel->{closure:Illuminate\Foundation\Http\Kernel::dispatchToRouter():197}(Object(Illuminate\Http\Request))
#23 C:\Apache24\htdocs\backendSendra\vendor\laravel\framework\src\Illuminate\Foundation\Http\Middleware\TransformsRequest.php(21): Illuminate\Pipeline\Pipeline->{closure:Illuminate\Pipeline\Pipeline::prepareDestination():142}(Object(Illuminate\Http\Request))
#24 C:\Apache24\htdocs\backendSendra\vendor\laravel\framework\src\Illuminate\Foundation\Http\Middleware\ConvertEmptyStringsToNull.php(31): Illuminate\Foundation\Http\Middleware\TransformsRequest->handle(Object(Illuminate\Http\Request), Object(Closure))
#25 C:\Apache24\htdocs\backendSendra\vendor\laravel\framework\src\Illuminate\Pipeline\Pipeline.php(183): Illuminate\Foundation\Http\Middleware\ConvertEmptyStringsToNull->handle(Object(Illuminate\Http\Request), Object(Closure))
#26 C:\Apache24\htdocs\backendSendra\vendor\laravel\framework\src\Illuminate\Foundation\Http\Middleware\TransformsRequest.php(21): Illuminate\Pipeline\Pipeline->{closure:{closure:Illuminate\Pipeline\Pipeline::carry():158}:159}(Object(Illuminate\Http\Request))
#27 C:\Apache24\htdocs\backendSendra\vendor\laravel\framework\src\Illuminate\Foundation\Http\Middleware\TrimStrings.php(40): Illuminate\Foundation\Http\Middleware\TransformsRequest->handle(Object(Illuminate\Http\Request), Object(Closure))
#28 C:\Apache24\htdocs\backendSendra\vendor\laravel\framework\src\Illuminate\Pipeline\Pipeline.php(183): Illuminate\Foundation\Http\Middleware\TrimStrings->handle(Object(Illuminate\Http\Request), Object(Closure))
#29 C:\Apache24\htdocs\backendSendra\vendor\laravel\framework\src\Illuminate\Foundation\Http\Middleware\ValidatePostSize.php(27): Illuminate\Pipeline\Pipeline->{closure:{closure:Illuminate\Pipeline\Pipeline::carry():158}:159}(Object(Illuminate\Http\Request))
#30 C:\Apache24\htdocs\backendSendra\vendor\laravel\framework\src\Illuminate\Pipeline\Pipeline.php(183): Illuminate\Foundation\Http\Middleware\ValidatePostSize->handle(Object(Illuminate\Http\Request), Object(Closure))
#31 C:\Apache24\htdocs\backendSendra\vendor\laravel\framework\src\Illuminate\Foundation\Http\Middleware\PreventRequestsDuringMaintenance.php(99): Illuminate\Pipeline\Pipeline->{closure:{closure:Illuminate\Pipeline\Pipeline::carry():158}:159}(Object(Illuminate\Http\Request))
#32 C:\Apache24\htdocs\backendSendra\vendor\laravel\framework\src\Illuminate\Pipeline\Pipeline.php(183): Illuminate\Foundation\Http\Middleware\PreventRequestsDuringMaintenance->handle(Object(Illuminate\Http\Request), Object(Closure))
#33 C:\Apache24\htdocs\backendSendra\vendor\laravel\framework\src\Illuminate\Http\Middleware\HandleCors.php(62): Illuminate\Pipeline\Pipeline->{closure:{closure:Illuminate\Pipeline\Pipeline::carry():158}:159}(Object(Illuminate\Http\Request))
#34 C:\Apache24\htdocs\backendSendra\vendor\laravel\framework\src\Illuminate\Pipeline\Pipeline.php(183): Illuminate\Http\Middleware\HandleCors->handle(Object(Illuminate\Http\Request), Object(Closure))
#35 C:\Apache24\htdocs\backendSendra\vendor\laravel\framework\src\Illuminate\Http\Middleware\TrustProxies.php(39): Illuminate\Pipeline\Pipeline->{closure:{closure:Illuminate\Pipeline\Pipeline::carry():158}:159}(Object(Illuminate\Http\Request))
#36 C:\Apache24\htdocs\backendSendra\vendor\laravel\framework\src\Illuminate\Pipeline\Pipeline.php(183): Illuminate\Http\Middleware\TrustProxies->handle(Object(Illuminate\Http\Request), Object(Closure))
#37 C:\Apache24\htdocs\backendSendra\vendor\laravel\framework\src\Illuminate\Pipeline\Pipeline.php(119): Illuminate\Pipeline\Pipeline->{closure:{closure:Illuminate\Pipeline\Pipeline::carry():158}:159}(Object(Illuminate\Http\Request))
#38 C:\Apache24\htdocs\backendSendra\vendor\laravel\framework\src\Illuminate\Foundation\Http\Kernel.php(175): Illuminate\Pipeline\Pipeline->then(Object(Closure))
#39 C:\Apache24\htdocs\backendSendra\vendor\laravel\framework\src\Illuminate\Foundation\Http\Kernel.php(144): Illuminate\Foundation\Http\Kernel->sendRequestThroughRouter(Object(Illuminate\Http\Request))
#40 C:\Apache24\htdocs\backendSendra\public\index.php(51): Illuminate\Foundation\Http\Kernel->handle(Object(Illuminate\Http\Request))
#41 {main}

[2025-01-16 21:47:01] Unauthenticated. in C:\Apache24\htdocs\backendSendra\vendor\laravel\framework\src\Illuminate\Auth\Middleware\Authenticate.php on line 95
#0 C:\Apache24\htdocs\backendSendra\vendor\laravel\framework\src\Illuminate\Auth\Middleware\Authenticate.php(81): Illuminate\Auth\Middleware\Authenticate->unauthenticated(Object(Illuminate\Http\Request), Array)
#1 C:\Apache24\htdocs\backendSendra\vendor\laravel\framework\src\Illuminate\Auth\Middleware\Authenticate.php(55): Illuminate\Auth\Middleware\Authenticate->authenticate(Object(Illuminate\Http\Request), Array)
#2 C:\Apache24\htdocs\backendSendra\vendor\laravel\framework\src\Illuminate\Pipeline\Pipeline.php(183): Illuminate\Auth\Middleware\Authenticate->handle(Object(Illuminate\Http\Request), Object(Closure), 'api')
#3 C:\Apache24\htdocs\backendSendra\vendor\laravel\framework\src\Illuminate\Pipeline\Pipeline.php(119): Illuminate\Pipeline\Pipeline->{closure:{closure:Illuminate\Pipeline\Pipeline::carry():158}:159}(Object(Illuminate\Http\Request))
#4 C:\Apache24\htdocs\backendSendra\vendor\laravel\framework\src\Illuminate\Routing\Router.php(805): Illuminate\Pipeline\Pipeline->then(Object(Closure))
#5 C:\Apache24\htdocs\backendSendra\vendor\laravel\framework\src\Illuminate\Routing\Router.php(784): Illuminate\Routing\Router->runRouteWithinStack(Object(Illuminate\Routing\Route), Object(Illuminate\Http\Request))
#6 C:\Apache24\htdocs\backendSendra\vendor\laravel\framework\src\Illuminate\Routing\Router.php(748): Illuminate\Routing\Router->runRoute(Object(Illuminate\Http\Request), Object(Illuminate\Routing\Route))
#7 C:\Apache24\htdocs\backendSendra\vendor\laravel\framework\src\Illuminate\Routing\Router.php(737): Illuminate\Routing\Router->dispatchToRoute(Object(Illuminate\Http\Request))
#8 C:\Apache24\htdocs\backendSendra\vendor\laravel\framework\src\Illuminate\Foundation\Http\Kernel.php(200): Illuminate\Routing\Router->dispatch(Object(Illuminate\Http\Request))
#9 C:\Apache24\htdocs\backendSendra\vendor\laravel\framework\src\Illuminate\Pipeline\Pipeline.php(144): Illuminate\Foundation\Http\Kernel->{closure:Illuminate\Foundation\Http\Kernel::dispatchToRouter():197}(Object(Illuminate\Http\Request))
#10 C:\Apache24\htdocs\backendSendra\vendor\laravel\framework\src\Illuminate\Foundation\Http\Middleware\TransformsRequest.php(21): Illuminate\Pipeline\Pipeline->{closure:Illuminate\Pipeline\Pipeline::prepareDestination():142}(Object(Illuminate\Http\Request))
#11 C:\Apache24\htdocs\backendSendra\vendor\laravel\framework\src\Illuminate\Foundation\Http\Middleware\ConvertEmptyStringsToNull.php(31): Illuminate\Foundation\Http\Middleware\TransformsRequest->handle(Object(Illuminate\Http\Request), Object(Closure))
#12 C:\Apache24\htdocs\backendSendra\vendor\laravel\framework\src\Illuminate\Pipeline\Pipeline.php(183): Illuminate\Foundation\Http\Middleware\ConvertEmptyStringsToNull->handle(Object(Illuminate\Http\Request), Object(Closure))
#13 C:\Apache24\htdocs\backendSendra\vendor\laravel\framework\src\Illuminate\Foundation\Http\Middleware\TransformsRequest.php(21): Illuminate\Pipeline\Pipeline->{closure:{closure:Illuminate\Pipeline\Pipeline::carry():158}:159}(Object(Illuminate\Http\Request))
#14 C:\Apache24\htdocs\backendSendra\vendor\laravel\framework\src\Illuminate\Foundation\Http\Middleware\TrimStrings.php(40): Illuminate\Foundation\Http\Middleware\TransformsRequest->handle(Object(Illuminate\Http\Request), Object(Closure))
#15 C:\Apache24\htdocs\backendSendra\vendor\laravel\framework\src\Illuminate\Pipeline\Pipeline.php(183): Illuminate\Foundation\Http\Middleware\TrimStrings->handle(Object(Illuminate\Http\Request), Object(Closure))
#16 C:\Apache24\htdocs\backendSendra\vendor\laravel\framework\src\Illuminate\Foundation\Http\Middleware\ValidatePostSize.php(27): Illuminate\Pipeline\Pipeline->{closure:{closure:Illuminate\Pipeline\Pipeline::carry():158}:159}(Object(Illuminate\Http\Request))
#17 C:\Apache24\htdocs\backendSendra\vendor\laravel\framework\src\Illuminate\Pipeline\Pipeline.php(183): Illuminate\Foundation\Http\Middleware\ValidatePostSize->handle(Object(Illuminate\Http\Request), Object(Closure))
#18 C:\Apache24\htdocs\backendSendra\vendor\laravel\framework\src\Illuminate\Foundation\Http\Middleware\PreventRequestsDuringMaintenance.php(99): Illuminate\Pipeline\Pipeline->{closure:{closure:Illuminate\Pipeline\Pipeline::carry():158}:159}(Object(Illuminate\Http\Request))
#19 C:\Apache24\htdocs\backendSendra\vendor\laravel\framework\src\Illuminate\Pipeline\Pipeline.php(183): Illuminate\Foundation\Http\Middleware\PreventRequestsDuringMaintenance->handle(Object(Illuminate\Http\Request), Object(Closure))
#20 C:\Apache24\htdocs\backendSendra\vendor\laravel\framework\src\Illuminate\Http\Middleware\HandleCors.php(62): Illuminate\Pipeline\Pipeline->{closure:{closure:Illuminate\Pipeline\Pipeline::carry():158}:159}(Object(Illuminate\Http\Request))
#21 C:\Apache24\htdocs\backendSendra\vendor\laravel\framework\src\Illuminate\Pipeline\Pipeline.php(183): Illuminate\Http\Middleware\HandleCors->handle(Object(Illuminate\Http\Request), Object(Closure))
#22 C:\Apache24\htdocs\backendSendra\vendor\laravel\framework\src\Illuminate\Http\Middleware\TrustProxies.php(39): Illuminate\Pipeline\Pipeline->{closure:{closure:Illuminate\Pipeline\Pipeline::carry():158}:159}(Object(Illuminate\Http\Request))
#23 C:\Apache24\htdocs\backendSendra\vendor\laravel\framework\src\Illuminate\Pipeline\Pipeline.php(183): Illuminate\Http\Middleware\TrustProxies->handle(Object(Illuminate\Http\Request), Object(Closure))
#24 C:\Apache24\htdocs\backendSendra\vendor\laravel\framework\src\Illuminate\Pipeline\Pipeline.php(119): Illuminate\Pipeline\Pipeline->{closure:{closure:Illuminate\Pipeline\Pipeline::carry():158}:159}(Object(Illuminate\Http\Request))
#25 C:\Apache24\htdocs\backendSendra\vendor\laravel\framework\src\Illuminate\Foundation\Http\Kernel.php(175): Illuminate\Pipeline\Pipeline->then(Object(Closure))
#26 C:\Apache24\htdocs\backendSendra\vendor\laravel\framework\src\Illuminate\Foundation\Http\Kernel.php(144): Illuminate\Foundation\Http\Kernel->sendRequestThroughRouter(Object(Illuminate\Http\Request))
#27 C:\Apache24\htdocs\backendSendra\public\index.php(51): Illuminate\Foundation\Http\Kernel->handle(Object(Illuminate\Http\Request))
#28 {main}

[2025-01-16 21:47:02] The GET method is not supported for route api/login. Supported methods: POST. in C:\Apache24\htdocs\backendSendra\vendor\laravel\framework\src\Illuminate\Routing\AbstractRouteCollection.php on line 122
#0 C:\Apache24\htdocs\backendSendra\vendor\laravel\framework\src\Illuminate\Routing\AbstractRouteCollection.php(107): Illuminate\Routing\AbstractRouteCollection->requestMethodNotAllowed(Object(Illuminate\Http\Request), Array, 'GET')
#1 C:\Apache24\htdocs\backendSendra\vendor\laravel\framework\src\Illuminate\Routing\AbstractRouteCollection.php(41): Illuminate\Routing\AbstractRouteCollection->getRouteForMethods(Object(Illuminate\Http\Request), Array)
#2 C:\Apache24\htdocs\backendSendra\vendor\laravel\framework\src\Illuminate\Routing\CompiledRouteCollection.php(144): Illuminate\Routing\AbstractRouteCollection->handleMatchedRoute(Object(Illuminate\Http\Request), NULL)
#3 C:\Apache24\htdocs\backendSendra\vendor\laravel\framework\src\Illuminate\Routing\Router.php(761): Illuminate\Routing\CompiledRouteCollection->match(Object(Illuminate\Http\Request))
#4 C:\Apache24\htdocs\backendSendra\vendor\laravel\framework\src\Illuminate\Routing\Router.php(748): Illuminate\Routing\Router->findRoute(Object(Illuminate\Http\Request))
#5 C:\Apache24\htdocs\backendSendra\vendor\laravel\framework\src\Illuminate\Routing\Router.php(737): Illuminate\Routing\Router->dispatchToRoute(Object(Illuminate\Http\Request))
#6 C:\Apache24\htdocs\backendSendra\vendor\laravel\framework\src\Illuminate\Foundation\Http\Kernel.php(200): Illuminate\Routing\Router->dispatch(Object(Illuminate\Http\Request))
#7 C:\Apache24\htdocs\backendSendra\vendor\laravel\framework\src\Illuminate\Pipeline\Pipeline.php(144): Illuminate\Foundation\Http\Kernel->{closure:Illuminate\Foundation\Http\Kernel::dispatchToRouter():197}(Object(Illuminate\Http\Request))
#8 C:\Apache24\htdocs\backendSendra\vendor\laravel\framework\src\Illuminate\Foundation\Http\Middleware\TransformsRequest.php(21): Illuminate\Pipeline\Pipeline->{closure:Illuminate\Pipeline\Pipeline::prepareDestination():142}(Object(Illuminate\Http\Request))
#9 C:\Apache24\htdocs\backendSendra\vendor\laravel\framework\src\Illuminate\Foundation\Http\Middleware\ConvertEmptyStringsToNull.php(31): Illuminate\Foundation\Http\Middleware\TransformsRequest->handle(Object(Illuminate\Http\Request), Object(Closure))
#10 C:\Apache24\htdocs\backendSendra\vendor\laravel\framework\src\Illuminate\Pipeline\Pipeline.php(183): Illuminate\Foundation\Http\Middleware\ConvertEmptyStringsToNull->handle(Object(Illuminate\Http\Request), Object(Closure))
#11 C:\Apache24\htdocs\backendSendra\vendor\laravel\framework\src\Illuminate\Foundation\Http\Middleware\TransformsRequest.php(21): Illuminate\Pipeline\Pipeline->{closure:{closure:Illuminate\Pipeline\Pipeline::carry():158}:159}(Object(Illuminate\Http\Request))
#12 C:\Apache24\htdocs\backendSendra\vendor\laravel\framework\src\Illuminate\Foundation\Http\Middleware\TrimStrings.php(40): Illuminate\Foundation\Http\Middleware\TransformsRequest->handle(Object(Illuminate\Http\Request), Object(Closure))
#13 C:\Apache24\htdocs\backendSendra\vendor\laravel\framework\src\Illuminate\Pipeline\Pipeline.php(183): Illuminate\Foundation\Http\Middleware\TrimStrings->handle(Object(Illuminate\Http\Request), Object(Closure))
#14 C:\Apache24\htdocs\backendSendra\vendor\laravel\framework\src\Illuminate\Foundation\Http\Middleware\ValidatePostSize.php(27): Illuminate\Pipeline\Pipeline->{closure:{closure:Illuminate\Pipeline\Pipeline::carry():158}:159}(Object(Illuminate\Http\Request))
#15 C:\Apache24\htdocs\backendSendra\vendor\laravel\framework\src\Illuminate\Pipeline\Pipeline.php(183): Illuminate\Foundation\Http\Middleware\ValidatePostSize->handle(Object(Illuminate\Http\Request), Object(Closure))
#16 C:\Apache24\htdocs\backendSendra\vendor\laravel\framework\src\Illuminate\Foundation\Http\Middleware\PreventRequestsDuringMaintenance.php(99): Illuminate\Pipeline\Pipeline->{closure:{closure:Illuminate\Pipeline\Pipeline::carry():158}:159}(Object(Illuminate\Http\Request))
#17 C:\Apache24\htdocs\backendSendra\vendor\laravel\framework\src\Illuminate\Pipeline\Pipeline.php(183): Illuminate\Foundation\Http\Middleware\PreventRequestsDuringMaintenance->handle(Object(Illuminate\Http\Request), Object(Closure))
#18 C:\Apache24\htdocs\backendSendra\vendor\laravel\framework\src\Illuminate\Http\Middleware\HandleCors.php(62): Illuminate\Pipeline\Pipeline->{closure:{closure:Illuminate\Pipeline\Pipeline::carry():158}:159}(Object(Illuminate\Http\Request))
#19 C:\Apache24\htdocs\backendSendra\vendor\laravel\framework\src\Illuminate\Pipeline\Pipeline.php(183): Illuminate\Http\Middleware\HandleCors->handle(Object(Illuminate\Http\Request), Object(Closure))
#20 C:\Apache24\htdocs\backendSendra\vendor\laravel\framework\src\Illuminate\Http\Middleware\TrustProxies.php(39): Illuminate\Pipeline\Pipeline->{closure:{closure:Illuminate\Pipeline\Pipeline::carry():158}:159}(Object(Illuminate\Http\Request))
#21 C:\Apache24\htdocs\backendSendra\vendor\laravel\framework\src\Illuminate\Pipeline\Pipeline.php(183): Illuminate\Http\Middleware\TrustProxies->handle(Object(Illuminate\Http\Request), Object(Closure))
#22 C:\Apache24\htdocs\backendSendra\vendor\laravel\framework\src\Illuminate\Pipeline\Pipeline.php(119): Illuminate\Pipeline\Pipeline->{closure:{closure:Illuminate\Pipeline\Pipeline::carry():158}:159}(Object(Illuminate\Http\Request))
#23 C:\Apache24\htdocs\backendSendra\vendor\laravel\framework\src\Illuminate\Foundation\Http\Kernel.php(175): Illuminate\Pipeline\Pipeline->then(Object(Closure))
#24 C:\Apache24\htdocs\backendSendra\vendor\laravel\framework\src\Illuminate\Foundation\Http\Kernel.php(144): Illuminate\Foundation\Http\Kernel->sendRequestThroughRouter(Object(Illuminate\Http\Request))
#25 C:\Apache24\htdocs\backendSendra\public\index.php(51): Illuminate\Foundation\Http\Kernel->handle(Object(Illuminate\Http\Request))
#26 {main}

[2025-01-16 21:48:16] Unauthenticated. in C:\Apache24\htdocs\backendSendra\vendor\laravel\framework\src\Illuminate\Auth\Middleware\Authenticate.php on line 95
#0 C:\Apache24\htdocs\backendSendra\vendor\laravel\framework\src\Illuminate\Auth\Middleware\Authenticate.php(81): Illuminate\Auth\Middleware\Authenticate->unauthenticated(Object(Illuminate\Http\Request), Array)
#1 C:\Apache24\htdocs\backendSendra\vendor\laravel\framework\src\Illuminate\Auth\Middleware\Authenticate.php(55): Illuminate\Auth\Middleware\Authenticate->authenticate(Object(Illuminate\Http\Request), Array)
#2 C:\Apache24\htdocs\backendSendra\vendor\laravel\framework\src\Illuminate\Pipeline\Pipeline.php(183): Illuminate\Auth\Middleware\Authenticate->handle(Object(Illuminate\Http\Request), Object(Closure), 'api')
#3 C:\Apache24\htdocs\backendSendra\vendor\laravel\framework\src\Illuminate\Pipeline\Pipeline.php(119): Illuminate\Pipeline\Pipeline->{closure:{closure:Illuminate\Pipeline\Pipeline::carry():158}:159}(Object(Illuminate\Http\Request))
#4 C:\Apache24\htdocs\backendSendra\vendor\laravel\framework\src\Illuminate\Routing\Router.php(805): Illuminate\Pipeline\Pipeline->then(Object(Closure))
#5 C:\Apache24\htdocs\backendSendra\vendor\laravel\framework\src\Illuminate\Routing\Router.php(784): Illuminate\Routing\Router->runRouteWithinStack(Object(Illuminate\Routing\Route), Object(Illuminate\Http\Request))
#6 C:\Apache24\htdocs\backendSendra\vendor\laravel\framework\src\Illuminate\Routing\Router.php(748): Illuminate\Routing\Router->runRoute(Object(Illuminate\Http\Request), Object(Illuminate\Routing\Route))
#7 C:\Apache24\htdocs\backendSendra\vendor\laravel\framework\src\Illuminate\Routing\Router.php(737): Illuminate\Routing\Router->dispatchToRoute(Object(Illuminate\Http\Request))
#8 C:\Apache24\htdocs\backendSendra\vendor\laravel\framework\src\Illuminate\Foundation\Http\Kernel.php(200): Illuminate\Routing\Router->dispatch(Object(Illuminate\Http\Request))
#9 C:\Apache24\htdocs\backendSendra\vendor\laravel\framework\src\Illuminate\Pipeline\Pipeline.php(144): Illuminate\Foundation\Http\Kernel->{closure:Illuminate\Foundation\Http\Kernel::dispatchToRouter():197}(Object(Illuminate\Http\Request))
#10 C:\Apache24\htdocs\backendSendra\vendor\laravel\framework\src\Illuminate\Foundation\Http\Middleware\TransformsRequest.php(21): Illuminate\Pipeline\Pipeline->{closure:Illuminate\Pipeline\Pipeline::prepareDestination():142}(Object(Illuminate\Http\Request))
#11 C:\Apache24\htdocs\backendSendra\vendor\laravel\framework\src\Illuminate\Foundation\Http\Middleware\ConvertEmptyStringsToNull.php(31): Illuminate\Foundation\Http\Middleware\TransformsRequest->handle(Object(Illuminate\Http\Request), Object(Closure))
#12 C:\Apache24\htdocs\backendSendra\vendor\laravel\framework\src\Illuminate\Pipeline\Pipeline.php(183): Illuminate\Foundation\Http\Middleware\ConvertEmptyStringsToNull->handle(Object(Illuminate\Http\Request), Object(Closure))
#13 C:\Apache24\htdocs\backendSendra\vendor\laravel\framework\src\Illuminate\Foundation\Http\Middleware\TransformsRequest.php(21): Illuminate\Pipeline\Pipeline->{closure:{closure:Illuminate\Pipeline\Pipeline::carry():158}:159}(Object(Illuminate\Http\Request))
#14 C:\Apache24\htdocs\backendSendra\vendor\laravel\framework\src\Illuminate\Foundation\Http\Middleware\TrimStrings.php(40): Illuminate\Foundation\Http\Middleware\TransformsRequest->handle(Object(Illuminate\Http\Request), Object(Closure))
#15 C:\Apache24\htdocs\backendSendra\vendor\laravel\framework\src\Illuminate\Pipeline\Pipeline.php(183): Illuminate\Foundation\Http\Middleware\TrimStrings->handle(Object(Illuminate\Http\Request), Object(Closure))
#16 C:\Apache24\htdocs\backendSendra\vendor\laravel\framework\src\Illuminate\Foundation\Http\Middleware\ValidatePostSize.php(27): Illuminate\Pipeline\Pipeline->{closure:{closure:Illuminate\Pipeline\Pipeline::carry():158}:159}(Object(Illuminate\Http\Request))
#17 C:\Apache24\htdocs\backendSendra\vendor\laravel\framework\src\Illuminate\Pipeline\Pipeline.php(183): Illuminate\Foundation\Http\Middleware\ValidatePostSize->handle(Object(Illuminate\Http\Request), Object(Closure))
#18 C:\Apache24\htdocs\backendSendra\vendor\laravel\framework\src\Illuminate\Foundation\Http\Middleware\PreventRequestsDuringMaintenance.php(99): Illuminate\Pipeline\Pipeline->{closure:{closure:Illuminate\Pipeline\Pipeline::carry():158}:159}(Object(Illuminate\Http\Request))
#19 C:\Apache24\htdocs\backendSendra\vendor\laravel\framework\src\Illuminate\Pipeline\Pipeline.php(183): Illuminate\Foundation\Http\Middleware\PreventRequestsDuringMaintenance->handle(Object(Illuminate\Http\Request), Object(Closure))
#20 C:\Apache24\htdocs\backendSendra\vendor\laravel\framework\src\Illuminate\Http\Middleware\HandleCors.php(62): Illuminate\Pipeline\Pipeline->{closure:{closure:Illuminate\Pipeline\Pipeline::carry():158}:159}(Object(Illuminate\Http\Request))
#21 C:\Apache24\htdocs\backendSendra\vendor\laravel\framework\src\Illuminate\Pipeline\Pipeline.php(183): Illuminate\Http\Middleware\HandleCors->handle(Object(Illuminate\Http\Request), Object(Closure))
#22 C:\Apache24\htdocs\backendSendra\vendor\laravel\framework\src\Illuminate\Http\Middleware\TrustProxies.php(39): Illuminate\Pipeline\Pipeline->{closure:{closure:Illuminate\Pipeline\Pipeline::carry():158}:159}(Object(Illuminate\Http\Request))
#23 C:\Apache24\htdocs\backendSendra\vendor\laravel\framework\src\Illuminate\Pipeline\Pipeline.php(183): Illuminate\Http\Middleware\TrustProxies->handle(Object(Illuminate\Http\Request), Object(Closure))
#24 C:\Apache24\htdocs\backendSendra\vendor\laravel\framework\src\Illuminate\Pipeline\Pipeline.php(119): Illuminate\Pipeline\Pipeline->{closure:{closure:Illuminate\Pipeline\Pipeline::carry():158}:159}(Object(Illuminate\Http\Request))
#25 C:\Apache24\htdocs\backendSendra\vendor\laravel\framework\src\Illuminate\Foundation\Http\Kernel.php(175): Illuminate\Pipeline\Pipeline->then(Object(Closure))
#26 C:\Apache24\htdocs\backendSendra\vendor\laravel\framework\src\Illuminate\Foundation\Http\Kernel.php(144): Illuminate\Foundation\Http\Kernel->sendRequestThroughRouter(Object(Illuminate\Http\Request))
#27 C:\Apache24\htdocs\backendSendra\public\index.php(51): Illuminate\Foundation\Http\Kernel->handle(Object(Illuminate\Http\Request))
#28 {main}

[2025-01-16 21:48:17] The GET method is not supported for route api/login. Supported methods: POST. in C:\Apache24\htdocs\backendSendra\vendor\laravel\framework\src\Illuminate\Routing\AbstractRouteCollection.php on line 122
#0 C:\Apache24\htdocs\backendSendra\vendor\laravel\framework\src\Illuminate\Routing\AbstractRouteCollection.php(107): Illuminate\Routing\AbstractRouteCollection->requestMethodNotAllowed(Object(Illuminate\Http\Request), Array, 'GET')
#1 C:\Apache24\htdocs\backendSendra\vendor\laravel\framework\src\Illuminate\Routing\AbstractRouteCollection.php(41): Illuminate\Routing\AbstractRouteCollection->getRouteForMethods(Object(Illuminate\Http\Request), Array)
#2 C:\Apache24\htdocs\backendSendra\vendor\laravel\framework\src\Illuminate\Routing\CompiledRouteCollection.php(144): Illuminate\Routing\AbstractRouteCollection->handleMatchedRoute(Object(Illuminate\Http\Request), NULL)
#3 C:\Apache24\htdocs\backendSendra\vendor\laravel\framework\src\Illuminate\Routing\Router.php(761): Illuminate\Routing\CompiledRouteCollection->match(Object(Illuminate\Http\Request))
#4 C:\Apache24\htdocs\backendSendra\vendor\laravel\framework\src\Illuminate\Routing\Router.php(748): Illuminate\Routing\Router->findRoute(Object(Illuminate\Http\Request))
#5 C:\Apache24\htdocs\backendSendra\vendor\laravel\framework\src\Illuminate\Routing\Router.php(737): Illuminate\Routing\Router->dispatchToRoute(Object(Illuminate\Http\Request))
#6 C:\Apache24\htdocs\backendSendra\vendor\laravel\framework\src\Illuminate\Foundation\Http\Kernel.php(200): Illuminate\Routing\Router->dispatch(Object(Illuminate\Http\Request))
#7 C:\Apache24\htdocs\backendSendra\vendor\laravel\framework\src\Illuminate\Pipeline\Pipeline.php(144): Illuminate\Foundation\Http\Kernel->{closure:Illuminate\Foundation\Http\Kernel::dispatchToRouter():197}(Object(Illuminate\Http\Request))
#8 C:\Apache24\htdocs\backendSendra\vendor\laravel\framework\src\Illuminate\Foundation\Http\Middleware\TransformsRequest.php(21): Illuminate\Pipeline\Pipeline->{closure:Illuminate\Pipeline\Pipeline::prepareDestination():142}(Object(Illuminate\Http\Request))
#9 C:\Apache24\htdocs\backendSendra\vendor\laravel\framework\src\Illuminate\Foundation\Http\Middleware\ConvertEmptyStringsToNull.php(31): Illuminate\Foundation\Http\Middleware\TransformsRequest->handle(Object(Illuminate\Http\Request), Object(Closure))
#10 C:\Apache24\htdocs\backendSendra\vendor\laravel\framework\src\Illuminate\Pipeline\Pipeline.php(183): Illuminate\Foundation\Http\Middleware\ConvertEmptyStringsToNull->handle(Object(Illuminate\Http\Request), Object(Closure))
#11 C:\Apache24\htdocs\backendSendra\vendor\laravel\framework\src\Illuminate\Foundation\Http\Middleware\TransformsRequest.php(21): Illuminate\Pipeline\Pipeline->{closure:{closure:Illuminate\Pipeline\Pipeline::carry():158}:159}(Object(Illuminate\Http\Request))
#12 C:\Apache24\htdocs\backendSendra\vendor\laravel\framework\src\Illuminate\Foundation\Http\Middleware\TrimStrings.php(40): Illuminate\Foundation\Http\Middleware\TransformsRequest->handle(Object(Illuminate\Http\Request), Object(Closure))
#13 C:\Apache24\htdocs\backendSendra\vendor\laravel\framework\src\Illuminate\Pipeline\Pipeline.php(183): Illuminate\Foundation\Http\Middleware\TrimStrings->handle(Object(Illuminate\Http\Request), Object(Closure))
#14 C:\Apache24\htdocs\backendSendra\vendor\laravel\framework\src\Illuminate\Foundation\Http\Middleware\ValidatePostSize.php(27): Illuminate\Pipeline\Pipeline->{closure:{closure:Illuminate\Pipeline\Pipeline::carry():158}:159}(Object(Illuminate\Http\Request))
#15 C:\Apache24\htdocs\backendSendra\vendor\laravel\framework\src\Illuminate\Pipeline\Pipeline.php(183): Illuminate\Foundation\Http\Middleware\ValidatePostSize->handle(Object(Illuminate\Http\Request), Object(Closure))
#16 C:\Apache24\htdocs\backendSendra\vendor\laravel\framework\src\Illuminate\Foundation\Http\Middleware\PreventRequestsDuringMaintenance.php(99): Illuminate\Pipeline\Pipeline->{closure:{closure:Illuminate\Pipeline\Pipeline::carry():158}:159}(Object(Illuminate\Http\Request))
#17 C:\Apache24\htdocs\backendSendra\vendor\laravel\framework\src\Illuminate\Pipeline\Pipeline.php(183): Illuminate\Foundation\Http\Middleware\PreventRequestsDuringMaintenance->handle(Object(Illuminate\Http\Request), Object(Closure))
#18 C:\Apache24\htdocs\backendSendra\vendor\laravel\framework\src\Illuminate\Http\Middleware\HandleCors.php(62): Illuminate\Pipeline\Pipeline->{closure:{closure:Illuminate\Pipeline\Pipeline::carry():158}:159}(Object(Illuminate\Http\Request))
#19 C:\Apache24\htdocs\backendSendra\vendor\laravel\framework\src\Illuminate\Pipeline\Pipeline.php(183): Illuminate\Http\Middleware\HandleCors->handle(Object(Illuminate\Http\Request), Object(Closure))
#20 C:\Apache24\htdocs\backendSendra\vendor\laravel\framework\src\Illuminate\Http\Middleware\TrustProxies.php(39): Illuminate\Pipeline\Pipeline->{closure:{closure:Illuminate\Pipeline\Pipeline::carry():158}:159}(Object(Illuminate\Http\Request))
#21 C:\Apache24\htdocs\backendSendra\vendor\laravel\framework\src\Illuminate\Pipeline\Pipeline.php(183): Illuminate\Http\Middleware\TrustProxies->handle(Object(Illuminate\Http\Request), Object(Closure))
#22 C:\Apache24\htdocs\backendSendra\vendor\laravel\framework\src\Illuminate\Pipeline\Pipeline.php(119): Illuminate\Pipeline\Pipeline->{closure:{closure:Illuminate\Pipeline\Pipeline::carry():158}:159}(Object(Illuminate\Http\Request))
#23 C:\Apache24\htdocs\backendSendra\vendor\laravel\framework\src\Illuminate\Foundation\Http\Kernel.php(175): Illuminate\Pipeline\Pipeline->then(Object(Closure))
#24 C:\Apache24\htdocs\backendSendra\vendor\laravel\framework\src\Illuminate\Foundation\Http\Kernel.php(144): Illuminate\Foundation\Http\Kernel->sendRequestThroughRouter(Object(Illuminate\Http\Request))
#25 C:\Apache24\htdocs\backendSendra\public\index.php(51): Illuminate\Foundation\Http\Kernel->handle(Object(Illuminate\Http\Request))
#26 {main}

[2025-01-16 21:48:29] Array to string conversion in C:\Apache24\htdocs\backendSendra\app\Http\Controllers\SMSController.php on line 32
#0 C:\Apache24\htdocs\backendSendra\vendor\laravel\framework\src\Illuminate\Foundation\Bootstrap\HandleExceptions.php(255): Illuminate\Foundation\Bootstrap\HandleExceptions->handleError(2, 'Array to string...', 'C:\\Apache24\\htd...', 32)
#1 C:\Apache24\htdocs\backendSendra\app\Http\Controllers\SMSController.php(32): Illuminate\Foundation\Bootstrap\HandleExceptions->{closure:Illuminate\Foundation\Bootstrap\HandleExceptions::forwardsTo():254}(2, 'Array to string...', 'C:\\Apache24\\htd...', 32)
#2 C:\Apache24\htdocs\backendSendra\vendor\laravel\framework\src\Illuminate\Routing\Controller.php(54): App\Http\Controllers\SMSController->sendSms(Object(Illuminate\Http\Request))
#3 C:\Apache24\htdocs\backendSendra\vendor\laravel\framework\src\Illuminate\Routing\ControllerDispatcher.php(43): Illuminate\Routing\Controller->callAction('sendSms', Array)
#4 C:\Apache24\htdocs\backendSendra\vendor\laravel\framework\src\Illuminate\Routing\Route.php(259): Illuminate\Routing\ControllerDispatcher->dispatch(Object(Illuminate\Routing\Route), Object(App\Http\Controllers\SMSController), 'sendSms')
#5 C:\Apache24\htdocs\backendSendra\vendor\laravel\framework\src\Illuminate\Routing\Route.php(205): Illuminate\Routing\Route->runController()
#6 C:\Apache24\htdocs\backendSendra\vendor\laravel\framework\src\Illuminate\Routing\Router.php(806): Illuminate\Routing\Route->run()
#7 C:\Apache24\htdocs\backendSendra\vendor\laravel\framework\src\Illuminate\Pipeline\Pipeline.php(144): Illuminate\Routing\Router->{closure:Illuminate\Routing\Router::runRouteWithinStack():805}(Object(Illuminate\Http\Request))
#8 C:\Apache24\htdocs\backendSendra\vendor\laravel\framework\src\Illuminate\Routing\Middleware\SubstituteBindings.php(50): Illuminate\Pipeline\Pipeline->{closure:Illuminate\Pipeline\Pipeline::prepareDestination():142}(Object(Illuminate\Http\Request))
#9 C:\Apache24\htdocs\backendSendra\vendor\laravel\framework\src\Illuminate\Pipeline\Pipeline.php(183): Illuminate\Routing\Middleware\SubstituteBindings->handle(Object(Illuminate\Http\Request), Object(Closure))
#10 C:\Apache24\htdocs\backendSendra\vendor\laravel\framework\src\Illuminate\Routing\Middleware\ThrottleRequests.php(159): Illuminate\Pipeline\Pipeline->{closure:{closure:Illuminate\Pipeline\Pipeline::carry():158}:159}(Object(Illuminate\Http\Request))
#11 C:\Apache24\htdocs\backendSendra\vendor\laravel\framework\src\Illuminate\Routing\Middleware\ThrottleRequests.php(125): Illuminate\Routing\Middleware\ThrottleRequests->handleRequest(Object(Illuminate\Http\Request), Object(Closure), Array)
#12 C:\Apache24\htdocs\backendSendra\vendor\laravel\framework\src\Illuminate\Routing\Middleware\ThrottleRequests.php(87): Illuminate\Routing\Middleware\ThrottleRequests->handleRequestUsingNamedLimiter(Object(Illuminate\Http\Request), Object(Closure), 'api', Object(Closure))
#13 C:\Apache24\htdocs\backendSendra\vendor\laravel\framework\src\Illuminate\Pipeline\Pipeline.php(183): Illuminate\Routing\Middleware\ThrottleRequests->handle(Object(Illuminate\Http\Request), Object(Closure), 'api')
#14 C:\Apache24\htdocs\backendSendra\vendor\laravel\framework\src\Illuminate\Auth\Middleware\Authenticate.php(57): Illuminate\Pipeline\Pipeline->{closure:{closure:Illuminate\Pipeline\Pipeline::carry():158}:159}(Object(Illuminate\Http\Request))
#15 C:\Apache24\htdocs\backendSendra\vendor\laravel\framework\src\Illuminate\Pipeline\Pipeline.php(183): Illuminate\Auth\Middleware\Authenticate->handle(Object(Illuminate\Http\Request), Object(Closure), 'api')
#16 C:\Apache24\htdocs\backendSendra\vendor\laravel\framework\src\Illuminate\Pipeline\Pipeline.php(119): Illuminate\Pipeline\Pipeline->{closure:{closure:Illuminate\Pipeline\Pipeline::carry():158}:159}(Object(Illuminate\Http\Request))
#17 C:\Apache24\htdocs\backendSendra\vendor\laravel\framework\src\Illuminate\Routing\Router.php(805): Illuminate\Pipeline\Pipeline->then(Object(Closure))
#18 C:\Apache24\htdocs\backendSendra\vendor\laravel\framework\src\Illuminate\Routing\Router.php(784): Illuminate\Routing\Router->runRouteWithinStack(Object(Illuminate\Routing\Route), Object(Illuminate\Http\Request))
#19 C:\Apache24\htdocs\backendSendra\vendor\laravel\framework\src\Illuminate\Routing\Router.php(748): Illuminate\Routing\Router->runRoute(Object(Illuminate\Http\Request), Object(Illuminate\Routing\Route))
#20 C:\Apache24\htdocs\backendSendra\vendor\laravel\framework\src\Illuminate\Routing\Router.php(737): Illuminate\Routing\Router->dispatchToRoute(Object(Illuminate\Http\Request))
#21 C:\Apache24\htdocs\backendSendra\vendor\laravel\framework\src\Illuminate\Foundation\Http\Kernel.php(200): Illuminate\Routing\Router->dispatch(Object(Illuminate\Http\Request))
#22 C:\Apache24\htdocs\backendSendra\vendor\laravel\framework\src\Illuminate\Pipeline\Pipeline.php(144): Illuminate\Foundation\Http\Kernel->{closure:Illuminate\Foundation\Http\Kernel::dispatchToRouter():197}(Object(Illuminate\Http\Request))
#23 C:\Apache24\htdocs\backendSendra\vendor\laravel\framework\src\Illuminate\Foundation\Http\Middleware\TransformsRequest.php(21): Illuminate\Pipeline\Pipeline->{closure:Illuminate\Pipeline\Pipeline::prepareDestination():142}(Object(Illuminate\Http\Request))
#24 C:\Apache24\htdocs\backendSendra\vendor\laravel\framework\src\Illuminate\Foundation\Http\Middleware\ConvertEmptyStringsToNull.php(31): Illuminate\Foundation\Http\Middleware\TransformsRequest->handle(Object(Illuminate\Http\Request), Object(Closure))
#25 C:\Apache24\htdocs\backendSendra\vendor\laravel\framework\src\Illuminate\Pipeline\Pipeline.php(183): Illuminate\Foundation\Http\Middleware\ConvertEmptyStringsToNull->handle(Object(Illuminate\Http\Request), Object(Closure))
#26 C:\Apache24\htdocs\backendSendra\vendor\laravel\framework\src\Illuminate\Foundation\Http\Middleware\TransformsRequest.php(21): Illuminate\Pipeline\Pipeline->{closure:{closure:Illuminate\Pipeline\Pipeline::carry():158}:159}(Object(Illuminate\Http\Request))
#27 C:\Apache24\htdocs\backendSendra\vendor\laravel\framework\src\Illuminate\Foundation\Http\Middleware\TrimStrings.php(40): Illuminate\Foundation\Http\Middleware\TransformsRequest->handle(Object(Illuminate\Http\Request), Object(Closure))
#28 C:\Apache24\htdocs\backendSendra\vendor\laravel\framework\src\Illuminate\Pipeline\Pipeline.php(183): Illuminate\Foundation\Http\Middleware\TrimStrings->handle(Object(Illuminate\Http\Request), Object(Closure))
#29 C:\Apache24\htdocs\backendSendra\vendor\laravel\framework\src\Illuminate\Foundation\Http\Middleware\ValidatePostSize.php(27): Illuminate\Pipeline\Pipeline->{closure:{closure:Illuminate\Pipeline\Pipeline::carry():158}:159}(Object(Illuminate\Http\Request))
#30 C:\Apache24\htdocs\backendSendra\vendor\laravel\framework\src\Illuminate\Pipeline\Pipeline.php(183): Illuminate\Foundation\Http\Middleware\ValidatePostSize->handle(Object(Illuminate\Http\Request), Object(Closure))
#31 C:\Apache24\htdocs\backendSendra\vendor\laravel\framework\src\Illuminate\Foundation\Http\Middleware\PreventRequestsDuringMaintenance.php(99): Illuminate\Pipeline\Pipeline->{closure:{closure:Illuminate\Pipeline\Pipeline::carry():158}:159}(Object(Illuminate\Http\Request))
#32 C:\Apache24\htdocs\backendSendra\vendor\laravel\framework\src\Illuminate\Pipeline\Pipeline.php(183): Illuminate\Foundation\Http\Middleware\PreventRequestsDuringMaintenance->handle(Object(Illuminate\Http\Request), Object(Closure))
#33 C:\Apache24\htdocs\backendSendra\vendor\laravel\framework\src\Illuminate\Http\Middleware\HandleCors.php(62): Illuminate\Pipeline\Pipeline->{closure:{closure:Illuminate\Pipeline\Pipeline::carry():158}:159}(Object(Illuminate\Http\Request))
#34 C:\Apache24\htdocs\backendSendra\vendor\laravel\framework\src\Illuminate\Pipeline\Pipeline.php(183): Illuminate\Http\Middleware\HandleCors->handle(Object(Illuminate\Http\Request), Object(Closure))
#35 C:\Apache24\htdocs\backendSendra\vendor\laravel\framework\src\Illuminate\Http\Middleware\TrustProxies.php(39): Illuminate\Pipeline\Pipeline->{closure:{closure:Illuminate\Pipeline\Pipeline::carry():158}:159}(Object(Illuminate\Http\Request))
#36 C:\Apache24\htdocs\backendSendra\vendor\laravel\framework\src\Illuminate\Pipeline\Pipeline.php(183): Illuminate\Http\Middleware\TrustProxies->handle(Object(Illuminate\Http\Request), Object(Closure))
#37 C:\Apache24\htdocs\backendSendra\vendor\laravel\framework\src\Illuminate\Pipeline\Pipeline.php(119): Illuminate\Pipeline\Pipeline->{closure:{closure:Illuminate\Pipeline\Pipeline::carry():158}:159}(Object(Illuminate\Http\Request))
#38 C:\Apache24\htdocs\backendSendra\vendor\laravel\framework\src\Illuminate\Foundation\Http\Kernel.php(175): Illuminate\Pipeline\Pipeline->then(Object(Closure))
#39 C:\Apache24\htdocs\backendSendra\vendor\laravel\framework\src\Illuminate\Foundation\Http\Kernel.php(144): Illuminate\Foundation\Http\Kernel->sendRequestThroughRouter(Object(Illuminate\Http\Request))
#40 C:\Apache24\htdocs\backendSendra\public\index.php(51): Illuminate\Foundation\Http\Kernel->handle(Object(Illuminate\Http\Request))
#41 {main}

[2025-01-16 21:49:35] Array to string conversion in C:\Apache24\htdocs\backendSendra\app\Http\Controllers\SMSController.php on line 32
#0 C:\Apache24\htdocs\backendSendra\vendor\laravel\framework\src\Illuminate\Foundation\Bootstrap\HandleExceptions.php(255): Illuminate\Foundation\Bootstrap\HandleExceptions->handleError(2, 'Array to string...', 'C:\\Apache24\\htd...', 32)
#1 C:\Apache24\htdocs\backendSendra\app\Http\Controllers\SMSController.php(32): Illuminate\Foundation\Bootstrap\HandleExceptions->{closure:Illuminate\Foundation\Bootstrap\HandleExceptions::forwardsTo():254}(2, 'Array to string...', 'C:\\Apache24\\htd...', 32)
#2 C:\Apache24\htdocs\backendSendra\vendor\laravel\framework\src\Illuminate\Routing\Controller.php(54): App\Http\Controllers\SMSController->sendSms(Object(Illuminate\Http\Request))
#3 C:\Apache24\htdocs\backendSendra\vendor\laravel\framework\src\Illuminate\Routing\ControllerDispatcher.php(43): Illuminate\Routing\Controller->callAction('sendSms', Array)
#4 C:\Apache24\htdocs\backendSendra\vendor\laravel\framework\src\Illuminate\Routing\Route.php(259): Illuminate\Routing\ControllerDispatcher->dispatch(Object(Illuminate\Routing\Route), Object(App\Http\Controllers\SMSController), 'sendSms')
#5 C:\Apache24\htdocs\backendSendra\vendor\laravel\framework\src\Illuminate\Routing\Route.php(205): Illuminate\Routing\Route->runController()
#6 C:\Apache24\htdocs\backendSendra\vendor\laravel\framework\src\Illuminate\Routing\Router.php(806): Illuminate\Routing\Route->run()
#7 C:\Apache24\htdocs\backendSendra\vendor\laravel\framework\src\Illuminate\Pipeline\Pipeline.php(144): Illuminate\Routing\Router->{closure:Illuminate\Routing\Router::runRouteWithinStack():805}(Object(Illuminate\Http\Request))
#8 C:\Apache24\htdocs\backendSendra\vendor\laravel\framework\src\Illuminate\Routing\Middleware\SubstituteBindings.php(50): Illuminate\Pipeline\Pipeline->{closure:Illuminate\Pipeline\Pipeline::prepareDestination():142}(Object(Illuminate\Http\Request))
#9 C:\Apache24\htdocs\backendSendra\vendor\laravel\framework\src\Illuminate\Pipeline\Pipeline.php(183): Illuminate\Routing\Middleware\SubstituteBindings->handle(Object(Illuminate\Http\Request), Object(Closure))
#10 C:\Apache24\htdocs\backendSendra\vendor\laravel\framework\src\Illuminate\Routing\Middleware\ThrottleRequests.php(159): Illuminate\Pipeline\Pipeline->{closure:{closure:Illuminate\Pipeline\Pipeline::carry():158}:159}(Object(Illuminate\Http\Request))
#11 C:\Apache24\htdocs\backendSendra\vendor\laravel\framework\src\Illuminate\Routing\Middleware\ThrottleRequests.php(125): Illuminate\Routing\Middleware\ThrottleRequests->handleRequest(Object(Illuminate\Http\Request), Object(Closure), Array)
#12 C:\Apache24\htdocs\backendSendra\vendor\laravel\framework\src\Illuminate\Routing\Middleware\ThrottleRequests.php(87): Illuminate\Routing\Middleware\ThrottleRequests->handleRequestUsingNamedLimiter(Object(Illuminate\Http\Request), Object(Closure), 'api', Object(Closure))
#13 C:\Apache24\htdocs\backendSendra\vendor\laravel\framework\src\Illuminate\Pipeline\Pipeline.php(183): Illuminate\Routing\Middleware\ThrottleRequests->handle(Object(Illuminate\Http\Request), Object(Closure), 'api')
#14 C:\Apache24\htdocs\backendSendra\vendor\laravel\framework\src\Illuminate\Auth\Middleware\Authenticate.php(57): Illuminate\Pipeline\Pipeline->{closure:{closure:Illuminate\Pipeline\Pipeline::carry():158}:159}(Object(Illuminate\Http\Request))
#15 C:\Apache24\htdocs\backendSendra\vendor\laravel\framework\src\Illuminate\Pipeline\Pipeline.php(183): Illuminate\Auth\Middleware\Authenticate->handle(Object(Illuminate\Http\Request), Object(Closure), 'api')
#16 C:\Apache24\htdocs\backendSendra\vendor\laravel\framework\src\Illuminate\Pipeline\Pipeline.php(119): Illuminate\Pipeline\Pipeline->{closure:{closure:Illuminate\Pipeline\Pipeline::carry():158}:159}(Object(Illuminate\Http\Request))
#17 C:\Apache24\htdocs\backendSendra\vendor\laravel\framework\src\Illuminate\Routing\Router.php(805): Illuminate\Pipeline\Pipeline->then(Object(Closure))
#18 C:\Apache24\htdocs\backendSendra\vendor\laravel\framework\src\Illuminate\Routing\Router.php(784): Illuminate\Routing\Router->runRouteWithinStack(Object(Illuminate\Routing\Route), Object(Illuminate\Http\Request))
#19 C:\Apache24\htdocs\backendSendra\vendor\laravel\framework\src\Illuminate\Routing\Router.php(748): Illuminate\Routing\Router->runRoute(Object(Illuminate\Http\Request), Object(Illuminate\Routing\Route))
#20 C:\Apache24\htdocs\backendSendra\vendor\laravel\framework\src\Illuminate\Routing\Router.php(737): Illuminate\Routing\Router->dispatchToRoute(Object(Illuminate\Http\Request))
#21 C:\Apache24\htdocs\backendSendra\vendor\laravel\framework\src\Illuminate\Foundation\Http\Kernel.php(200): Illuminate\Routing\Router->dispatch(Object(Illuminate\Http\Request))
#22 C:\Apache24\htdocs\backendSendra\vendor\laravel\framework\src\Illuminate\Pipeline\Pipeline.php(144): Illuminate\Foundation\Http\Kernel->{closure:Illuminate\Foundation\Http\Kernel::dispatchToRouter():197}(Object(Illuminate\Http\Request))
#23 C:\Apache24\htdocs\backendSendra\vendor\laravel\framework\src\Illuminate\Foundation\Http\Middleware\TransformsRequest.php(21): Illuminate\Pipeline\Pipeline->{closure:Illuminate\Pipeline\Pipeline::prepareDestination():142}(Object(Illuminate\Http\Request))
#24 C:\Apache24\htdocs\backendSendra\vendor\laravel\framework\src\Illuminate\Foundation\Http\Middleware\ConvertEmptyStringsToNull.php(31): Illuminate\Foundation\Http\Middleware\TransformsRequest->handle(Object(Illuminate\Http\Request), Object(Closure))
#25 C:\Apache24\htdocs\backendSendra\vendor\laravel\framework\src\Illuminate\Pipeline\Pipeline.php(183): Illuminate\Foundation\Http\Middleware\ConvertEmptyStringsToNull->handle(Object(Illuminate\Http\Request), Object(Closure))
#26 C:\Apache24\htdocs\backendSendra\vendor\laravel\framework\src\Illuminate\Foundation\Http\Middleware\TransformsRequest.php(21): Illuminate\Pipeline\Pipeline->{closure:{closure:Illuminate\Pipeline\Pipeline::carry():158}:159}(Object(Illuminate\Http\Request))
#27 C:\Apache24\htdocs\backendSendra\vendor\laravel\framework\src\Illuminate\Foundation\Http\Middleware\TrimStrings.php(40): Illuminate\Foundation\Http\Middleware\TransformsRequest->handle(Object(Illuminate\Http\Request), Object(Closure))
#28 C:\Apache24\htdocs\backendSendra\vendor\laravel\framework\src\Illuminate\Pipeline\Pipeline.php(183): Illuminate\Foundation\Http\Middleware\TrimStrings->handle(Object(Illuminate\Http\Request), Object(Closure))
#29 C:\Apache24\htdocs\backendSendra\vendor\laravel\framework\src\Illuminate\Foundation\Http\Middleware\ValidatePostSize.php(27): Illuminate\Pipeline\Pipeline->{closure:{closure:Illuminate\Pipeline\Pipeline::carry():158}:159}(Object(Illuminate\Http\Request))
#30 C:\Apache24\htdocs\backendSendra\vendor\laravel\framework\src\Illuminate\Pipeline\Pipeline.php(183): Illuminate\Foundation\Http\Middleware\ValidatePostSize->handle(Object(Illuminate\Http\Request), Object(Closure))
#31 C:\Apache24\htdocs\backendSendra\vendor\laravel\framework\src\Illuminate\Foundation\Http\Middleware\PreventRequestsDuringMaintenance.php(99): Illuminate\Pipeline\Pipeline->{closure:{closure:Illuminate\Pipeline\Pipeline::carry():158}:159}(Object(Illuminate\Http\Request))
#32 C:\Apache24\htdocs\backendSendra\vendor\laravel\framework\src\Illuminate\Pipeline\Pipeline.php(183): Illuminate\Foundation\Http\Middleware\PreventRequestsDuringMaintenance->handle(Object(Illuminate\Http\Request), Object(Closure))
#33 C:\Apache24\htdocs\backendSendra\vendor\laravel\framework\src\Illuminate\Http\Middleware\HandleCors.php(62): Illuminate\Pipeline\Pipeline->{closure:{closure:Illuminate\Pipeline\Pipeline::carry():158}:159}(Object(Illuminate\Http\Request))
#34 C:\Apache24\htdocs\backendSendra\vendor\laravel\framework\src\Illuminate\Pipeline\Pipeline.php(183): Illuminate\Http\Middleware\HandleCors->handle(Object(Illuminate\Http\Request), Object(Closure))
#35 C:\Apache24\htdocs\backendSendra\vendor\laravel\framework\src\Illuminate\Http\Middleware\TrustProxies.php(39): Illuminate\Pipeline\Pipeline->{closure:{closure:Illuminate\Pipeline\Pipeline::carry():158}:159}(Object(Illuminate\Http\Request))
#36 C:\Apache24\htdocs\backendSendra\vendor\laravel\framework\src\Illuminate\Pipeline\Pipeline.php(183): Illuminate\Http\Middleware\TrustProxies->handle(Object(Illuminate\Http\Request), Object(Closure))
#37 C:\Apache24\htdocs\backendSendra\vendor\laravel\framework\src\Illuminate\Pipeline\Pipeline.php(119): Illuminate\Pipeline\Pipeline->{closure:{closure:Illuminate\Pipeline\Pipeline::carry():158}:159}(Object(Illuminate\Http\Request))
#38 C:\Apache24\htdocs\backendSendra\vendor\laravel\framework\src\Illuminate\Foundation\Http\Kernel.php(175): Illuminate\Pipeline\Pipeline->then(Object(Closure))
#39 C:\Apache24\htdocs\backendSendra\vendor\laravel\framework\src\Illuminate\Foundation\Http\Kernel.php(144): Illuminate\Foundation\Http\Kernel->sendRequestThroughRouter(Object(Illuminate\Http\Request))
#40 C:\Apache24\htdocs\backendSendra\public\index.php(51): Illuminate\Foundation\Http\Kernel->handle(Object(Illuminate\Http\Request))
#41 {main}

[2025-01-17 13:11:08] Orange SMS credentials are not properly set in the .env file. in C:\Apache24\htdocs\backendSendra\app\Services\OrangeSmsService.php on line 26
#0 [internal function]: App\Services\OrangeSmsService->__construct()
#1 C:\Apache24\htdocs\backendSendra\vendor\laravel\framework\src\Illuminate\Container\Container.php(952): ReflectionClass->newInstanceArgs(Array)
#2 C:\Apache24\htdocs\backendSendra\vendor\laravel\framework\src\Illuminate\Container\Container.php(795): Illuminate\Container\Container->build('App\\Services\\Or...')
#3 C:\Apache24\htdocs\backendSendra\vendor\laravel\framework\src\Illuminate\Foundation\Application.php(957): Illuminate\Container\Container->resolve('App\\Services\\Or...', Array, true)
#4 C:\Apache24\htdocs\backendSendra\vendor\laravel\framework\src\Illuminate\Container\Container.php(731): Illuminate\Foundation\Application->resolve('App\\Services\\Or...', Array)
#5 C:\Apache24\htdocs\backendSendra\vendor\laravel\framework\src\Illuminate\Foundation\Application.php(942): Illuminate\Container\Container->make('App\\Services\\Or...', Array)
#6 C:\Apache24\htdocs\backendSendra\vendor\laravel\framework\src\Illuminate\Container\Container.php(1066): Illuminate\Foundation\Application->make('App\\Services\\Or...')
#7 C:\Apache24\htdocs\backendSendra\vendor\laravel\framework\src\Illuminate\Container\Container.php(982): Illuminate\Container\Container->resolveClass(Object(ReflectionParameter))
#8 C:\Apache24\htdocs\backendSendra\vendor\laravel\framework\src\Illuminate\Container\Container.php(943): Illuminate\Container\Container->resolveDependencies(Array)
#9 C:\Apache24\htdocs\backendSendra\vendor\laravel\framework\src\Illuminate\Container\Container.php(795): Illuminate\Container\Container->build('App\\Http\\Contro...')
#10 C:\Apache24\htdocs\backendSendra\vendor\laravel\framework\src\Illuminate\Foundation\Application.php(957): Illuminate\Container\Container->resolve('App\\Http\\Contro...', Array, true)
#11 C:\Apache24\htdocs\backendSendra\vendor\laravel\framework\src\Illuminate\Container\Container.php(731): Illuminate\Foundation\Application->resolve('App\\Http\\Contro...', Array)
#12 C:\Apache24\htdocs\backendSendra\vendor\laravel\framework\src\Illuminate\Foundation\Application.php(942): Illuminate\Container\Container->make('App\\Http\\Contro...', Array)
#13 C:\Apache24\htdocs\backendSendra\vendor\laravel\framework\src\Illuminate\Routing\Route.php(278): Illuminate\Foundation\Application->make('App\\Http\\Contro...')
#14 C:\Apache24\htdocs\backendSendra\vendor\laravel\framework\src\Illuminate\Routing\Route.php(1104): Illuminate\Routing\Route->getController()
#15 C:\Apache24\htdocs\backendSendra\vendor\laravel\framework\src\Illuminate\Routing\Route.php(1035): Illuminate\Routing\Route->controllerMiddleware()
#16 C:\Apache24\htdocs\backendSendra\vendor\laravel\framework\src\Illuminate\Routing\Router.php(818): Illuminate\Routing\Route->gatherMiddleware()
#17 C:\Apache24\htdocs\backendSendra\vendor\laravel\framework\src\Illuminate\Routing\Router.php(800): Illuminate\Routing\Router->gatherRouteMiddleware(Object(Illuminate\Routing\Route))
#18 C:\Apache24\htdocs\backendSendra\vendor\laravel\framework\src\Illuminate\Routing\Router.php(784): Illuminate\Routing\Router->runRouteWithinStack(Object(Illuminate\Routing\Route), Object(Illuminate\Http\Request))
#19 C:\Apache24\htdocs\backendSendra\vendor\laravel\framework\src\Illuminate\Routing\Router.php(748): Illuminate\Routing\Router->runRoute(Object(Illuminate\Http\Request), Object(Illuminate\Routing\Route))
#20 C:\Apache24\htdocs\backendSendra\vendor\laravel\framework\src\Illuminate\Routing\Router.php(737): Illuminate\Routing\Router->dispatchToRoute(Object(Illuminate\Http\Request))
#21 C:\Apache24\htdocs\backendSendra\vendor\laravel\framework\src\Illuminate\Foundation\Http\Kernel.php(200): Illuminate\Routing\Router->dispatch(Object(Illuminate\Http\Request))
#22 C:\Apache24\htdocs\backendSendra\vendor\laravel\framework\src\Illuminate\Pipeline\Pipeline.php(144): Illuminate\Foundation\Http\Kernel->{closure:Illuminate\Foundation\Http\Kernel::dispatchToRouter():197}(Object(Illuminate\Http\Request))
#23 C:\Apache24\htdocs\backendSendra\vendor\laravel\framework\src\Illuminate\Foundation\Http\Middleware\TransformsRequest.php(21): Illuminate\Pipeline\Pipeline->{closure:Illuminate\Pipeline\Pipeline::prepareDestination():142}(Object(Illuminate\Http\Request))
#24 C:\Apache24\htdocs\backendSendra\vendor\laravel\framework\src\Illuminate\Foundation\Http\Middleware\ConvertEmptyStringsToNull.php(31): Illuminate\Foundation\Http\Middleware\TransformsRequest->handle(Object(Illuminate\Http\Request), Object(Closure))
#25 C:\Apache24\htdocs\backendSendra\vendor\laravel\framework\src\Illuminate\Pipeline\Pipeline.php(183): Illuminate\Foundation\Http\Middleware\ConvertEmptyStringsToNull->handle(Object(Illuminate\Http\Request), Object(Closure))
#26 C:\Apache24\htdocs\backendSendra\vendor\laravel\framework\src\Illuminate\Foundation\Http\Middleware\TransformsRequest.php(21): Illuminate\Pipeline\Pipeline->{closure:{closure:Illuminate\Pipeline\Pipeline::carry():158}:159}(Object(Illuminate\Http\Request))
#27 C:\Apache24\htdocs\backendSendra\vendor\laravel\framework\src\Illuminate\Foundation\Http\Middleware\TrimStrings.php(40): Illuminate\Foundation\Http\Middleware\TransformsRequest->handle(Object(Illuminate\Http\Request), Object(Closure))
#28 C:\Apache24\htdocs\backendSendra\vendor\laravel\framework\src\Illuminate\Pipeline\Pipeline.php(183): Illuminate\Foundation\Http\Middleware\TrimStrings->handle(Object(Illuminate\Http\Request), Object(Closure))
#29 C:\Apache24\htdocs\backendSendra\vendor\laravel\framework\src\Illuminate\Foundation\Http\Middleware\ValidatePostSize.php(27): Illuminate\Pipeline\Pipeline->{closure:{closure:Illuminate\Pipeline\Pipeline::carry():158}:159}(Object(Illuminate\Http\Request))
#30 C:\Apache24\htdocs\backendSendra\vendor\laravel\framework\src\Illuminate\Pipeline\Pipeline.php(183): Illuminate\Foundation\Http\Middleware\ValidatePostSize->handle(Object(Illuminate\Http\Request), Object(Closure))
#31 C:\Apache24\htdocs\backendSendra\vendor\laravel\framework\src\Illuminate\Foundation\Http\Middleware\PreventRequestsDuringMaintenance.php(99): Illuminate\Pipeline\Pipeline->{closure:{closure:Illuminate\Pipeline\Pipeline::carry():158}:159}(Object(Illuminate\Http\Request))
#32 C:\Apache24\htdocs\backendSendra\vendor\laravel\framework\src\Illuminate\Pipeline\Pipeline.php(183): Illuminate\Foundation\Http\Middleware\PreventRequestsDuringMaintenance->handle(Object(Illuminate\Http\Request), Object(Closure))
#33 C:\Apache24\htdocs\backendSendra\vendor\laravel\framework\src\Illuminate\Http\Middleware\HandleCors.php(62): Illuminate\Pipeline\Pipeline->{closure:{closure:Illuminate\Pipeline\Pipeline::carry():158}:159}(Object(Illuminate\Http\Request))
#34 C:\Apache24\htdocs\backendSendra\vendor\laravel\framework\src\Illuminate\Pipeline\Pipeline.php(183): Illuminate\Http\Middleware\HandleCors->handle(Object(Illuminate\Http\Request), Object(Closure))
#35 C:\Apache24\htdocs\backendSendra\vendor\laravel\framework\src\Illuminate\Http\Middleware\TrustProxies.php(39): Illuminate\Pipeline\Pipeline->{closure:{closure:Illuminate\Pipeline\Pipeline::carry():158}:159}(Object(Illuminate\Http\Request))
#36 C:\Apache24\htdocs\backendSendra\vendor\laravel\framework\src\Illuminate\Pipeline\Pipeline.php(183): Illuminate\Http\Middleware\TrustProxies->handle(Object(Illuminate\Http\Request), Object(Closure))
#37 C:\Apache24\htdocs\backendSendra\vendor\laravel\framework\src\Illuminate\Pipeline\Pipeline.php(119): Illuminate\Pipeline\Pipeline->{closure:{closure:Illuminate\Pipeline\Pipeline::carry():158}:159}(Object(Illuminate\Http\Request))
#38 C:\Apache24\htdocs\backendSendra\vendor\laravel\framework\src\Illuminate\Foundation\Http\Kernel.php(175): Illuminate\Pipeline\Pipeline->then(Object(Closure))
#39 C:\Apache24\htdocs\backendSendra\vendor\laravel\framework\src\Illuminate\Foundation\Http\Kernel.php(144): Illuminate\Foundation\Http\Kernel->sendRequestThroughRouter(Object(Illuminate\Http\Request))
#40 C:\Apache24\htdocs\backendSendra\public\index.php(51): Illuminate\Foundation\Http\Kernel->handle(Object(Illuminate\Http\Request))
#41 {main}

[2025-01-17 13:13:53] Orange SMS credentials are not properly set in the .env file. in C:\Apache24\htdocs\backendSendra\app\Services\OrangeSmsService.php on line 33
#0 [internal function]: App\Services\OrangeSmsService->__construct()
#1 C:\Apache24\htdocs\backendSendra\vendor\laravel\framework\src\Illuminate\Container\Container.php(952): ReflectionClass->newInstanceArgs(Array)
#2 C:\Apache24\htdocs\backendSendra\vendor\laravel\framework\src\Illuminate\Container\Container.php(795): Illuminate\Container\Container->build('App\\Services\\Or...')
#3 C:\Apache24\htdocs\backendSendra\vendor\laravel\framework\src\Illuminate\Foundation\Application.php(957): Illuminate\Container\Container->resolve('App\\Services\\Or...', Array, true)
#4 C:\Apache24\htdocs\backendSendra\vendor\laravel\framework\src\Illuminate\Container\Container.php(731): Illuminate\Foundation\Application->resolve('App\\Services\\Or...', Array)
#5 C:\Apache24\htdocs\backendSendra\vendor\laravel\framework\src\Illuminate\Foundation\Application.php(942): Illuminate\Container\Container->make('App\\Services\\Or...', Array)
#6 C:\Apache24\htdocs\backendSendra\vendor\laravel\framework\src\Illuminate\Container\Container.php(1066): Illuminate\Foundation\Application->make('App\\Services\\Or...')
#7 C:\Apache24\htdocs\backendSendra\vendor\laravel\framework\src\Illuminate\Container\Container.php(982): Illuminate\Container\Container->resolveClass(Object(ReflectionParameter))
#8 C:\Apache24\htdocs\backendSendra\vendor\laravel\framework\src\Illuminate\Container\Container.php(943): Illuminate\Container\Container->resolveDependencies(Array)
#9 C:\Apache24\htdocs\backendSendra\vendor\laravel\framework\src\Illuminate\Container\Container.php(795): Illuminate\Container\Container->build('App\\Http\\Contro...')
#10 C:\Apache24\htdocs\backendSendra\vendor\laravel\framework\src\Illuminate\Foundation\Application.php(957): Illuminate\Container\Container->resolve('App\\Http\\Contro...', Array, true)
#11 C:\Apache24\htdocs\backendSendra\vendor\laravel\framework\src\Illuminate\Container\Container.php(731): Illuminate\Foundation\Application->resolve('App\\Http\\Contro...', Array)
#12 C:\Apache24\htdocs\backendSendra\vendor\laravel\framework\src\Illuminate\Foundation\Application.php(942): Illuminate\Container\Container->make('App\\Http\\Contro...', Array)
#13 C:\Apache24\htdocs\backendSendra\vendor\laravel\framework\src\Illuminate\Routing\Route.php(278): Illuminate\Foundation\Application->make('App\\Http\\Contro...')
#14 C:\Apache24\htdocs\backendSendra\vendor\laravel\framework\src\Illuminate\Routing\Route.php(1104): Illuminate\Routing\Route->getController()
#15 C:\Apache24\htdocs\backendSendra\vendor\laravel\framework\src\Illuminate\Routing\Route.php(1035): Illuminate\Routing\Route->controllerMiddleware()
#16 C:\Apache24\htdocs\backendSendra\vendor\laravel\framework\src\Illuminate\Routing\Router.php(818): Illuminate\Routing\Route->gatherMiddleware()
#17 C:\Apache24\htdocs\backendSendra\vendor\laravel\framework\src\Illuminate\Routing\Router.php(800): Illuminate\Routing\Router->gatherRouteMiddleware(Object(Illuminate\Routing\Route))
#18 C:\Apache24\htdocs\backendSendra\vendor\laravel\framework\src\Illuminate\Routing\Router.php(784): Illuminate\Routing\Router->runRouteWithinStack(Object(Illuminate\Routing\Route), Object(Illuminate\Http\Request))
#19 C:\Apache24\htdocs\backendSendra\vendor\laravel\framework\src\Illuminate\Routing\Router.php(748): Illuminate\Routing\Router->runRoute(Object(Illuminate\Http\Request), Object(Illuminate\Routing\Route))
#20 C:\Apache24\htdocs\backendSendra\vendor\laravel\framework\src\Illuminate\Routing\Router.php(737): Illuminate\Routing\Router->dispatchToRoute(Object(Illuminate\Http\Request))
#21 C:\Apache24\htdocs\backendSendra\vendor\laravel\framework\src\Illuminate\Foundation\Http\Kernel.php(200): Illuminate\Routing\Router->dispatch(Object(Illuminate\Http\Request))
#22 C:\Apache24\htdocs\backendSendra\vendor\laravel\framework\src\Illuminate\Pipeline\Pipeline.php(144): Illuminate\Foundation\Http\Kernel->{closure:Illuminate\Foundation\Http\Kernel::dispatchToRouter():197}(Object(Illuminate\Http\Request))
#23 C:\Apache24\htdocs\backendSendra\vendor\laravel\framework\src\Illuminate\Foundation\Http\Middleware\TransformsRequest.php(21): Illuminate\Pipeline\Pipeline->{closure:Illuminate\Pipeline\Pipeline::prepareDestination():142}(Object(Illuminate\Http\Request))
#24 C:\Apache24\htdocs\backendSendra\vendor\laravel\framework\src\Illuminate\Foundation\Http\Middleware\ConvertEmptyStringsToNull.php(31): Illuminate\Foundation\Http\Middleware\TransformsRequest->handle(Object(Illuminate\Http\Request), Object(Closure))
#25 C:\Apache24\htdocs\backendSendra\vendor\laravel\framework\src\Illuminate\Pipeline\Pipeline.php(183): Illuminate\Foundation\Http\Middleware\ConvertEmptyStringsToNull->handle(Object(Illuminate\Http\Request), Object(Closure))
#26 C:\Apache24\htdocs\backendSendra\vendor\laravel\framework\src\Illuminate\Foundation\Http\Middleware\TransformsRequest.php(21): Illuminate\Pipeline\Pipeline->{closure:{closure:Illuminate\Pipeline\Pipeline::carry():158}:159}(Object(Illuminate\Http\Request))
#27 C:\Apache24\htdocs\backendSendra\vendor\laravel\framework\src\Illuminate\Foundation\Http\Middleware\TrimStrings.php(40): Illuminate\Foundation\Http\Middleware\TransformsRequest->handle(Object(Illuminate\Http\Request), Object(Closure))
#28 C:\Apache24\htdocs\backendSendra\vendor\laravel\framework\src\Illuminate\Pipeline\Pipeline.php(183): Illuminate\Foundation\Http\Middleware\TrimStrings->handle(Object(Illuminate\Http\Request), Object(Closure))
#29 C:\Apache24\htdocs\backendSendra\vendor\laravel\framework\src\Illuminate\Foundation\Http\Middleware\ValidatePostSize.php(27): Illuminate\Pipeline\Pipeline->{closure:{closure:Illuminate\Pipeline\Pipeline::carry():158}:159}(Object(Illuminate\Http\Request))
#30 C:\Apache24\htdocs\backendSendra\vendor\laravel\framework\src\Illuminate\Pipeline\Pipeline.php(183): Illuminate\Foundation\Http\Middleware\ValidatePostSize->handle(Object(Illuminate\Http\Request), Object(Closure))
#31 C:\Apache24\htdocs\backendSendra\vendor\laravel\framework\src\Illuminate\Foundation\Http\Middleware\PreventRequestsDuringMaintenance.php(99): Illuminate\Pipeline\Pipeline->{closure:{closure:Illuminate\Pipeline\Pipeline::carry():158}:159}(Object(Illuminate\Http\Request))
#32 C:\Apache24\htdocs\backendSendra\vendor\laravel\framework\src\Illuminate\Pipeline\Pipeline.php(183): Illuminate\Foundation\Http\Middleware\PreventRequestsDuringMaintenance->handle(Object(Illuminate\Http\Request), Object(Closure))
#33 C:\Apache24\htdocs\backendSendra\vendor\laravel\framework\src\Illuminate\Http\Middleware\HandleCors.php(62): Illuminate\Pipeline\Pipeline->{closure:{closure:Illuminate\Pipeline\Pipeline::carry():158}:159}(Object(Illuminate\Http\Request))
#34 C:\Apache24\htdocs\backendSendra\vendor\laravel\framework\src\Illuminate\Pipeline\Pipeline.php(183): Illuminate\Http\Middleware\HandleCors->handle(Object(Illuminate\Http\Request), Object(Closure))
#35 C:\Apache24\htdocs\backendSendra\vendor\laravel\framework\src\Illuminate\Http\Middleware\TrustProxies.php(39): Illuminate\Pipeline\Pipeline->{closure:{closure:Illuminate\Pipeline\Pipeline::carry():158}:159}(Object(Illuminate\Http\Request))
#36 C:\Apache24\htdocs\backendSendra\vendor\laravel\framework\src\Illuminate\Pipeline\Pipeline.php(183): Illuminate\Http\Middleware\TrustProxies->handle(Object(Illuminate\Http\Request), Object(Closure))
#37 C:\Apache24\htdocs\backendSendra\vendor\laravel\framework\src\Illuminate\Pipeline\Pipeline.php(119): Illuminate\Pipeline\Pipeline->{closure:{closure:Illuminate\Pipeline\Pipeline::carry():158}:159}(Object(Illuminate\Http\Request))
#38 C:\Apache24\htdocs\backendSendra\vendor\laravel\framework\src\Illuminate\Foundation\Http\Kernel.php(175): Illuminate\Pipeline\Pipeline->then(Object(Closure))
#39 C:\Apache24\htdocs\backendSendra\vendor\laravel\framework\src\Illuminate\Foundation\Http\Kernel.php(144): Illuminate\Foundation\Http\Kernel->sendRequestThroughRouter(Object(Illuminate\Http\Request))
#40 C:\Apache24\htdocs\backendSendra\public\index.php(51): Illuminate\Foundation\Http\Kernel->handle(Object(Illuminate\Http\Request))
#41 {main}

[2025-01-17 13:26:42] Orange SMS credentials are not properly set in the .env file. in C:\Apache24\htdocs\backendSendra\app\Services\OrangeSmsService.php on line 33
#0 [internal function]: App\Services\OrangeSmsService->__construct()
#1 C:\Apache24\htdocs\backendSendra\vendor\laravel\framework\src\Illuminate\Container\Container.php(952): ReflectionClass->newInstanceArgs(Array)
#2 C:\Apache24\htdocs\backendSendra\vendor\laravel\framework\src\Illuminate\Container\Container.php(795): Illuminate\Container\Container->build('App\\Services\\Or...')
#3 C:\Apache24\htdocs\backendSendra\vendor\laravel\framework\src\Illuminate\Foundation\Application.php(957): Illuminate\Container\Container->resolve('App\\Services\\Or...', Array, true)
#4 C:\Apache24\htdocs\backendSendra\vendor\laravel\framework\src\Illuminate\Container\Container.php(731): Illuminate\Foundation\Application->resolve('App\\Services\\Or...', Array)
#5 C:\Apache24\htdocs\backendSendra\vendor\laravel\framework\src\Illuminate\Foundation\Application.php(942): Illuminate\Container\Container->make('App\\Services\\Or...', Array)
#6 C:\Apache24\htdocs\backendSendra\vendor\laravel\framework\src\Illuminate\Container\Container.php(1066): Illuminate\Foundation\Application->make('App\\Services\\Or...')
#7 C:\Apache24\htdocs\backendSendra\vendor\laravel\framework\src\Illuminate\Container\Container.php(982): Illuminate\Container\Container->resolveClass(Object(ReflectionParameter))
#8 C:\Apache24\htdocs\backendSendra\vendor\laravel\framework\src\Illuminate\Container\Container.php(943): Illuminate\Container\Container->resolveDependencies(Array)
#9 C:\Apache24\htdocs\backendSendra\vendor\laravel\framework\src\Illuminate\Container\Container.php(795): Illuminate\Container\Container->build('App\\Http\\Contro...')
#10 C:\Apache24\htdocs\backendSendra\vendor\laravel\framework\src\Illuminate\Foundation\Application.php(957): Illuminate\Container\Container->resolve('App\\Http\\Contro...', Array, true)
#11 C:\Apache24\htdocs\backendSendra\vendor\laravel\framework\src\Illuminate\Container\Container.php(731): Illuminate\Foundation\Application->resolve('App\\Http\\Contro...', Array)
#12 C:\Apache24\htdocs\backendSendra\vendor\laravel\framework\src\Illuminate\Foundation\Application.php(942): Illuminate\Container\Container->make('App\\Http\\Contro...', Array)
#13 C:\Apache24\htdocs\backendSendra\vendor\laravel\framework\src\Illuminate\Routing\Route.php(278): Illuminate\Foundation\Application->make('App\\Http\\Contro...')
#14 C:\Apache24\htdocs\backendSendra\vendor\laravel\framework\src\Illuminate\Routing\Route.php(1104): Illuminate\Routing\Route->getController()
#15 C:\Apache24\htdocs\backendSendra\vendor\laravel\framework\src\Illuminate\Routing\Route.php(1035): Illuminate\Routing\Route->controllerMiddleware()
#16 C:\Apache24\htdocs\backendSendra\vendor\laravel\framework\src\Illuminate\Routing\Router.php(818): Illuminate\Routing\Route->gatherMiddleware()
#17 C:\Apache24\htdocs\backendSendra\vendor\laravel\framework\src\Illuminate\Routing\Router.php(800): Illuminate\Routing\Router->gatherRouteMiddleware(Object(Illuminate\Routing\Route))
#18 C:\Apache24\htdocs\backendSendra\vendor\laravel\framework\src\Illuminate\Routing\Router.php(784): Illuminate\Routing\Router->runRouteWithinStack(Object(Illuminate\Routing\Route), Object(Illuminate\Http\Request))
#19 C:\Apache24\htdocs\backendSendra\vendor\laravel\framework\src\Illuminate\Routing\Router.php(748): Illuminate\Routing\Router->runRoute(Object(Illuminate\Http\Request), Object(Illuminate\Routing\Route))
#20 C:\Apache24\htdocs\backendSendra\vendor\laravel\framework\src\Illuminate\Routing\Router.php(737): Illuminate\Routing\Router->dispatchToRoute(Object(Illuminate\Http\Request))
#21 C:\Apache24\htdocs\backendSendra\vendor\laravel\framework\src\Illuminate\Foundation\Http\Kernel.php(200): Illuminate\Routing\Router->dispatch(Object(Illuminate\Http\Request))
#22 C:\Apache24\htdocs\backendSendra\vendor\laravel\framework\src\Illuminate\Pipeline\Pipeline.php(144): Illuminate\Foundation\Http\Kernel->{closure:Illuminate\Foundation\Http\Kernel::dispatchToRouter():197}(Object(Illuminate\Http\Request))
#23 C:\Apache24\htdocs\backendSendra\vendor\laravel\framework\src\Illuminate\Foundation\Http\Middleware\TransformsRequest.php(21): Illuminate\Pipeline\Pipeline->{closure:Illuminate\Pipeline\Pipeline::prepareDestination():142}(Object(Illuminate\Http\Request))
#24 C:\Apache24\htdocs\backendSendra\vendor\laravel\framework\src\Illuminate\Foundation\Http\Middleware\ConvertEmptyStringsToNull.php(31): Illuminate\Foundation\Http\Middleware\TransformsRequest->handle(Object(Illuminate\Http\Request), Object(Closure))
#25 C:\Apache24\htdocs\backendSendra\vendor\laravel\framework\src\Illuminate\Pipeline\Pipeline.php(183): Illuminate\Foundation\Http\Middleware\ConvertEmptyStringsToNull->handle(Object(Illuminate\Http\Request), Object(Closure))
#26 C:\Apache24\htdocs\backendSendra\vendor\laravel\framework\src\Illuminate\Foundation\Http\Middleware\TransformsRequest.php(21): Illuminate\Pipeline\Pipeline->{closure:{closure:Illuminate\Pipeline\Pipeline::carry():158}:159}(Object(Illuminate\Http\Request))
#27 C:\Apache24\htdocs\backendSendra\vendor\laravel\framework\src\Illuminate\Foundation\Http\Middleware\TrimStrings.php(40): Illuminate\Foundation\Http\Middleware\TransformsRequest->handle(Object(Illuminate\Http\Request), Object(Closure))
#28 C:\Apache24\htdocs\backendSendra\vendor\laravel\framework\src\Illuminate\Pipeline\Pipeline.php(183): Illuminate\Foundation\Http\Middleware\TrimStrings->handle(Object(Illuminate\Http\Request), Object(Closure))
#29 C:\Apache24\htdocs\backendSendra\vendor\laravel\framework\src\Illuminate\Foundation\Http\Middleware\ValidatePostSize.php(27): Illuminate\Pipeline\Pipeline->{closure:{closure:Illuminate\Pipeline\Pipeline::carry():158}:159}(Object(Illuminate\Http\Request))
#30 C:\Apache24\htdocs\backendSendra\vendor\laravel\framework\src\Illuminate\Pipeline\Pipeline.php(183): Illuminate\Foundation\Http\Middleware\ValidatePostSize->handle(Object(Illuminate\Http\Request), Object(Closure))
#31 C:\Apache24\htdocs\backendSendra\vendor\laravel\framework\src\Illuminate\Foundation\Http\Middleware\PreventRequestsDuringMaintenance.php(99): Illuminate\Pipeline\Pipeline->{closure:{closure:Illuminate\Pipeline\Pipeline::carry():158}:159}(Object(Illuminate\Http\Request))
#32 C:\Apache24\htdocs\backendSendra\vendor\laravel\framework\src\Illuminate\Pipeline\Pipeline.php(183): Illuminate\Foundation\Http\Middleware\PreventRequestsDuringMaintenance->handle(Object(Illuminate\Http\Request), Object(Closure))
#33 C:\Apache24\htdocs\backendSendra\vendor\laravel\framework\src\Illuminate\Http\Middleware\HandleCors.php(62): Illuminate\Pipeline\Pipeline->{closure:{closure:Illuminate\Pipeline\Pipeline::carry():158}:159}(Object(Illuminate\Http\Request))
#34 C:\Apache24\htdocs\backendSendra\vendor\laravel\framework\src\Illuminate\Pipeline\Pipeline.php(183): Illuminate\Http\Middleware\HandleCors->handle(Object(Illuminate\Http\Request), Object(Closure))
#35 C:\Apache24\htdocs\backendSendra\vendor\laravel\framework\src\Illuminate\Http\Middleware\TrustProxies.php(39): Illuminate\Pipeline\Pipeline->{closure:{closure:Illuminate\Pipeline\Pipeline::carry():158}:159}(Object(Illuminate\Http\Request))
#36 C:\Apache24\htdocs\backendSendra\vendor\laravel\framework\src\Illuminate\Pipeline\Pipeline.php(183): Illuminate\Http\Middleware\TrustProxies->handle(Object(Illuminate\Http\Request), Object(Closure))
#37 C:\Apache24\htdocs\backendSendra\vendor\laravel\framework\src\Illuminate\Pipeline\Pipeline.php(119): Illuminate\Pipeline\Pipeline->{closure:{closure:Illuminate\Pipeline\Pipeline::carry():158}:159}(Object(Illuminate\Http\Request))
#38 C:\Apache24\htdocs\backendSendra\vendor\laravel\framework\src\Illuminate\Foundation\Http\Kernel.php(175): Illuminate\Pipeline\Pipeline->then(Object(Closure))
#39 C:\Apache24\htdocs\backendSendra\vendor\laravel\framework\src\Illuminate\Foundation\Http\Kernel.php(144): Illuminate\Foundation\Http\Kernel->sendRequestThroughRouter(Object(Illuminate\Http\Request))
#40 C:\Apache24\htdocs\backendSendra\public\index.php(51): Illuminate\Foundation\Http\Kernel->handle(Object(Illuminate\Http\Request))
#41 {main}

[2025-01-17 15:39:35] App\Services\OrangeSmsService::sendSms(): Return value must be of type array, none returned in C:\Apache24\htdocs\backendSendra\app\Services\OrangeSmsService.php on line 95
#0 C:\Apache24\htdocs\backendSendra\app\Http\Controllers\SMSController.php(25): App\Services\OrangeSmsService->sendSms('VERIFICATION', 'SENDRA', '221774208140', 'This is a test ...')
#1 C:\Apache24\htdocs\backendSendra\vendor\laravel\framework\src\Illuminate\Routing\Controller.php(54): App\Http\Controllers\SMSController->sendSms(Object(Illuminate\Http\Request))
#2 C:\Apache24\htdocs\backendSendra\vendor\laravel\framework\src\Illuminate\Routing\ControllerDispatcher.php(43): Illuminate\Routing\Controller->callAction('sendSms', Array)
#3 C:\Apache24\htdocs\backendSendra\vendor\laravel\framework\src\Illuminate\Routing\Route.php(259): Illuminate\Routing\ControllerDispatcher->dispatch(Object(Illuminate\Routing\Route), Object(App\Http\Controllers\SMSController), 'sendSms')
#4 C:\Apache24\htdocs\backendSendra\vendor\laravel\framework\src\Illuminate\Routing\Route.php(205): Illuminate\Routing\Route->runController()
#5 C:\Apache24\htdocs\backendSendra\vendor\laravel\framework\src\Illuminate\Routing\Router.php(806): Illuminate\Routing\Route->run()
#6 C:\Apache24\htdocs\backendSendra\vendor\laravel\framework\src\Illuminate\Pipeline\Pipeline.php(144): Illuminate\Routing\Router->{closure:Illuminate\Routing\Router::runRouteWithinStack():805}(Object(Illuminate\Http\Request))
#7 C:\Apache24\htdocs\backendSendra\vendor\laravel\framework\src\Illuminate\Routing\Middleware\SubstituteBindings.php(50): Illuminate\Pipeline\Pipeline->{closure:Illuminate\Pipeline\Pipeline::prepareDestination():142}(Object(Illuminate\Http\Request))
#8 C:\Apache24\htdocs\backendSendra\vendor\laravel\framework\src\Illuminate\Pipeline\Pipeline.php(183): Illuminate\Routing\Middleware\SubstituteBindings->handle(Object(Illuminate\Http\Request), Object(Closure))
#9 C:\Apache24\htdocs\backendSendra\vendor\laravel\framework\src\Illuminate\Routing\Middleware\ThrottleRequests.php(159): Illuminate\Pipeline\Pipeline->{closure:{closure:Illuminate\Pipeline\Pipeline::carry():158}:159}(Object(Illuminate\Http\Request))
#10 C:\Apache24\htdocs\backendSendra\vendor\laravel\framework\src\Illuminate\Routing\Middleware\ThrottleRequests.php(125): Illuminate\Routing\Middleware\ThrottleRequests->handleRequest(Object(Illuminate\Http\Request), Object(Closure), Array)
#11 C:\Apache24\htdocs\backendSendra\vendor\laravel\framework\src\Illuminate\Routing\Middleware\ThrottleRequests.php(87): Illuminate\Routing\Middleware\ThrottleRequests->handleRequestUsingNamedLimiter(Object(Illuminate\Http\Request), Object(Closure), 'api', Object(Closure))
#12 C:\Apache24\htdocs\backendSendra\vendor\laravel\framework\src\Illuminate\Pipeline\Pipeline.php(183): Illuminate\Routing\Middleware\ThrottleRequests->handle(Object(Illuminate\Http\Request), Object(Closure), 'api')
#13 C:\Apache24\htdocs\backendSendra\vendor\laravel\framework\src\Illuminate\Auth\Middleware\Authenticate.php(57): Illuminate\Pipeline\Pipeline->{closure:{closure:Illuminate\Pipeline\Pipeline::carry():158}:159}(Object(Illuminate\Http\Request))
#14 C:\Apache24\htdocs\backendSendra\vendor\laravel\framework\src\Illuminate\Pipeline\Pipeline.php(183): Illuminate\Auth\Middleware\Authenticate->handle(Object(Illuminate\Http\Request), Object(Closure), 'api')
#15 C:\Apache24\htdocs\backendSendra\vendor\laravel\framework\src\Illuminate\Pipeline\Pipeline.php(119): Illuminate\Pipeline\Pipeline->{closure:{closure:Illuminate\Pipeline\Pipeline::carry():158}:159}(Object(Illuminate\Http\Request))
#16 C:\Apache24\htdocs\backendSendra\vendor\laravel\framework\src\Illuminate\Routing\Router.php(805): Illuminate\Pipeline\Pipeline->then(Object(Closure))
#17 C:\Apache24\htdocs\backendSendra\vendor\laravel\framework\src\Illuminate\Routing\Router.php(784): Illuminate\Routing\Router->runRouteWithinStack(Object(Illuminate\Routing\Route), Object(Illuminate\Http\Request))
#18 C:\Apache24\htdocs\backendSendra\vendor\laravel\framework\src\Illuminate\Routing\Router.php(748): Illuminate\Routing\Router->runRoute(Object(Illuminate\Http\Request), Object(Illuminate\Routing\Route))
#19 C:\Apache24\htdocs\backendSendra\vendor\laravel\framework\src\Illuminate\Routing\Router.php(737): Illuminate\Routing\Router->dispatchToRoute(Object(Illuminate\Http\Request))
#20 C:\Apache24\htdocs\backendSendra\vendor\laravel\framework\src\Illuminate\Foundation\Http\Kernel.php(200): Illuminate\Routing\Router->dispatch(Object(Illuminate\Http\Request))
#21 C:\Apache24\htdocs\backendSendra\vendor\laravel\framework\src\Illuminate\Pipeline\Pipeline.php(144): Illuminate\Foundation\Http\Kernel->{closure:Illuminate\Foundation\Http\Kernel::dispatchToRouter():197}(Object(Illuminate\Http\Request))
#22 C:\Apache24\htdocs\backendSendra\vendor\laravel\framework\src\Illuminate\Foundation\Http\Middleware\TransformsRequest.php(21): Illuminate\Pipeline\Pipeline->{closure:Illuminate\Pipeline\Pipeline::prepareDestination():142}(Object(Illuminate\Http\Request))
#23 C:\Apache24\htdocs\backendSendra\vendor\laravel\framework\src\Illuminate\Foundation\Http\Middleware\ConvertEmptyStringsToNull.php(31): Illuminate\Foundation\Http\Middleware\TransformsRequest->handle(Object(Illuminate\Http\Request), Object(Closure))
#24 C:\Apache24\htdocs\backendSendra\vendor\laravel\framework\src\Illuminate\Pipeline\Pipeline.php(183): Illuminate\Foundation\Http\Middleware\ConvertEmptyStringsToNull->handle(Object(Illuminate\Http\Request), Object(Closure))
#25 C:\Apache24\htdocs\backendSendra\vendor\laravel\framework\src\Illuminate\Foundation\Http\Middleware\TransformsRequest.php(21): Illuminate\Pipeline\Pipeline->{closure:{closure:Illuminate\Pipeline\Pipeline::carry():158}:159}(Object(Illuminate\Http\Request))
#26 C:\Apache24\htdocs\backendSendra\vendor\laravel\framework\src\Illuminate\Foundation\Http\Middleware\TrimStrings.php(40): Illuminate\Foundation\Http\Middleware\TransformsRequest->handle(Object(Illuminate\Http\Request), Object(Closure))
#27 C:\Apache24\htdocs\backendSendra\vendor\laravel\framework\src\Illuminate\Pipeline\Pipeline.php(183): Illuminate\Foundation\Http\Middleware\TrimStrings->handle(Object(Illuminate\Http\Request), Object(Closure))
#28 C:\Apache24\htdocs\backendSendra\vendor\laravel\framework\src\Illuminate\Foundation\Http\Middleware\ValidatePostSize.php(27): Illuminate\Pipeline\Pipeline->{closure:{closure:Illuminate\Pipeline\Pipeline::carry():158}:159}(Object(Illuminate\Http\Request))
#29 C:\Apache24\htdocs\backendSendra\vendor\laravel\framework\src\Illuminate\Pipeline\Pipeline.php(183): Illuminate\Foundation\Http\Middleware\ValidatePostSize->handle(Object(Illuminate\Http\Request), Object(Closure))
#30 C:\Apache24\htdocs\backendSendra\vendor\laravel\framework\src\Illuminate\Foundation\Http\Middleware\PreventRequestsDuringMaintenance.php(99): Illuminate\Pipeline\Pipeline->{closure:{closure:Illuminate\Pipeline\Pipeline::carry():158}:159}(Object(Illuminate\Http\Request))
#31 C:\Apache24\htdocs\backendSendra\vendor\laravel\framework\src\Illuminate\Pipeline\Pipeline.php(183): Illuminate\Foundation\Http\Middleware\PreventRequestsDuringMaintenance->handle(Object(Illuminate\Http\Request), Object(Closure))
#32 C:\Apache24\htdocs\backendSendra\vendor\laravel\framework\src\Illuminate\Http\Middleware\HandleCors.php(62): Illuminate\Pipeline\Pipeline->{closure:{closure:Illuminate\Pipeline\Pipeline::carry():158}:159}(Object(Illuminate\Http\Request))
#33 C:\Apache24\htdocs\backendSendra\vendor\laravel\framework\src\Illuminate\Pipeline\Pipeline.php(183): Illuminate\Http\Middleware\HandleCors->handle(Object(Illuminate\Http\Request), Object(Closure))
#34 C:\Apache24\htdocs\backendSendra\vendor\laravel\framework\src\Illuminate\Http\Middleware\TrustProxies.php(39): Illuminate\Pipeline\Pipeline->{closure:{closure:Illuminate\Pipeline\Pipeline::carry():158}:159}(Object(Illuminate\Http\Request))
#35 C:\Apache24\htdocs\backendSendra\vendor\laravel\framework\src\Illuminate\Pipeline\Pipeline.php(183): Illuminate\Http\Middleware\TrustProxies->handle(Object(Illuminate\Http\Request), Object(Closure))
#36 C:\Apache24\htdocs\backendSendra\vendor\laravel\framework\src\Illuminate\Pipeline\Pipeline.php(119): Illuminate\Pipeline\Pipeline->{closure:{closure:Illuminate\Pipeline\Pipeline::carry():158}:159}(Object(Illuminate\Http\Request))
#37 C:\Apache24\htdocs\backendSendra\vendor\laravel\framework\src\Illuminate\Foundation\Http\Kernel.php(175): Illuminate\Pipeline\Pipeline->then(Object(Closure))
#38 C:\Apache24\htdocs\backendSendra\vendor\laravel\framework\src\Illuminate\Foundation\Http\Kernel.php(144): Illuminate\Foundation\Http\Kernel->sendRequestThroughRouter(Object(Illuminate\Http\Request))
#39 C:\Apache24\htdocs\backendSendra\public\index.php(51): Illuminate\Foundation\Http\Kernel->handle(Object(Illuminate\Http\Request))
#40 {main}

[2025-01-17 15:41:15] App\Services\OrangeSmsService::sendSms(): Return value must be of type array, none returned in C:\Apache24\htdocs\backendSendra\app\Services\OrangeSmsService.php on line 95
#0 C:\Apache24\htdocs\backendSendra\app\Http\Controllers\SMSController.php(25): App\Services\OrangeSmsService->sendSms('VERIFICATION', 'SENDRA', '221774208140', 'This is a test ...')
#1 C:\Apache24\htdocs\backendSendra\vendor\laravel\framework\src\Illuminate\Routing\Controller.php(54): App\Http\Controllers\SMSController->sendSms(Object(Illuminate\Http\Request))
#2 C:\Apache24\htdocs\backendSendra\vendor\laravel\framework\src\Illuminate\Routing\ControllerDispatcher.php(43): Illuminate\Routing\Controller->callAction('sendSms', Array)
#3 C:\Apache24\htdocs\backendSendra\vendor\laravel\framework\src\Illuminate\Routing\Route.php(259): Illuminate\Routing\ControllerDispatcher->dispatch(Object(Illuminate\Routing\Route), Object(App\Http\Controllers\SMSController), 'sendSms')
#4 C:\Apache24\htdocs\backendSendra\vendor\laravel\framework\src\Illuminate\Routing\Route.php(205): Illuminate\Routing\Route->runController()
#5 C:\Apache24\htdocs\backendSendra\vendor\laravel\framework\src\Illuminate\Routing\Router.php(806): Illuminate\Routing\Route->run()
#6 C:\Apache24\htdocs\backendSendra\vendor\laravel\framework\src\Illuminate\Pipeline\Pipeline.php(144): Illuminate\Routing\Router->{closure:Illuminate\Routing\Router::runRouteWithinStack():805}(Object(Illuminate\Http\Request))
#7 C:\Apache24\htdocs\backendSendra\vendor\laravel\framework\src\Illuminate\Routing\Middleware\SubstituteBindings.php(50): Illuminate\Pipeline\Pipeline->{closure:Illuminate\Pipeline\Pipeline::prepareDestination():142}(Object(Illuminate\Http\Request))
#8 C:\Apache24\htdocs\backendSendra\vendor\laravel\framework\src\Illuminate\Pipeline\Pipeline.php(183): Illuminate\Routing\Middleware\SubstituteBindings->handle(Object(Illuminate\Http\Request), Object(Closure))
#9 C:\Apache24\htdocs\backendSendra\vendor\laravel\framework\src\Illuminate\Routing\Middleware\ThrottleRequests.php(159): Illuminate\Pipeline\Pipeline->{closure:{closure:Illuminate\Pipeline\Pipeline::carry():158}:159}(Object(Illuminate\Http\Request))
#10 C:\Apache24\htdocs\backendSendra\vendor\laravel\framework\src\Illuminate\Routing\Middleware\ThrottleRequests.php(125): Illuminate\Routing\Middleware\ThrottleRequests->handleRequest(Object(Illuminate\Http\Request), Object(Closure), Array)
#11 C:\Apache24\htdocs\backendSendra\vendor\laravel\framework\src\Illuminate\Routing\Middleware\ThrottleRequests.php(87): Illuminate\Routing\Middleware\ThrottleRequests->handleRequestUsingNamedLimiter(Object(Illuminate\Http\Request), Object(Closure), 'api', Object(Closure))
#12 C:\Apache24\htdocs\backendSendra\vendor\laravel\framework\src\Illuminate\Pipeline\Pipeline.php(183): Illuminate\Routing\Middleware\ThrottleRequests->handle(Object(Illuminate\Http\Request), Object(Closure), 'api')
#13 C:\Apache24\htdocs\backendSendra\vendor\laravel\framework\src\Illuminate\Auth\Middleware\Authenticate.php(57): Illuminate\Pipeline\Pipeline->{closure:{closure:Illuminate\Pipeline\Pipeline::carry():158}:159}(Object(Illuminate\Http\Request))
#14 C:\Apache24\htdocs\backendSendra\vendor\laravel\framework\src\Illuminate\Pipeline\Pipeline.php(183): Illuminate\Auth\Middleware\Authenticate->handle(Object(Illuminate\Http\Request), Object(Closure), 'api')
#15 C:\Apache24\htdocs\backendSendra\vendor\laravel\framework\src\Illuminate\Pipeline\Pipeline.php(119): Illuminate\Pipeline\Pipeline->{closure:{closure:Illuminate\Pipeline\Pipeline::carry():158}:159}(Object(Illuminate\Http\Request))
#16 C:\Apache24\htdocs\backendSendra\vendor\laravel\framework\src\Illuminate\Routing\Router.php(805): Illuminate\Pipeline\Pipeline->then(Object(Closure))
#17 C:\Apache24\htdocs\backendSendra\vendor\laravel\framework\src\Illuminate\Routing\Router.php(784): Illuminate\Routing\Router->runRouteWithinStack(Object(Illuminate\Routing\Route), Object(Illuminate\Http\Request))
#18 C:\Apache24\htdocs\backendSendra\vendor\laravel\framework\src\Illuminate\Routing\Router.php(748): Illuminate\Routing\Router->runRoute(Object(Illuminate\Http\Request), Object(Illuminate\Routing\Route))
#19 C:\Apache24\htdocs\backendSendra\vendor\laravel\framework\src\Illuminate\Routing\Router.php(737): Illuminate\Routing\Router->dispatchToRoute(Object(Illuminate\Http\Request))
#20 C:\Apache24\htdocs\backendSendra\vendor\laravel\framework\src\Illuminate\Foundation\Http\Kernel.php(200): Illuminate\Routing\Router->dispatch(Object(Illuminate\Http\Request))
#21 C:\Apache24\htdocs\backendSendra\vendor\laravel\framework\src\Illuminate\Pipeline\Pipeline.php(144): Illuminate\Foundation\Http\Kernel->{closure:Illuminate\Foundation\Http\Kernel::dispatchToRouter():197}(Object(Illuminate\Http\Request))
#22 C:\Apache24\htdocs\backendSendra\vendor\laravel\framework\src\Illuminate\Foundation\Http\Middleware\TransformsRequest.php(21): Illuminate\Pipeline\Pipeline->{closure:Illuminate\Pipeline\Pipeline::prepareDestination():142}(Object(Illuminate\Http\Request))
#23 C:\Apache24\htdocs\backendSendra\vendor\laravel\framework\src\Illuminate\Foundation\Http\Middleware\ConvertEmptyStringsToNull.php(31): Illuminate\Foundation\Http\Middleware\TransformsRequest->handle(Object(Illuminate\Http\Request), Object(Closure))
#24 C:\Apache24\htdocs\backendSendra\vendor\laravel\framework\src\Illuminate\Pipeline\Pipeline.php(183): Illuminate\Foundation\Http\Middleware\ConvertEmptyStringsToNull->handle(Object(Illuminate\Http\Request), Object(Closure))
#25 C:\Apache24\htdocs\backendSendra\vendor\laravel\framework\src\Illuminate\Foundation\Http\Middleware\TransformsRequest.php(21): Illuminate\Pipeline\Pipeline->{closure:{closure:Illuminate\Pipeline\Pipeline::carry():158}:159}(Object(Illuminate\Http\Request))
#26 C:\Apache24\htdocs\backendSendra\vendor\laravel\framework\src\Illuminate\Foundation\Http\Middleware\TrimStrings.php(40): Illuminate\Foundation\Http\Middleware\TransformsRequest->handle(Object(Illuminate\Http\Request), Object(Closure))
#27 C:\Apache24\htdocs\backendSendra\vendor\laravel\framework\src\Illuminate\Pipeline\Pipeline.php(183): Illuminate\Foundation\Http\Middleware\TrimStrings->handle(Object(Illuminate\Http\Request), Object(Closure))
#28 C:\Apache24\htdocs\backendSendra\vendor\laravel\framework\src\Illuminate\Foundation\Http\Middleware\ValidatePostSize.php(27): Illuminate\Pipeline\Pipeline->{closure:{closure:Illuminate\Pipeline\Pipeline::carry():158}:159}(Object(Illuminate\Http\Request))
#29 C:\Apache24\htdocs\backendSendra\vendor\laravel\framework\src\Illuminate\Pipeline\Pipeline.php(183): Illuminate\Foundation\Http\Middleware\ValidatePostSize->handle(Object(Illuminate\Http\Request), Object(Closure))
#30 C:\Apache24\htdocs\backendSendra\vendor\laravel\framework\src\Illuminate\Foundation\Http\Middleware\PreventRequestsDuringMaintenance.php(99): Illuminate\Pipeline\Pipeline->{closure:{closure:Illuminate\Pipeline\Pipeline::carry():158}:159}(Object(Illuminate\Http\Request))
#31 C:\Apache24\htdocs\backendSendra\vendor\laravel\framework\src\Illuminate\Pipeline\Pipeline.php(183): Illuminate\Foundation\Http\Middleware\PreventRequestsDuringMaintenance->handle(Object(Illuminate\Http\Request), Object(Closure))
#32 C:\Apache24\htdocs\backendSendra\vendor\laravel\framework\src\Illuminate\Http\Middleware\HandleCors.php(62): Illuminate\Pipeline\Pipeline->{closure:{closure:Illuminate\Pipeline\Pipeline::carry():158}:159}(Object(Illuminate\Http\Request))
#33 C:\Apache24\htdocs\backendSendra\vendor\laravel\framework\src\Illuminate\Pipeline\Pipeline.php(183): Illuminate\Http\Middleware\HandleCors->handle(Object(Illuminate\Http\Request), Object(Closure))
#34 C:\Apache24\htdocs\backendSendra\vendor\laravel\framework\src\Illuminate\Http\Middleware\TrustProxies.php(39): Illuminate\Pipeline\Pipeline->{closure:{closure:Illuminate\Pipeline\Pipeline::carry():158}:159}(Object(Illuminate\Http\Request))
#35 C:\Apache24\htdocs\backendSendra\vendor\laravel\framework\src\Illuminate\Pipeline\Pipeline.php(183): Illuminate\Http\Middleware\TrustProxies->handle(Object(Illuminate\Http\Request), Object(Closure))
#36 C:\Apache24\htdocs\backendSendra\vendor\laravel\framework\src\Illuminate\Pipeline\Pipeline.php(119): Illuminate\Pipeline\Pipeline->{closure:{closure:Illuminate\Pipeline\Pipeline::carry():158}:159}(Object(Illuminate\Http\Request))
#37 C:\Apache24\htdocs\backendSendra\vendor\laravel\framework\src\Illuminate\Foundation\Http\Kernel.php(175): Illuminate\Pipeline\Pipeline->then(Object(Closure))
#38 C:\Apache24\htdocs\backendSendra\vendor\laravel\framework\src\Illuminate\Foundation\Http\Kernel.php(144): Illuminate\Foundation\Http\Kernel->sendRequestThroughRouter(Object(Illuminate\Http\Request))
#39 C:\Apache24\htdocs\backendSendra\public\index.php(51): Illuminate\Foundation\Http\Kernel->handle(Object(Illuminate\Http\Request))
#40 {main}

[2025-01-17 16:19:26] App\Services\OrangeSmsService::sendSms(): Return value must be of type array, none returned in C:\Apache24\htdocs\backendSendra\app\Services\OrangeSmsService.php on line 95
#0 C:\Apache24\htdocs\backendSendra\app\Http\Controllers\SMSController.php(25): App\Services\OrangeSmsService->sendSms('VERIFICATION', 'SENDRA', '221774208140', 'This is a test ...')
#1 C:\Apache24\htdocs\backendSendra\vendor\laravel\framework\src\Illuminate\Routing\Controller.php(54): App\Http\Controllers\SMSController->sendSms(Object(Illuminate\Http\Request))
#2 C:\Apache24\htdocs\backendSendra\vendor\laravel\framework\src\Illuminate\Routing\ControllerDispatcher.php(43): Illuminate\Routing\Controller->callAction('sendSms', Array)
#3 C:\Apache24\htdocs\backendSendra\vendor\laravel\framework\src\Illuminate\Routing\Route.php(259): Illuminate\Routing\ControllerDispatcher->dispatch(Object(Illuminate\Routing\Route), Object(App\Http\Controllers\SMSController), 'sendSms')
#4 C:\Apache24\htdocs\backendSendra\vendor\laravel\framework\src\Illuminate\Routing\Route.php(205): Illuminate\Routing\Route->runController()
#5 C:\Apache24\htdocs\backendSendra\vendor\laravel\framework\src\Illuminate\Routing\Router.php(806): Illuminate\Routing\Route->run()
#6 C:\Apache24\htdocs\backendSendra\vendor\laravel\framework\src\Illuminate\Pipeline\Pipeline.php(144): Illuminate\Routing\Router->Illuminate\Routing\{closure}(Object(Illuminate\Http\Request))
#7 C:\Apache24\htdocs\backendSendra\vendor\laravel\framework\src\Illuminate\Routing\Middleware\SubstituteBindings.php(50): Illuminate\Pipeline\Pipeline->Illuminate\Pipeline\{closure}(Object(Illuminate\Http\Request))
#8 C:\Apache24\htdocs\backendSendra\vendor\laravel\framework\src\Illuminate\Pipeline\Pipeline.php(183): Illuminate\Routing\Middleware\SubstituteBindings->handle(Object(Illuminate\Http\Request), Object(Closure))
#9 C:\Apache24\htdocs\backendSendra\vendor\laravel\framework\src\Illuminate\Routing\Middleware\ThrottleRequests.php(159): Illuminate\Pipeline\Pipeline->Illuminate\Pipeline\{closure}(Object(Illuminate\Http\Request))
#10 C:\Apache24\htdocs\backendSendra\vendor\laravel\framework\src\Illuminate\Routing\Middleware\ThrottleRequests.php(125): Illuminate\Routing\Middleware\ThrottleRequests->handleRequest(Object(Illuminate\Http\Request), Object(Closure), Array)
#11 C:\Apache24\htdocs\backendSendra\vendor\laravel\framework\src\Illuminate\Routing\Middleware\ThrottleRequests.php(87): Illuminate\Routing\Middleware\ThrottleRequests->handleRequestUsingNamedLimiter(Object(Illuminate\Http\Request), Object(Closure), 'api', Object(Closure))
#12 C:\Apache24\htdocs\backendSendra\vendor\laravel\framework\src\Illuminate\Pipeline\Pipeline.php(183): Illuminate\Routing\Middleware\ThrottleRequests->handle(Object(Illuminate\Http\Request), Object(Closure), 'api')
#13 C:\Apache24\htdocs\backendSendra\vendor\laravel\framework\src\Illuminate\Auth\Middleware\Authenticate.php(57): Illuminate\Pipeline\Pipeline->Illuminate\Pipeline\{closure}(Object(Illuminate\Http\Request))
#14 C:\Apache24\htdocs\backendSendra\vendor\laravel\framework\src\Illuminate\Pipeline\Pipeline.php(183): Illuminate\Auth\Middleware\Authenticate->handle(Object(Illuminate\Http\Request), Object(Closure), 'api')
#15 C:\Apache24\htdocs\backendSendra\vendor\laravel\framework\src\Illuminate\Pipeline\Pipeline.php(119): Illuminate\Pipeline\Pipeline->Illuminate\Pipeline\{closure}(Object(Illuminate\Http\Request))
#16 C:\Apache24\htdocs\backendSendra\vendor\laravel\framework\src\Illuminate\Routing\Router.php(805): Illuminate\Pipeline\Pipeline->then(Object(Closure))
#17 C:\Apache24\htdocs\backendSendra\vendor\laravel\framework\src\Illuminate\Routing\Router.php(784): Illuminate\Routing\Router->runRouteWithinStack(Object(Illuminate\Routing\Route), Object(Illuminate\Http\Request))
#18 C:\Apache24\htdocs\backendSendra\vendor\laravel\framework\src\Illuminate\Routing\Router.php(748): Illuminate\Routing\Router->runRoute(Object(Illuminate\Http\Request), Object(Illuminate\Routing\Route))
#19 C:\Apache24\htdocs\backendSendra\vendor\laravel\framework\src\Illuminate\Routing\Router.php(737): Illuminate\Routing\Router->dispatchToRoute(Object(Illuminate\Http\Request))
#20 C:\Apache24\htdocs\backendSendra\vendor\laravel\framework\src\Illuminate\Foundation\Http\Kernel.php(200): Illuminate\Routing\Router->dispatch(Object(Illuminate\Http\Request))
#21 C:\Apache24\htdocs\backendSendra\vendor\laravel\framework\src\Illuminate\Pipeline\Pipeline.php(144): Illuminate\Foundation\Http\Kernel->Illuminate\Foundation\Http\{closure}(Object(Illuminate\Http\Request))
#22 C:\Apache24\htdocs\backendSendra\vendor\laravel\framework\src\Illuminate\Foundation\Http\Middleware\TransformsRequest.php(21): Illuminate\Pipeline\Pipeline->Illuminate\Pipeline\{closure}(Object(Illuminate\Http\Request))
#23 C:\Apache24\htdocs\backendSendra\vendor\laravel\framework\src\Illuminate\Foundation\Http\Middleware\ConvertEmptyStringsToNull.php(31): Illuminate\Foundation\Http\Middleware\TransformsRequest->handle(Object(Illuminate\Http\Request), Object(Closure))
#24 C:\Apache24\htdocs\backendSendra\vendor\laravel\framework\src\Illuminate\Pipeline\Pipeline.php(183): Illuminate\Foundation\Http\Middleware\ConvertEmptyStringsToNull->handle(Object(Illuminate\Http\Request), Object(Closure))
#25 C:\Apache24\htdocs\backendSendra\vendor\laravel\framework\src\Illuminate\Foundation\Http\Middleware\TransformsRequest.php(21): Illuminate\Pipeline\Pipeline->Illuminate\Pipeline\{closure}(Object(Illuminate\Http\Request))
#26 C:\Apache24\htdocs\backendSendra\vendor\laravel\framework\src\Illuminate\Foundation\Http\Middleware\TrimStrings.php(40): Illuminate\Foundation\Http\Middleware\TransformsRequest->handle(Object(Illuminate\Http\Request), Object(Closure))
#27 C:\Apache24\htdocs\backendSendra\vendor\laravel\framework\src\Illuminate\Pipeline\Pipeline.php(183): Illuminate\Foundation\Http\Middleware\TrimStrings->handle(Object(Illuminate\Http\Request), Object(Closure))
#28 C:\Apache24\htdocs\backendSendra\vendor\laravel\framework\src\Illuminate\Foundation\Http\Middleware\ValidatePostSize.php(27): Illuminate\Pipeline\Pipeline->Illuminate\Pipeline\{closure}(Object(Illuminate\Http\Request))
#29 C:\Apache24\htdocs\backendSendra\vendor\laravel\framework\src\Illuminate\Pipeline\Pipeline.php(183): Illuminate\Foundation\Http\Middleware\ValidatePostSize->handle(Object(Illuminate\Http\Request), Object(Closure))
#30 C:\Apache24\htdocs\backendSendra\vendor\laravel\framework\src\Illuminate\Foundation\Http\Middleware\PreventRequestsDuringMaintenance.php(99): Illuminate\Pipeline\Pipeline->Illuminate\Pipeline\{closure}(Object(Illuminate\Http\Request))
#31 C:\Apache24\htdocs\backendSendra\vendor\laravel\framework\src\Illuminate\Pipeline\Pipeline.php(183): Illuminate\Foundation\Http\Middleware\PreventRequestsDuringMaintenance->handle(Object(Illuminate\Http\Request), Object(Closure))
#32 C:\Apache24\htdocs\backendSendra\vendor\laravel\framework\src\Illuminate\Http\Middleware\HandleCors.php(62): Illuminate\Pipeline\Pipeline->Illuminate\Pipeline\{closure}(Object(Illuminate\Http\Request))
#33 C:\Apache24\htdocs\backendSendra\vendor\laravel\framework\src\Illuminate\Pipeline\Pipeline.php(183): Illuminate\Http\Middleware\HandleCors->handle(Object(Illuminate\Http\Request), Object(Closure))
#34 C:\Apache24\htdocs\backendSendra\vendor\laravel\framework\src\Illuminate\Http\Middleware\TrustProxies.php(39): Illuminate\Pipeline\Pipeline->Illuminate\Pipeline\{closure}(Object(Illuminate\Http\Request))
#35 C:\Apache24\htdocs\backendSendra\vendor\laravel\framework\src\Illuminate\Pipeline\Pipeline.php(183): Illuminate\Http\Middleware\TrustProxies->handle(Object(Illuminate\Http\Request), Object(Closure))
#36 C:\Apache24\htdocs\backendSendra\vendor\laravel\framework\src\Illuminate\Pipeline\Pipeline.php(119): Illuminate\Pipeline\Pipeline->Illuminate\Pipeline\{closure}(Object(Illuminate\Http\Request))
#37 C:\Apache24\htdocs\backendSendra\vendor\laravel\framework\src\Illuminate\Foundation\Http\Kernel.php(175): Illuminate\Pipeline\Pipeline->then(Object(Closure))
#38 C:\Apache24\htdocs\backendSendra\vendor\laravel\framework\src\Illuminate\Foundation\Http\Kernel.php(144): Illuminate\Foundation\Http\Kernel->sendRequestThroughRouter(Object(Illuminate\Http\Request))
#39 C:\Apache24\htdocs\backendSendra\public\index.php(51): Illuminate\Foundation\Http\Kernel->handle(Object(Illuminate\Http\Request))
#40 {main}

[2025-01-17 16:21:37] App\Services\OrangeSmsService::sendSms(): Return value must be of type array, none returned in C:\Apache24\htdocs\backendSendra\app\Services\OrangeSmsService.php on line 95
#0 C:\Apache24\htdocs\backendSendra\app\Http\Controllers\SMSController.php(25): App\Services\OrangeSmsService->sendSms('VERIFICATION', 'SENDRA', '221774208140', 'This is a test ...')
#1 C:\Apache24\htdocs\backendSendra\vendor\laravel\framework\src\Illuminate\Routing\Controller.php(54): App\Http\Controllers\SMSController->sendSms(Object(Illuminate\Http\Request))
#2 C:\Apache24\htdocs\backendSendra\vendor\laravel\framework\src\Illuminate\Routing\ControllerDispatcher.php(43): Illuminate\Routing\Controller->callAction('sendSms', Array)
#3 C:\Apache24\htdocs\backendSendra\vendor\laravel\framework\src\Illuminate\Routing\Route.php(259): Illuminate\Routing\ControllerDispatcher->dispatch(Object(Illuminate\Routing\Route), Object(App\Http\Controllers\SMSController), 'sendSms')
#4 C:\Apache24\htdocs\backendSendra\vendor\laravel\framework\src\Illuminate\Routing\Route.php(205): Illuminate\Routing\Route->runController()
#5 C:\Apache24\htdocs\backendSendra\vendor\laravel\framework\src\Illuminate\Routing\Router.php(806): Illuminate\Routing\Route->run()
#6 C:\Apache24\htdocs\backendSendra\vendor\laravel\framework\src\Illuminate\Pipeline\Pipeline.php(144): Illuminate\Routing\Router->Illuminate\Routing\{closure}(Object(Illuminate\Http\Request))
#7 C:\Apache24\htdocs\backendSendra\vendor\laravel\framework\src\Illuminate\Routing\Middleware\SubstituteBindings.php(50): Illuminate\Pipeline\Pipeline->Illuminate\Pipeline\{closure}(Object(Illuminate\Http\Request))
#8 C:\Apache24\htdocs\backendSendra\vendor\laravel\framework\src\Illuminate\Pipeline\Pipeline.php(183): Illuminate\Routing\Middleware\SubstituteBindings->handle(Object(Illuminate\Http\Request), Object(Closure))
#9 C:\Apache24\htdocs\backendSendra\vendor\laravel\framework\src\Illuminate\Routing\Middleware\ThrottleRequests.php(159): Illuminate\Pipeline\Pipeline->Illuminate\Pipeline\{closure}(Object(Illuminate\Http\Request))
#10 C:\Apache24\htdocs\backendSendra\vendor\laravel\framework\src\Illuminate\Routing\Middleware\ThrottleRequests.php(125): Illuminate\Routing\Middleware\ThrottleRequests->handleRequest(Object(Illuminate\Http\Request), Object(Closure), Array)
#11 C:\Apache24\htdocs\backendSendra\vendor\laravel\framework\src\Illuminate\Routing\Middleware\ThrottleRequests.php(87): Illuminate\Routing\Middleware\ThrottleRequests->handleRequestUsingNamedLimiter(Object(Illuminate\Http\Request), Object(Closure), 'api', Object(Closure))
#12 C:\Apache24\htdocs\backendSendra\vendor\laravel\framework\src\Illuminate\Pipeline\Pipeline.php(183): Illuminate\Routing\Middleware\ThrottleRequests->handle(Object(Illuminate\Http\Request), Object(Closure), 'api')
#13 C:\Apache24\htdocs\backendSendra\vendor\laravel\framework\src\Illuminate\Auth\Middleware\Authenticate.php(57): Illuminate\Pipeline\Pipeline->Illuminate\Pipeline\{closure}(Object(Illuminate\Http\Request))
#14 C:\Apache24\htdocs\backendSendra\vendor\laravel\framework\src\Illuminate\Pipeline\Pipeline.php(183): Illuminate\Auth\Middleware\Authenticate->handle(Object(Illuminate\Http\Request), Object(Closure), 'api')
#15 C:\Apache24\htdocs\backendSendra\vendor\laravel\framework\src\Illuminate\Pipeline\Pipeline.php(119): Illuminate\Pipeline\Pipeline->Illuminate\Pipeline\{closure}(Object(Illuminate\Http\Request))
#16 C:\Apache24\htdocs\backendSendra\vendor\laravel\framework\src\Illuminate\Routing\Router.php(805): Illuminate\Pipeline\Pipeline->then(Object(Closure))
#17 C:\Apache24\htdocs\backendSendra\vendor\laravel\framework\src\Illuminate\Routing\Router.php(784): Illuminate\Routing\Router->runRouteWithinStack(Object(Illuminate\Routing\Route), Object(Illuminate\Http\Request))
#18 C:\Apache24\htdocs\backendSendra\vendor\laravel\framework\src\Illuminate\Routing\Router.php(748): Illuminate\Routing\Router->runRoute(Object(Illuminate\Http\Request), Object(Illuminate\Routing\Route))
#19 C:\Apache24\htdocs\backendSendra\vendor\laravel\framework\src\Illuminate\Routing\Router.php(737): Illuminate\Routing\Router->dispatchToRoute(Object(Illuminate\Http\Request))
#20 C:\Apache24\htdocs\backendSendra\vendor\laravel\framework\src\Illuminate\Foundation\Http\Kernel.php(200): Illuminate\Routing\Router->dispatch(Object(Illuminate\Http\Request))
#21 C:\Apache24\htdocs\backendSendra\vendor\laravel\framework\src\Illuminate\Pipeline\Pipeline.php(144): Illuminate\Foundation\Http\Kernel->Illuminate\Foundation\Http\{closure}(Object(Illuminate\Http\Request))
#22 C:\Apache24\htdocs\backendSendra\vendor\laravel\framework\src\Illuminate\Foundation\Http\Middleware\TransformsRequest.php(21): Illuminate\Pipeline\Pipeline->Illuminate\Pipeline\{closure}(Object(Illuminate\Http\Request))
#23 C:\Apache24\htdocs\backendSendra\vendor\laravel\framework\src\Illuminate\Foundation\Http\Middleware\ConvertEmptyStringsToNull.php(31): Illuminate\Foundation\Http\Middleware\TransformsRequest->handle(Object(Illuminate\Http\Request), Object(Closure))
#24 C:\Apache24\htdocs\backendSendra\vendor\laravel\framework\src\Illuminate\Pipeline\Pipeline.php(183): Illuminate\Foundation\Http\Middleware\ConvertEmptyStringsToNull->handle(Object(Illuminate\Http\Request), Object(Closure))
#25 C:\Apache24\htdocs\backendSendra\vendor\laravel\framework\src\Illuminate\Foundation\Http\Middleware\TransformsRequest.php(21): Illuminate\Pipeline\Pipeline->Illuminate\Pipeline\{closure}(Object(Illuminate\Http\Request))
#26 C:\Apache24\htdocs\backendSendra\vendor\laravel\framework\src\Illuminate\Foundation\Http\Middleware\TrimStrings.php(40): Illuminate\Foundation\Http\Middleware\TransformsRequest->handle(Object(Illuminate\Http\Request), Object(Closure))
#27 C:\Apache24\htdocs\backendSendra\vendor\laravel\framework\src\Illuminate\Pipeline\Pipeline.php(183): Illuminate\Foundation\Http\Middleware\TrimStrings->handle(Object(Illuminate\Http\Request), Object(Closure))
#28 C:\Apache24\htdocs\backendSendra\vendor\laravel\framework\src\Illuminate\Foundation\Http\Middleware\ValidatePostSize.php(27): Illuminate\Pipeline\Pipeline->Illuminate\Pipeline\{closure}(Object(Illuminate\Http\Request))
#29 C:\Apache24\htdocs\backendSendra\vendor\laravel\framework\src\Illuminate\Pipeline\Pipeline.php(183): Illuminate\Foundation\Http\Middleware\ValidatePostSize->handle(Object(Illuminate\Http\Request), Object(Closure))
#30 C:\Apache24\htdocs\backendSendra\vendor\laravel\framework\src\Illuminate\Foundation\Http\Middleware\PreventRequestsDuringMaintenance.php(99): Illuminate\Pipeline\Pipeline->Illuminate\Pipeline\{closure}(Object(Illuminate\Http\Request))
#31 C:\Apache24\htdocs\backendSendra\vendor\laravel\framework\src\Illuminate\Pipeline\Pipeline.php(183): Illuminate\Foundation\Http\Middleware\PreventRequestsDuringMaintenance->handle(Object(Illuminate\Http\Request), Object(Closure))
#32 C:\Apache24\htdocs\backendSendra\vendor\laravel\framework\src\Illuminate\Http\Middleware\HandleCors.php(62): Illuminate\Pipeline\Pipeline->Illuminate\Pipeline\{closure}(Object(Illuminate\Http\Request))
#33 C:\Apache24\htdocs\backendSendra\vendor\laravel\framework\src\Illuminate\Pipeline\Pipeline.php(183): Illuminate\Http\Middleware\HandleCors->handle(Object(Illuminate\Http\Request), Object(Closure))
#34 C:\Apache24\htdocs\backendSendra\vendor\laravel\framework\src\Illuminate\Http\Middleware\TrustProxies.php(39): Illuminate\Pipeline\Pipeline->Illuminate\Pipeline\{closure}(Object(Illuminate\Http\Request))
#35 C:\Apache24\htdocs\backendSendra\vendor\laravel\framework\src\Illuminate\Pipeline\Pipeline.php(183): Illuminate\Http\Middleware\TrustProxies->handle(Object(Illuminate\Http\Request), Object(Closure))
#36 C:\Apache24\htdocs\backendSendra\vendor\laravel\framework\src\Illuminate\Pipeline\Pipeline.php(119): Illuminate\Pipeline\Pipeline->Illuminate\Pipeline\{closure}(Object(Illuminate\Http\Request))
#37 C:\Apache24\htdocs\backendSendra\vendor\laravel\framework\src\Illuminate\Foundation\Http\Kernel.php(175): Illuminate\Pipeline\Pipeline->then(Object(Closure))
#38 C:\Apache24\htdocs\backendSendra\vendor\laravel\framework\src\Illuminate\Foundation\Http\Kernel.php(144): Illuminate\Foundation\Http\Kernel->sendRequestThroughRouter(Object(Illuminate\Http\Request))
#39 C:\Apache24\htdocs\backendSendra\public\index.php(51): Illuminate\Foundation\Http\Kernel->handle(Object(Illuminate\Http\Request))
#40 {main}

[2025-01-17 16:54:50] SQLSTATE[42S21]: Column already exists: 1060 Duplicate column name 'defaut_controle_technique' (Connection: mysql, SQL: alter table `car_positions` add `defaut_controle_technique` tinyint(1) not null default '0', add `pneumatiques_manquantes` tinyint(1) not null default '0', add `vehicule_immerge` tinyint(1) not null default '0', add `defauts_techniques_irreversibles` tinyint(1) not null default '0', add `vehicule_non_identifiable` tinyint(1) not null default '0', add `vehicule_brule` tinyint(1) not null default '0', add `chassis_non_reparable` tinyint(1) not null default '0', add `sticker` tinyint(1) not null default '0', add `nuit` tinyint(1) not null default '0', add `pluie` tinyint(1) not null default '0', add `dommage_image` varchar(254) null) in C:\Apache24\htdocs\backendSendra\vendor\laravel\framework\src\Illuminate\Database\Connection.php on line 829
#0 C:\Apache24\htdocs\backendSendra\vendor\laravel\framework\src\Illuminate\Database\Connection.php(783): Illuminate\Database\Connection->runQueryCallback('alter table `ca...', Array, Object(Closure))
#1 C:\Apache24\htdocs\backendSendra\vendor\laravel\framework\src\Illuminate\Database\Connection.php(576): Illuminate\Database\Connection->run('alter table `ca...', Array, Object(Closure))
#2 C:\Apache24\htdocs\backendSendra\vendor\laravel\framework\src\Illuminate\Database\Schema\Blueprint.php(110): Illuminate\Database\Connection->statement('alter table `ca...')
#3 C:\Apache24\htdocs\backendSendra\vendor\laravel\framework\src\Illuminate\Database\Schema\Builder.php(602): Illuminate\Database\Schema\Blueprint->build(Object(Illuminate\Database\MySqlConnection), Object(Illuminate\Database\Schema\Grammars\MySqlGrammar))
#4 C:\Apache24\htdocs\backendSendra\vendor\laravel\framework\src\Illuminate\Database\Schema\Builder.php(444): Illuminate\Database\Schema\Builder->build(Object(Illuminate\Database\Schema\Blueprint))
#5 C:\Apache24\htdocs\backendSendra\vendor\laravel\framework\src\Illuminate\Support\Facades\Facade.php(355): Illuminate\Database\Schema\Builder->table('car_positions', Object(Closure))
#6 C:\Apache24\htdocs\backendSendra\database\migrations\2024_09_03_034929_add_columns_to_car_positions_table.php(14): Illuminate\Support\Facades\Facade::__callStatic('table', Array)
#7 C:\Apache24\htdocs\backendSendra\vendor\laravel\framework\src\Illuminate\Database\Migrations\Migrator.php(493): Illuminate\Database\Migrations\Migration@anonymous->up()
#8 C:\Apache24\htdocs\backendSendra\vendor\laravel\framework\src\Illuminate\Database\Migrations\Migrator.php(410): Illuminate\Database\Migrations\Migrator->runMethod(Object(Illuminate\Database\MySqlConnection), Object(Illuminate\Database\Migrations\Migration@anonymous), 'up')
#9 C:\Apache24\htdocs\backendSendra\vendor\laravel\framework\src\Illuminate\Database\Migrations\Migrator.php(419): Illuminate\Database\Migrations\Migrator->Illuminate\Database\Migrations\{closure}()
#10 C:\Apache24\htdocs\backendSendra\vendor\laravel\framework\src\Illuminate\Database\Migrations\Migrator.php(216): Illuminate\Database\Migrations\Migrator->runMigration(Object(Illuminate\Database\Migrations\Migration@anonymous), 'up')
#11 C:\Apache24\htdocs\backendSendra\vendor\laravel\framework\src\Illuminate\Console\View\Components\Task.php(37): Illuminate\Database\Migrations\Migrator->Illuminate\Database\Migrations\{closure}()
#12 C:\Apache24\htdocs\backendSendra\vendor\laravel\framework\src\Illuminate\Database\Migrations\Migrator.php(756): Illuminate\Console\View\Components\Task->render('2024_09_03_0349...', Object(Closure))
#13 C:\Apache24\htdocs\backendSendra\vendor\laravel\framework\src\Illuminate\Database\Migrations\Migrator.php(216): Illuminate\Database\Migrations\Migrator->write('Illuminate\\Cons...', '2024_09_03_0349...', Object(Closure))
#14 C:\Apache24\htdocs\backendSendra\vendor\laravel\framework\src\Illuminate\Database\Migrations\Migrator.php(181): Illuminate\Database\Migrations\Migrator->runUp('C:\\Apache24\\htd...', 2, false)
#15 C:\Apache24\htdocs\backendSendra\vendor\laravel\framework\src\Illuminate\Database\Migrations\Migrator.php(124): Illuminate\Database\Migrations\Migrator->runPending(Array, Array)
#16 C:\Apache24\htdocs\backendSendra\vendor\laravel\framework\src\Illuminate\Database\Console\Migrations\MigrateCommand.php(90): Illuminate\Database\Migrations\Migrator->run(Array, Array)
#17 C:\Apache24\htdocs\backendSendra\vendor\laravel\framework\src\Illuminate\Database\Migrations\Migrator.php(633): Illuminate\Database\Console\Migrations\MigrateCommand->Illuminate\Database\Console\Migrations\{closure}()
#18 C:\Apache24\htdocs\backendSendra\vendor\laravel\framework\src\Illuminate\Database\Console\Migrations\MigrateCommand.php(83): Illuminate\Database\Migrations\Migrator->usingConnection(NULL, Object(Closure))
#19 C:\Apache24\htdocs\backendSendra\vendor\laravel\framework\src\Illuminate\Container\BoundMethod.php(36): Illuminate\Database\Console\Migrations\MigrateCommand->handle()
#20 C:\Apache24\htdocs\backendSendra\vendor\laravel\framework\src\Illuminate\Container\Util.php(41): Illuminate\Container\BoundMethod::Illuminate\Container\{closure}()
#21 C:\Apache24\htdocs\backendSendra\vendor\laravel\framework\src\Illuminate\Container\BoundMethod.php(93): Illuminate\Container\Util::unwrapIfClosure(Object(Closure))
#22 C:\Apache24\htdocs\backendSendra\vendor\laravel\framework\src\Illuminate\Container\BoundMethod.php(35): Illuminate\Container\BoundMethod::callBoundMethod(Object(Illuminate\Foundation\Application), Array, Object(Closure))
#23 C:\Apache24\htdocs\backendSendra\vendor\laravel\framework\src\Illuminate\Container\Container.php(662): Illuminate\Container\BoundMethod::call(Object(Illuminate\Foundation\Application), Array, Array, NULL)
#24 C:\Apache24\htdocs\backendSendra\vendor\laravel\framework\src\Illuminate\Console\Command.php(211): Illuminate\Container\Container->call(Array)
#25 C:\Apache24\htdocs\backendSendra\vendor\symfony\console\Command\Command.php(326): Illuminate\Console\Command->execute(Object(Symfony\Component\Console\Input\ArgvInput), Object(Illuminate\Console\OutputStyle))
#26 C:\Apache24\htdocs\backendSendra\vendor\laravel\framework\src\Illuminate\Console\Command.php(180): Symfony\Component\Console\Command\Command->run(Object(Symfony\Component\Console\Input\ArgvInput), Object(Illuminate\Console\OutputStyle))
#27 C:\Apache24\htdocs\backendSendra\vendor\symfony\console\Application.php(1096): Illuminate\Console\Command->run(Object(Symfony\Component\Console\Input\ArgvInput), Object(Symfony\Component\Console\Output\ConsoleOutput))
#28 C:\Apache24\htdocs\backendSendra\vendor\symfony\console\Application.php(324): Symfony\Component\Console\Application->doRunCommand(Object(Illuminate\Database\Console\Migrations\MigrateCommand), Object(Symfony\Component\Console\Input\ArgvInput), Object(Symfony\Component\Console\Output\ConsoleOutput))
#29 C:\Apache24\htdocs\backendSendra\vendor\symfony\console\Application.php(175): Symfony\Component\Console\Application->doRun(Object(Symfony\Component\Console\Input\ArgvInput), Object(Symfony\Component\Console\Output\ConsoleOutput))
#30 C:\Apache24\htdocs\backendSendra\vendor\laravel\framework\src\Illuminate\Foundation\Console\Kernel.php(201): Symfony\Component\Console\Application->run(Object(Symfony\Component\Console\Input\ArgvInput), Object(Symfony\Component\Console\Output\ConsoleOutput))
#31 C:\Apache24\htdocs\backendSendra\artisan(35): Illuminate\Foundation\Console\Kernel->handle(Object(Symfony\Component\Console\Input\ArgvInput), Object(Symfony\Component\Console\Output\ConsoleOutput))
#32 {main}

[2025-01-17 20:52:23] The route api/send-verification-code could not be found. in C:\Apache24\htdocs\backendSendra\vendor\laravel\framework\src\Illuminate\Routing\AbstractRouteCollection.php on line 44
#0 C:\Apache24\htdocs\backendSendra\vendor\laravel\framework\src\Illuminate\Routing\CompiledRouteCollection.php(144): Illuminate\Routing\AbstractRouteCollection->handleMatchedRoute(Object(Illuminate\Http\Request), NULL)
#1 C:\Apache24\htdocs\backendSendra\vendor\laravel\framework\src\Illuminate\Routing\Router.php(761): Illuminate\Routing\CompiledRouteCollection->match(Object(Illuminate\Http\Request))
#2 C:\Apache24\htdocs\backendSendra\vendor\laravel\framework\src\Illuminate\Routing\Router.php(748): Illuminate\Routing\Router->findRoute(Object(Illuminate\Http\Request))
#3 C:\Apache24\htdocs\backendSendra\vendor\laravel\framework\src\Illuminate\Routing\Router.php(737): Illuminate\Routing\Router->dispatchToRoute(Object(Illuminate\Http\Request))
#4 C:\Apache24\htdocs\backendSendra\vendor\laravel\framework\src\Illuminate\Foundation\Http\Kernel.php(200): Illuminate\Routing\Router->dispatch(Object(Illuminate\Http\Request))
#5 C:\Apache24\htdocs\backendSendra\vendor\laravel\framework\src\Illuminate\Pipeline\Pipeline.php(144): Illuminate\Foundation\Http\Kernel->Illuminate\Foundation\Http\{closure}(Object(Illuminate\Http\Request))
#6 C:\Apache24\htdocs\backendSendra\vendor\laravel\framework\src\Illuminate\Foundation\Http\Middleware\TransformsRequest.php(21): Illuminate\Pipeline\Pipeline->Illuminate\Pipeline\{closure}(Object(Illuminate\Http\Request))
#7 C:\Apache24\htdocs\backendSendra\vendor\laravel\framework\src\Illuminate\Foundation\Http\Middleware\ConvertEmptyStringsToNull.php(31): Illuminate\Foundation\Http\Middleware\TransformsRequest->handle(Object(Illuminate\Http\Request), Object(Closure))
#8 C:\Apache24\htdocs\backendSendra\vendor\laravel\framework\src\Illuminate\Pipeline\Pipeline.php(183): Illuminate\Foundation\Http\Middleware\ConvertEmptyStringsToNull->handle(Object(Illuminate\Http\Request), Object(Closure))
#9 C:\Apache24\htdocs\backendSendra\vendor\laravel\framework\src\Illuminate\Foundation\Http\Middleware\TransformsRequest.php(21): Illuminate\Pipeline\Pipeline->Illuminate\Pipeline\{closure}(Object(Illuminate\Http\Request))
#10 C:\Apache24\htdocs\backendSendra\vendor\laravel\framework\src\Illuminate\Foundation\Http\Middleware\TrimStrings.php(40): Illuminate\Foundation\Http\Middleware\TransformsRequest->handle(Object(Illuminate\Http\Request), Object(Closure))
#11 C:\Apache24\htdocs\backendSendra\vendor\laravel\framework\src\Illuminate\Pipeline\Pipeline.php(183): Illuminate\Foundation\Http\Middleware\TrimStrings->handle(Object(Illuminate\Http\Request), Object(Closure))
#12 C:\Apache24\htdocs\backendSendra\vendor\laravel\framework\src\Illuminate\Foundation\Http\Middleware\ValidatePostSize.php(27): Illuminate\Pipeline\Pipeline->Illuminate\Pipeline\{closure}(Object(Illuminate\Http\Request))
#13 C:\Apache24\htdocs\backendSendra\vendor\laravel\framework\src\Illuminate\Pipeline\Pipeline.php(183): Illuminate\Foundation\Http\Middleware\ValidatePostSize->handle(Object(Illuminate\Http\Request), Object(Closure))
#14 C:\Apache24\htdocs\backendSendra\vendor\laravel\framework\src\Illuminate\Foundation\Http\Middleware\PreventRequestsDuringMaintenance.php(99): Illuminate\Pipeline\Pipeline->Illuminate\Pipeline\{closure}(Object(Illuminate\Http\Request))
#15 C:\Apache24\htdocs\backendSendra\vendor\laravel\framework\src\Illuminate\Pipeline\Pipeline.php(183): Illuminate\Foundation\Http\Middleware\PreventRequestsDuringMaintenance->handle(Object(Illuminate\Http\Request), Object(Closure))
#16 C:\Apache24\htdocs\backendSendra\vendor\laravel\framework\src\Illuminate\Http\Middleware\HandleCors.php(62): Illuminate\Pipeline\Pipeline->Illuminate\Pipeline\{closure}(Object(Illuminate\Http\Request))
#17 C:\Apache24\htdocs\backendSendra\vendor\laravel\framework\src\Illuminate\Pipeline\Pipeline.php(183): Illuminate\Http\Middleware\HandleCors->handle(Object(Illuminate\Http\Request), Object(Closure))
#18 C:\Apache24\htdocs\backendSendra\vendor\laravel\framework\src\Illuminate\Http\Middleware\TrustProxies.php(39): Illuminate\Pipeline\Pipeline->Illuminate\Pipeline\{closure}(Object(Illuminate\Http\Request))
#19 C:\Apache24\htdocs\backendSendra\vendor\laravel\framework\src\Illuminate\Pipeline\Pipeline.php(183): Illuminate\Http\Middleware\TrustProxies->handle(Object(Illuminate\Http\Request), Object(Closure))
#20 C:\Apache24\htdocs\backendSendra\vendor\laravel\framework\src\Illuminate\Pipeline\Pipeline.php(119): Illuminate\Pipeline\Pipeline->Illuminate\Pipeline\{closure}(Object(Illuminate\Http\Request))
#21 C:\Apache24\htdocs\backendSendra\vendor\laravel\framework\src\Illuminate\Foundation\Http\Kernel.php(175): Illuminate\Pipeline\Pipeline->then(Object(Closure))
#22 C:\Apache24\htdocs\backendSendra\vendor\laravel\framework\src\Illuminate\Foundation\Http\Kernel.php(144): Illuminate\Foundation\Http\Kernel->sendRequestThroughRouter(Object(Illuminate\Http\Request))
#23 C:\Apache24\htdocs\backendSendra\public\index.php(51): Illuminate\Foundation\Http\Kernel->handle(Object(Illuminate\Http\Request))
#24 {main}

[2025-01-17 20:55:26] Unauthenticated. in C:\Apache24\htdocs\backendSendra\vendor\laravel\framework\src\Illuminate\Auth\Middleware\Authenticate.php on line 95
#0 C:\Apache24\htdocs\backendSendra\vendor\laravel\framework\src\Illuminate\Auth\Middleware\Authenticate.php(81): Illuminate\Auth\Middleware\Authenticate->unauthenticated(Object(Illuminate\Http\Request), Array)
#1 C:\Apache24\htdocs\backendSendra\vendor\laravel\framework\src\Illuminate\Auth\Middleware\Authenticate.php(55): Illuminate\Auth\Middleware\Authenticate->authenticate(Object(Illuminate\Http\Request), Array)
#2 C:\Apache24\htdocs\backendSendra\vendor\laravel\framework\src\Illuminate\Pipeline\Pipeline.php(183): Illuminate\Auth\Middleware\Authenticate->handle(Object(Illuminate\Http\Request), Object(Closure), 'api')
#3 C:\Apache24\htdocs\backendSendra\vendor\laravel\framework\src\Illuminate\Pipeline\Pipeline.php(119): Illuminate\Pipeline\Pipeline->Illuminate\Pipeline\{closure}(Object(Illuminate\Http\Request))
#4 C:\Apache24\htdocs\backendSendra\vendor\laravel\framework\src\Illuminate\Routing\Router.php(805): Illuminate\Pipeline\Pipeline->then(Object(Closure))
#5 C:\Apache24\htdocs\backendSendra\vendor\laravel\framework\src\Illuminate\Routing\Router.php(784): Illuminate\Routing\Router->runRouteWithinStack(Object(Illuminate\Routing\Route), Object(Illuminate\Http\Request))
#6 C:\Apache24\htdocs\backendSendra\vendor\laravel\framework\src\Illuminate\Routing\Router.php(748): Illuminate\Routing\Router->runRoute(Object(Illuminate\Http\Request), Object(Illuminate\Routing\Route))
#7 C:\Apache24\htdocs\backendSendra\vendor\laravel\framework\src\Illuminate\Routing\Router.php(737): Illuminate\Routing\Router->dispatchToRoute(Object(Illuminate\Http\Request))
#8 C:\Apache24\htdocs\backendSendra\vendor\laravel\framework\src\Illuminate\Foundation\Http\Kernel.php(200): Illuminate\Routing\Router->dispatch(Object(Illuminate\Http\Request))
#9 C:\Apache24\htdocs\backendSendra\vendor\laravel\framework\src\Illuminate\Pipeline\Pipeline.php(144): Illuminate\Foundation\Http\Kernel->Illuminate\Foundation\Http\{closure}(Object(Illuminate\Http\Request))
#10 C:\Apache24\htdocs\backendSendra\vendor\laravel\framework\src\Illuminate\Foundation\Http\Middleware\TransformsRequest.php(21): Illuminate\Pipeline\Pipeline->Illuminate\Pipeline\{closure}(Object(Illuminate\Http\Request))
#11 C:\Apache24\htdocs\backendSendra\vendor\laravel\framework\src\Illuminate\Foundation\Http\Middleware\ConvertEmptyStringsToNull.php(31): Illuminate\Foundation\Http\Middleware\TransformsRequest->handle(Object(Illuminate\Http\Request), Object(Closure))
#12 C:\Apache24\htdocs\backendSendra\vendor\laravel\framework\src\Illuminate\Pipeline\Pipeline.php(183): Illuminate\Foundation\Http\Middleware\ConvertEmptyStringsToNull->handle(Object(Illuminate\Http\Request), Object(Closure))
#13 C:\Apache24\htdocs\backendSendra\vendor\laravel\framework\src\Illuminate\Foundation\Http\Middleware\TransformsRequest.php(21): Illuminate\Pipeline\Pipeline->Illuminate\Pipeline\{closure}(Object(Illuminate\Http\Request))
#14 C:\Apache24\htdocs\backendSendra\vendor\laravel\framework\src\Illuminate\Foundation\Http\Middleware\TrimStrings.php(40): Illuminate\Foundation\Http\Middleware\TransformsRequest->handle(Object(Illuminate\Http\Request), Object(Closure))
#15 C:\Apache24\htdocs\backendSendra\vendor\laravel\framework\src\Illuminate\Pipeline\Pipeline.php(183): Illuminate\Foundation\Http\Middleware\TrimStrings->handle(Object(Illuminate\Http\Request), Object(Closure))
#16 C:\Apache24\htdocs\backendSendra\vendor\laravel\framework\src\Illuminate\Foundation\Http\Middleware\ValidatePostSize.php(27): Illuminate\Pipeline\Pipeline->Illuminate\Pipeline\{closure}(Object(Illuminate\Http\Request))
#17 C:\Apache24\htdocs\backendSendra\vendor\laravel\framework\src\Illuminate\Pipeline\Pipeline.php(183): Illuminate\Foundation\Http\Middleware\ValidatePostSize->handle(Object(Illuminate\Http\Request), Object(Closure))
#18 C:\Apache24\htdocs\backendSendra\vendor\laravel\framework\src\Illuminate\Foundation\Http\Middleware\PreventRequestsDuringMaintenance.php(99): Illuminate\Pipeline\Pipeline->Illuminate\Pipeline\{closure}(Object(Illuminate\Http\Request))
#19 C:\Apache24\htdocs\backendSendra\vendor\laravel\framework\src\Illuminate\Pipeline\Pipeline.php(183): Illuminate\Foundation\Http\Middleware\PreventRequestsDuringMaintenance->handle(Object(Illuminate\Http\Request), Object(Closure))
#20 C:\Apache24\htdocs\backendSendra\vendor\laravel\framework\src\Illuminate\Http\Middleware\HandleCors.php(62): Illuminate\Pipeline\Pipeline->Illuminate\Pipeline\{closure}(Object(Illuminate\Http\Request))
#21 C:\Apache24\htdocs\backendSendra\vendor\laravel\framework\src\Illuminate\Pipeline\Pipeline.php(183): Illuminate\Http\Middleware\HandleCors->handle(Object(Illuminate\Http\Request), Object(Closure))
#22 C:\Apache24\htdocs\backendSendra\vendor\laravel\framework\src\Illuminate\Http\Middleware\TrustProxies.php(39): Illuminate\Pipeline\Pipeline->Illuminate\Pipeline\{closure}(Object(Illuminate\Http\Request))
#23 C:\Apache24\htdocs\backendSendra\vendor\laravel\framework\src\Illuminate\Pipeline\Pipeline.php(183): Illuminate\Http\Middleware\TrustProxies->handle(Object(Illuminate\Http\Request), Object(Closure))
#24 C:\Apache24\htdocs\backendSendra\vendor\laravel\framework\src\Illuminate\Pipeline\Pipeline.php(119): Illuminate\Pipeline\Pipeline->Illuminate\Pipeline\{closure}(Object(Illuminate\Http\Request))
#25 C:\Apache24\htdocs\backendSendra\vendor\laravel\framework\src\Illuminate\Foundation\Http\Kernel.php(175): Illuminate\Pipeline\Pipeline->then(Object(Closure))
#26 C:\Apache24\htdocs\backendSendra\vendor\laravel\framework\src\Illuminate\Foundation\Http\Kernel.php(144): Illuminate\Foundation\Http\Kernel->sendRequestThroughRouter(Object(Illuminate\Http\Request))
#27 C:\Apache24\htdocs\backendSendra\public\index.php(51): Illuminate\Foundation\Http\Kernel->handle(Object(Illuminate\Http\Request))
#28 {main}

[2025-01-17 20:55:27] The GET method is not supported for route api/login. Supported methods: POST. in C:\Apache24\htdocs\backendSendra\vendor\laravel\framework\src\Illuminate\Routing\AbstractRouteCollection.php on line 122
#0 C:\Apache24\htdocs\backendSendra\vendor\laravel\framework\src\Illuminate\Routing\AbstractRouteCollection.php(107): Illuminate\Routing\AbstractRouteCollection->requestMethodNotAllowed(Object(Illuminate\Http\Request), Array, 'GET')
#1 C:\Apache24\htdocs\backendSendra\vendor\laravel\framework\src\Illuminate\Routing\AbstractRouteCollection.php(41): Illuminate\Routing\AbstractRouteCollection->getRouteForMethods(Object(Illuminate\Http\Request), Array)
#2 C:\Apache24\htdocs\backendSendra\vendor\laravel\framework\src\Illuminate\Routing\CompiledRouteCollection.php(144): Illuminate\Routing\AbstractRouteCollection->handleMatchedRoute(Object(Illuminate\Http\Request), NULL)
#3 C:\Apache24\htdocs\backendSendra\vendor\laravel\framework\src\Illuminate\Routing\Router.php(761): Illuminate\Routing\CompiledRouteCollection->match(Object(Illuminate\Http\Request))
#4 C:\Apache24\htdocs\backendSendra\vendor\laravel\framework\src\Illuminate\Routing\Router.php(748): Illuminate\Routing\Router->findRoute(Object(Illuminate\Http\Request))
#5 C:\Apache24\htdocs\backendSendra\vendor\laravel\framework\src\Illuminate\Routing\Router.php(737): Illuminate\Routing\Router->dispatchToRoute(Object(Illuminate\Http\Request))
#6 C:\Apache24\htdocs\backendSendra\vendor\laravel\framework\src\Illuminate\Foundation\Http\Kernel.php(200): Illuminate\Routing\Router->dispatch(Object(Illuminate\Http\Request))
#7 C:\Apache24\htdocs\backendSendra\vendor\laravel\framework\src\Illuminate\Pipeline\Pipeline.php(144): Illuminate\Foundation\Http\Kernel->Illuminate\Foundation\Http\{closure}(Object(Illuminate\Http\Request))
#8 C:\Apache24\htdocs\backendSendra\vendor\laravel\framework\src\Illuminate\Foundation\Http\Middleware\TransformsRequest.php(21): Illuminate\Pipeline\Pipeline->Illuminate\Pipeline\{closure}(Object(Illuminate\Http\Request))
#9 C:\Apache24\htdocs\backendSendra\vendor\laravel\framework\src\Illuminate\Foundation\Http\Middleware\ConvertEmptyStringsToNull.php(31): Illuminate\Foundation\Http\Middleware\TransformsRequest->handle(Object(Illuminate\Http\Request), Object(Closure))
#10 C:\Apache24\htdocs\backendSendra\vendor\laravel\framework\src\Illuminate\Pipeline\Pipeline.php(183): Illuminate\Foundation\Http\Middleware\ConvertEmptyStringsToNull->handle(Object(Illuminate\Http\Request), Object(Closure))
#11 C:\Apache24\htdocs\backendSendra\vendor\laravel\framework\src\Illuminate\Foundation\Http\Middleware\TransformsRequest.php(21): Illuminate\Pipeline\Pipeline->Illuminate\Pipeline\{closure}(Object(Illuminate\Http\Request))
#12 C:\Apache24\htdocs\backendSendra\vendor\laravel\framework\src\Illuminate\Foundation\Http\Middleware\TrimStrings.php(40): Illuminate\Foundation\Http\Middleware\TransformsRequest->handle(Object(Illuminate\Http\Request), Object(Closure))
#13 C:\Apache24\htdocs\backendSendra\vendor\laravel\framework\src\Illuminate\Pipeline\Pipeline.php(183): Illuminate\Foundation\Http\Middleware\TrimStrings->handle(Object(Illuminate\Http\Request), Object(Closure))
#14 C:\Apache24\htdocs\backendSendra\vendor\laravel\framework\src\Illuminate\Foundation\Http\Middleware\ValidatePostSize.php(27): Illuminate\Pipeline\Pipeline->Illuminate\Pipeline\{closure}(Object(Illuminate\Http\Request))
#15 C:\Apache24\htdocs\backendSendra\vendor\laravel\framework\src\Illuminate\Pipeline\Pipeline.php(183): Illuminate\Foundation\Http\Middleware\ValidatePostSize->handle(Object(Illuminate\Http\Request), Object(Closure))
#16 C:\Apache24\htdocs\backendSendra\vendor\laravel\framework\src\Illuminate\Foundation\Http\Middleware\PreventRequestsDuringMaintenance.php(99): Illuminate\Pipeline\Pipeline->Illuminate\Pipeline\{closure}(Object(Illuminate\Http\Request))
#17 C:\Apache24\htdocs\backendSendra\vendor\laravel\framework\src\Illuminate\Pipeline\Pipeline.php(183): Illuminate\Foundation\Http\Middleware\PreventRequestsDuringMaintenance->handle(Object(Illuminate\Http\Request), Object(Closure))
#18 C:\Apache24\htdocs\backendSendra\vendor\laravel\framework\src\Illuminate\Http\Middleware\HandleCors.php(62): Illuminate\Pipeline\Pipeline->Illuminate\Pipeline\{closure}(Object(Illuminate\Http\Request))
#19 C:\Apache24\htdocs\backendSendra\vendor\laravel\framework\src\Illuminate\Pipeline\Pipeline.php(183): Illuminate\Http\Middleware\HandleCors->handle(Object(Illuminate\Http\Request), Object(Closure))
#20 C:\Apache24\htdocs\backendSendra\vendor\laravel\framework\src\Illuminate\Http\Middleware\TrustProxies.php(39): Illuminate\Pipeline\Pipeline->Illuminate\Pipeline\{closure}(Object(Illuminate\Http\Request))
#21 C:\Apache24\htdocs\backendSendra\vendor\laravel\framework\src\Illuminate\Pipeline\Pipeline.php(183): Illuminate\Http\Middleware\TrustProxies->handle(Object(Illuminate\Http\Request), Object(Closure))
#22 C:\Apache24\htdocs\backendSendra\vendor\laravel\framework\src\Illuminate\Pipeline\Pipeline.php(119): Illuminate\Pipeline\Pipeline->Illuminate\Pipeline\{closure}(Object(Illuminate\Http\Request))
#23 C:\Apache24\htdocs\backendSendra\vendor\laravel\framework\src\Illuminate\Foundation\Http\Kernel.php(175): Illuminate\Pipeline\Pipeline->then(Object(Closure))
#24 C:\Apache24\htdocs\backendSendra\vendor\laravel\framework\src\Illuminate\Foundation\Http\Kernel.php(144): Illuminate\Foundation\Http\Kernel->sendRequestThroughRouter(Object(Illuminate\Http\Request))
#25 C:\Apache24\htdocs\backendSendra\public\index.php(51): Illuminate\Foundation\Http\Kernel->handle(Object(Illuminate\Http\Request))
#26 {main}

[2025-01-17 20:58:15] Call to a member function sendSms() on null in C:\Apache24\htdocs\backendSendra\app\Http\Controllers\AuthControllerApi.php on line 66
#0 C:\Apache24\htdocs\backendSendra\vendor\laravel\framework\src\Illuminate\Routing\Controller.php(54): App\Http\Controllers\AuthControllerApi->sendVerificationCode(Object(Illuminate\Http\Request))
#1 C:\Apache24\htdocs\backendSendra\vendor\laravel\framework\src\Illuminate\Routing\ControllerDispatcher.php(43): Illuminate\Routing\Controller->callAction('sendVerificatio...', Array)
#2 C:\Apache24\htdocs\backendSendra\vendor\laravel\framework\src\Illuminate\Routing\Route.php(259): Illuminate\Routing\ControllerDispatcher->dispatch(Object(Illuminate\Routing\Route), Object(App\Http\Controllers\AuthControllerApi), 'sendVerificatio...')
#3 C:\Apache24\htdocs\backendSendra\vendor\laravel\framework\src\Illuminate\Routing\Route.php(205): Illuminate\Routing\Route->runController()
#4 C:\Apache24\htdocs\backendSendra\vendor\laravel\framework\src\Illuminate\Routing\Router.php(806): Illuminate\Routing\Route->run()
#5 C:\Apache24\htdocs\backendSendra\vendor\laravel\framework\src\Illuminate\Pipeline\Pipeline.php(144): Illuminate\Routing\Router->Illuminate\Routing\{closure}(Object(Illuminate\Http\Request))
#6 C:\Apache24\htdocs\backendSendra\vendor\laravel\framework\src\Illuminate\Routing\Middleware\SubstituteBindings.php(50): Illuminate\Pipeline\Pipeline->Illuminate\Pipeline\{closure}(Object(Illuminate\Http\Request))
#7 C:\Apache24\htdocs\backendSendra\vendor\laravel\framework\src\Illuminate\Pipeline\Pipeline.php(183): Illuminate\Routing\Middleware\SubstituteBindings->handle(Object(Illuminate\Http\Request), Object(Closure))
#8 C:\Apache24\htdocs\backendSendra\vendor\laravel\framework\src\Illuminate\Routing\Middleware\ThrottleRequests.php(159): Illuminate\Pipeline\Pipeline->Illuminate\Pipeline\{closure}(Object(Illuminate\Http\Request))
#9 C:\Apache24\htdocs\backendSendra\vendor\laravel\framework\src\Illuminate\Routing\Middleware\ThrottleRequests.php(125): Illuminate\Routing\Middleware\ThrottleRequests->handleRequest(Object(Illuminate\Http\Request), Object(Closure), Array)
#10 C:\Apache24\htdocs\backendSendra\vendor\laravel\framework\src\Illuminate\Routing\Middleware\ThrottleRequests.php(87): Illuminate\Routing\Middleware\ThrottleRequests->handleRequestUsingNamedLimiter(Object(Illuminate\Http\Request), Object(Closure), 'api', Object(Closure))
#11 C:\Apache24\htdocs\backendSendra\vendor\laravel\framework\src\Illuminate\Pipeline\Pipeline.php(183): Illuminate\Routing\Middleware\ThrottleRequests->handle(Object(Illuminate\Http\Request), Object(Closure), 'api')
#12 C:\Apache24\htdocs\backendSendra\vendor\laravel\framework\src\Illuminate\Pipeline\Pipeline.php(119): Illuminate\Pipeline\Pipeline->Illuminate\Pipeline\{closure}(Object(Illuminate\Http\Request))
#13 C:\Apache24\htdocs\backendSendra\vendor\laravel\framework\src\Illuminate\Routing\Router.php(805): Illuminate\Pipeline\Pipeline->then(Object(Closure))
#14 C:\Apache24\htdocs\backendSendra\vendor\laravel\framework\src\Illuminate\Routing\Router.php(784): Illuminate\Routing\Router->runRouteWithinStack(Object(Illuminate\Routing\Route), Object(Illuminate\Http\Request))
#15 C:\Apache24\htdocs\backendSendra\vendor\laravel\framework\src\Illuminate\Routing\Router.php(748): Illuminate\Routing\Router->runRoute(Object(Illuminate\Http\Request), Object(Illuminate\Routing\Route))
#16 C:\Apache24\htdocs\backendSendra\vendor\laravel\framework\src\Illuminate\Routing\Router.php(737): Illuminate\Routing\Router->dispatchToRoute(Object(Illuminate\Http\Request))
#17 C:\Apache24\htdocs\backendSendra\vendor\laravel\framework\src\Illuminate\Foundation\Http\Kernel.php(200): Illuminate\Routing\Router->dispatch(Object(Illuminate\Http\Request))
#18 C:\Apache24\htdocs\backendSendra\vendor\laravel\framework\src\Illuminate\Pipeline\Pipeline.php(144): Illuminate\Foundation\Http\Kernel->Illuminate\Foundation\Http\{closure}(Object(Illuminate\Http\Request))
#19 C:\Apache24\htdocs\backendSendra\vendor\laravel\framework\src\Illuminate\Foundation\Http\Middleware\TransformsRequest.php(21): Illuminate\Pipeline\Pipeline->Illuminate\Pipeline\{closure}(Object(Illuminate\Http\Request))
#20 C:\Apache24\htdocs\backendSendra\vendor\laravel\framework\src\Illuminate\Foundation\Http\Middleware\ConvertEmptyStringsToNull.php(31): Illuminate\Foundation\Http\Middleware\TransformsRequest->handle(Object(Illuminate\Http\Request), Object(Closure))
#21 C:\Apache24\htdocs\backendSendra\vendor\laravel\framework\src\Illuminate\Pipeline\Pipeline.php(183): Illuminate\Foundation\Http\Middleware\ConvertEmptyStringsToNull->handle(Object(Illuminate\Http\Request), Object(Closure))
#22 C:\Apache24\htdocs\backendSendra\vendor\laravel\framework\src\Illuminate\Foundation\Http\Middleware\TransformsRequest.php(21): Illuminate\Pipeline\Pipeline->Illuminate\Pipeline\{closure}(Object(Illuminate\Http\Request))
#23 C:\Apache24\htdocs\backendSendra\vendor\laravel\framework\src\Illuminate\Foundation\Http\Middleware\TrimStrings.php(40): Illuminate\Foundation\Http\Middleware\TransformsRequest->handle(Object(Illuminate\Http\Request), Object(Closure))
#24 C:\Apache24\htdocs\backendSendra\vendor\laravel\framework\src\Illuminate\Pipeline\Pipeline.php(183): Illuminate\Foundation\Http\Middleware\TrimStrings->handle(Object(Illuminate\Http\Request), Object(Closure))
#25 C:\Apache24\htdocs\backendSendra\vendor\laravel\framework\src\Illuminate\Foundation\Http\Middleware\ValidatePostSize.php(27): Illuminate\Pipeline\Pipeline->Illuminate\Pipeline\{closure}(Object(Illuminate\Http\Request))
#26 C:\Apache24\htdocs\backendSendra\vendor\laravel\framework\src\Illuminate\Pipeline\Pipeline.php(183): Illuminate\Foundation\Http\Middleware\ValidatePostSize->handle(Object(Illuminate\Http\Request), Object(Closure))
#27 C:\Apache24\htdocs\backendSendra\vendor\laravel\framework\src\Illuminate\Foundation\Http\Middleware\PreventRequestsDuringMaintenance.php(99): Illuminate\Pipeline\Pipeline->Illuminate\Pipeline\{closure}(Object(Illuminate\Http\Request))
#28 C:\Apache24\htdocs\backendSendra\vendor\laravel\framework\src\Illuminate\Pipeline\Pipeline.php(183): Illuminate\Foundation\Http\Middleware\PreventRequestsDuringMaintenance->handle(Object(Illuminate\Http\Request), Object(Closure))
#29 C:\Apache24\htdocs\backendSendra\vendor\laravel\framework\src\Illuminate\Http\Middleware\HandleCors.php(62): Illuminate\Pipeline\Pipeline->Illuminate\Pipeline\{closure}(Object(Illuminate\Http\Request))
#30 C:\Apache24\htdocs\backendSendra\vendor\laravel\framework\src\Illuminate\Pipeline\Pipeline.php(183): Illuminate\Http\Middleware\HandleCors->handle(Object(Illuminate\Http\Request), Object(Closure))
#31 C:\Apache24\htdocs\backendSendra\vendor\laravel\framework\src\Illuminate\Http\Middleware\TrustProxies.php(39): Illuminate\Pipeline\Pipeline->Illuminate\Pipeline\{closure}(Object(Illuminate\Http\Request))
#32 C:\Apache24\htdocs\backendSendra\vendor\laravel\framework\src\Illuminate\Pipeline\Pipeline.php(183): Illuminate\Http\Middleware\TrustProxies->handle(Object(Illuminate\Http\Request), Object(Closure))
#33 C:\Apache24\htdocs\backendSendra\vendor\laravel\framework\src\Illuminate\Pipeline\Pipeline.php(119): Illuminate\Pipeline\Pipeline->Illuminate\Pipeline\{closure}(Object(Illuminate\Http\Request))
#34 C:\Apache24\htdocs\backendSendra\vendor\laravel\framework\src\Illuminate\Foundation\Http\Kernel.php(175): Illuminate\Pipeline\Pipeline->then(Object(Closure))
#35 C:\Apache24\htdocs\backendSendra\vendor\laravel\framework\src\Illuminate\Foundation\Http\Kernel.php(144): Illuminate\Foundation\Http\Kernel->sendRequestThroughRouter(Object(Illuminate\Http\Request))
#36 C:\Apache24\htdocs\backendSendra\public\index.php(51): Illuminate\Foundation\Http\Kernel->handle(Object(Illuminate\Http\Request))
#37 {main}

[2025-01-17 21:16:26] Call to a member function sendSms() on null in C:\Apache24\htdocs\backendSendra\app\Http\Controllers\AuthControllerApi.php on line 66
#0 C:\Apache24\htdocs\backendSendra\vendor\laravel\framework\src\Illuminate\Routing\Controller.php(54): App\Http\Controllers\AuthControllerApi->sendVerificationCode(Object(Illuminate\Http\Request))
#1 C:\Apache24\htdocs\backendSendra\vendor\laravel\framework\src\Illuminate\Routing\ControllerDispatcher.php(43): Illuminate\Routing\Controller->callAction('sendVerificatio...', Array)
#2 C:\Apache24\htdocs\backendSendra\vendor\laravel\framework\src\Illuminate\Routing\Route.php(259): Illuminate\Routing\ControllerDispatcher->dispatch(Object(Illuminate\Routing\Route), Object(App\Http\Controllers\AuthControllerApi), 'sendVerificatio...')
#3 C:\Apache24\htdocs\backendSendra\vendor\laravel\framework\src\Illuminate\Routing\Route.php(205): Illuminate\Routing\Route->runController()
#4 C:\Apache24\htdocs\backendSendra\vendor\laravel\framework\src\Illuminate\Routing\Router.php(806): Illuminate\Routing\Route->run()
#5 C:\Apache24\htdocs\backendSendra\vendor\laravel\framework\src\Illuminate\Pipeline\Pipeline.php(144): Illuminate\Routing\Router->Illuminate\Routing\{closure}(Object(Illuminate\Http\Request))
#6 C:\Apache24\htdocs\backendSendra\vendor\laravel\framework\src\Illuminate\Routing\Middleware\SubstituteBindings.php(50): Illuminate\Pipeline\Pipeline->Illuminate\Pipeline\{closure}(Object(Illuminate\Http\Request))
#7 C:\Apache24\htdocs\backendSendra\vendor\laravel\framework\src\Illuminate\Pipeline\Pipeline.php(183): Illuminate\Routing\Middleware\SubstituteBindings->handle(Object(Illuminate\Http\Request), Object(Closure))
#8 C:\Apache24\htdocs\backendSendra\vendor\laravel\framework\src\Illuminate\Routing\Middleware\ThrottleRequests.php(159): Illuminate\Pipeline\Pipeline->Illuminate\Pipeline\{closure}(Object(Illuminate\Http\Request))
#9 C:\Apache24\htdocs\backendSendra\vendor\laravel\framework\src\Illuminate\Routing\Middleware\ThrottleRequests.php(125): Illuminate\Routing\Middleware\ThrottleRequests->handleRequest(Object(Illuminate\Http\Request), Object(Closure), Array)
#10 C:\Apache24\htdocs\backendSendra\vendor\laravel\framework\src\Illuminate\Routing\Middleware\ThrottleRequests.php(87): Illuminate\Routing\Middleware\ThrottleRequests->handleRequestUsingNamedLimiter(Object(Illuminate\Http\Request), Object(Closure), 'api', Object(Closure))
#11 C:\Apache24\htdocs\backendSendra\vendor\laravel\framework\src\Illuminate\Pipeline\Pipeline.php(183): Illuminate\Routing\Middleware\ThrottleRequests->handle(Object(Illuminate\Http\Request), Object(Closure), 'api')
#12 C:\Apache24\htdocs\backendSendra\vendor\laravel\framework\src\Illuminate\Pipeline\Pipeline.php(119): Illuminate\Pipeline\Pipeline->Illuminate\Pipeline\{closure}(Object(Illuminate\Http\Request))
#13 C:\Apache24\htdocs\backendSendra\vendor\laravel\framework\src\Illuminate\Routing\Router.php(805): Illuminate\Pipeline\Pipeline->then(Object(Closure))
#14 C:\Apache24\htdocs\backendSendra\vendor\laravel\framework\src\Illuminate\Routing\Router.php(784): Illuminate\Routing\Router->runRouteWithinStack(Object(Illuminate\Routing\Route), Object(Illuminate\Http\Request))
#15 C:\Apache24\htdocs\backendSendra\vendor\laravel\framework\src\Illuminate\Routing\Router.php(748): Illuminate\Routing\Router->runRoute(Object(Illuminate\Http\Request), Object(Illuminate\Routing\Route))
#16 C:\Apache24\htdocs\backendSendra\vendor\laravel\framework\src\Illuminate\Routing\Router.php(737): Illuminate\Routing\Router->dispatchToRoute(Object(Illuminate\Http\Request))
#17 C:\Apache24\htdocs\backendSendra\vendor\laravel\framework\src\Illuminate\Foundation\Http\Kernel.php(200): Illuminate\Routing\Router->dispatch(Object(Illuminate\Http\Request))
#18 C:\Apache24\htdocs\backendSendra\vendor\laravel\framework\src\Illuminate\Pipeline\Pipeline.php(144): Illuminate\Foundation\Http\Kernel->Illuminate\Foundation\Http\{closure}(Object(Illuminate\Http\Request))
#19 C:\Apache24\htdocs\backendSendra\vendor\laravel\framework\src\Illuminate\Foundation\Http\Middleware\TransformsRequest.php(21): Illuminate\Pipeline\Pipeline->Illuminate\Pipeline\{closure}(Object(Illuminate\Http\Request))
#20 C:\Apache24\htdocs\backendSendra\vendor\laravel\framework\src\Illuminate\Foundation\Http\Middleware\ConvertEmptyStringsToNull.php(31): Illuminate\Foundation\Http\Middleware\TransformsRequest->handle(Object(Illuminate\Http\Request), Object(Closure))
#21 C:\Apache24\htdocs\backendSendra\vendor\laravel\framework\src\Illuminate\Pipeline\Pipeline.php(183): Illuminate\Foundation\Http\Middleware\ConvertEmptyStringsToNull->handle(Object(Illuminate\Http\Request), Object(Closure))
#22 C:\Apache24\htdocs\backendSendra\vendor\laravel\framework\src\Illuminate\Foundation\Http\Middleware\TransformsRequest.php(21): Illuminate\Pipeline\Pipeline->Illuminate\Pipeline\{closure}(Object(Illuminate\Http\Request))
#23 C:\Apache24\htdocs\backendSendra\vendor\laravel\framework\src\Illuminate\Foundation\Http\Middleware\TrimStrings.php(40): Illuminate\Foundation\Http\Middleware\TransformsRequest->handle(Object(Illuminate\Http\Request), Object(Closure))
#24 C:\Apache24\htdocs\backendSendra\vendor\laravel\framework\src\Illuminate\Pipeline\Pipeline.php(183): Illuminate\Foundation\Http\Middleware\TrimStrings->handle(Object(Illuminate\Http\Request), Object(Closure))
#25 C:\Apache24\htdocs\backendSendra\vendor\laravel\framework\src\Illuminate\Foundation\Http\Middleware\ValidatePostSize.php(27): Illuminate\Pipeline\Pipeline->Illuminate\Pipeline\{closure}(Object(Illuminate\Http\Request))
#26 C:\Apache24\htdocs\backendSendra\vendor\laravel\framework\src\Illuminate\Pipeline\Pipeline.php(183): Illuminate\Foundation\Http\Middleware\ValidatePostSize->handle(Object(Illuminate\Http\Request), Object(Closure))
#27 C:\Apache24\htdocs\backendSendra\vendor\laravel\framework\src\Illuminate\Foundation\Http\Middleware\PreventRequestsDuringMaintenance.php(99): Illuminate\Pipeline\Pipeline->Illuminate\Pipeline\{closure}(Object(Illuminate\Http\Request))
#28 C:\Apache24\htdocs\backendSendra\vendor\laravel\framework\src\Illuminate\Pipeline\Pipeline.php(183): Illuminate\Foundation\Http\Middleware\PreventRequestsDuringMaintenance->handle(Object(Illuminate\Http\Request), Object(Closure))
#29 C:\Apache24\htdocs\backendSendra\vendor\laravel\framework\src\Illuminate\Http\Middleware\HandleCors.php(62): Illuminate\Pipeline\Pipeline->Illuminate\Pipeline\{closure}(Object(Illuminate\Http\Request))
#30 C:\Apache24\htdocs\backendSendra\vendor\laravel\framework\src\Illuminate\Pipeline\Pipeline.php(183): Illuminate\Http\Middleware\HandleCors->handle(Object(Illuminate\Http\Request), Object(Closure))
#31 C:\Apache24\htdocs\backendSendra\vendor\laravel\framework\src\Illuminate\Http\Middleware\TrustProxies.php(39): Illuminate\Pipeline\Pipeline->Illuminate\Pipeline\{closure}(Object(Illuminate\Http\Request))
#32 C:\Apache24\htdocs\backendSendra\vendor\laravel\framework\src\Illuminate\Pipeline\Pipeline.php(183): Illuminate\Http\Middleware\TrustProxies->handle(Object(Illuminate\Http\Request), Object(Closure))
#33 C:\Apache24\htdocs\backendSendra\vendor\laravel\framework\src\Illuminate\Pipeline\Pipeline.php(119): Illuminate\Pipeline\Pipeline->Illuminate\Pipeline\{closure}(Object(Illuminate\Http\Request))
#34 C:\Apache24\htdocs\backendSendra\vendor\laravel\framework\src\Illuminate\Foundation\Http\Kernel.php(175): Illuminate\Pipeline\Pipeline->then(Object(Closure))
#35 C:\Apache24\htdocs\backendSendra\vendor\laravel\framework\src\Illuminate\Foundation\Http\Kernel.php(144): Illuminate\Foundation\Http\Kernel->sendRequestThroughRouter(Object(Illuminate\Http\Request))
#36 C:\Apache24\htdocs\backendSendra\public\index.php(51): Illuminate\Foundation\Http\Kernel->handle(Object(Illuminate\Http\Request))
#37 {main}

[2025-01-17 21:52:38] validation.digits in C:\Apache24\htdocs\backendSendra\vendor\laravel\framework\src\Illuminate\Support\helpers.php on line 330
#0 C:\Apache24\htdocs\backendSendra\vendor\laravel\framework\src\Illuminate\Validation\Validator.php(534): throw_if(true, 'Illuminate\\Vali...', Object(Illuminate\Validation\Validator))
#1 C:\Apache24\htdocs\backendSendra\vendor\laravel\framework\src\Illuminate\Foundation\Providers\FoundationServiceProvider.php(124): Illuminate\Validation\Validator->validate()
#2 C:\Apache24\htdocs\backendSendra\vendor\laravel\framework\src\Illuminate\Macroable\Traits\Macroable.php(123): Illuminate\Http\Request->Illuminate\Foundation\Providers\{closure}(Array)
#3 C:\Apache24\htdocs\backendSendra\app\Http\Controllers\AuthControllerApi.php(80): Illuminate\Http\Request->__call('validate', Array)
#4 C:\Apache24\htdocs\backendSendra\vendor\laravel\framework\src\Illuminate\Routing\Controller.php(54): App\Http\Controllers\AuthControllerApi->verifyCode(Object(Illuminate\Http\Request))
#5 C:\Apache24\htdocs\backendSendra\vendor\laravel\framework\src\Illuminate\Routing\ControllerDispatcher.php(43): Illuminate\Routing\Controller->callAction('verifyCode', Array)
#6 C:\Apache24\htdocs\backendSendra\vendor\laravel\framework\src\Illuminate\Routing\Route.php(259): Illuminate\Routing\ControllerDispatcher->dispatch(Object(Illuminate\Routing\Route), Object(App\Http\Controllers\AuthControllerApi), 'verifyCode')
#7 C:\Apache24\htdocs\backendSendra\vendor\laravel\framework\src\Illuminate\Routing\Route.php(205): Illuminate\Routing\Route->runController()
#8 C:\Apache24\htdocs\backendSendra\vendor\laravel\framework\src\Illuminate\Routing\Router.php(806): Illuminate\Routing\Route->run()
#9 C:\Apache24\htdocs\backendSendra\vendor\laravel\framework\src\Illuminate\Pipeline\Pipeline.php(144): Illuminate\Routing\Router->Illuminate\Routing\{closure}(Object(Illuminate\Http\Request))
#10 C:\Apache24\htdocs\backendSendra\vendor\laravel\framework\src\Illuminate\Routing\Middleware\SubstituteBindings.php(50): Illuminate\Pipeline\Pipeline->Illuminate\Pipeline\{closure}(Object(Illuminate\Http\Request))
#11 C:\Apache24\htdocs\backendSendra\vendor\laravel\framework\src\Illuminate\Pipeline\Pipeline.php(183): Illuminate\Routing\Middleware\SubstituteBindings->handle(Object(Illuminate\Http\Request), Object(Closure))
#12 C:\Apache24\htdocs\backendSendra\vendor\laravel\framework\src\Illuminate\Routing\Middleware\ThrottleRequests.php(159): Illuminate\Pipeline\Pipeline->Illuminate\Pipeline\{closure}(Object(Illuminate\Http\Request))
#13 C:\Apache24\htdocs\backendSendra\vendor\laravel\framework\src\Illuminate\Routing\Middleware\ThrottleRequests.php(125): Illuminate\Routing\Middleware\ThrottleRequests->handleRequest(Object(Illuminate\Http\Request), Object(Closure), Array)
#14 C:\Apache24\htdocs\backendSendra\vendor\laravel\framework\src\Illuminate\Routing\Middleware\ThrottleRequests.php(87): Illuminate\Routing\Middleware\ThrottleRequests->handleRequestUsingNamedLimiter(Object(Illuminate\Http\Request), Object(Closure), 'api', Object(Closure))
#15 C:\Apache24\htdocs\backendSendra\vendor\laravel\framework\src\Illuminate\Pipeline\Pipeline.php(183): Illuminate\Routing\Middleware\ThrottleRequests->handle(Object(Illuminate\Http\Request), Object(Closure), 'api')
#16 C:\Apache24\htdocs\backendSendra\vendor\laravel\framework\src\Illuminate\Pipeline\Pipeline.php(119): Illuminate\Pipeline\Pipeline->Illuminate\Pipeline\{closure}(Object(Illuminate\Http\Request))
#17 C:\Apache24\htdocs\backendSendra\vendor\laravel\framework\src\Illuminate\Routing\Router.php(805): Illuminate\Pipeline\Pipeline->then(Object(Closure))
#18 C:\Apache24\htdocs\backendSendra\vendor\laravel\framework\src\Illuminate\Routing\Router.php(784): Illuminate\Routing\Router->runRouteWithinStack(Object(Illuminate\Routing\Route), Object(Illuminate\Http\Request))
#19 C:\Apache24\htdocs\backendSendra\vendor\laravel\framework\src\Illuminate\Routing\Router.php(748): Illuminate\Routing\Router->runRoute(Object(Illuminate\Http\Request), Object(Illuminate\Routing\Route))
#20 C:\Apache24\htdocs\backendSendra\vendor\laravel\framework\src\Illuminate\Routing\Router.php(737): Illuminate\Routing\Router->dispatchToRoute(Object(Illuminate\Http\Request))
#21 C:\Apache24\htdocs\backendSendra\vendor\laravel\framework\src\Illuminate\Foundation\Http\Kernel.php(200): Illuminate\Routing\Router->dispatch(Object(Illuminate\Http\Request))
#22 C:\Apache24\htdocs\backendSendra\vendor\laravel\framework\src\Illuminate\Pipeline\Pipeline.php(144): Illuminate\Foundation\Http\Kernel->Illuminate\Foundation\Http\{closure}(Object(Illuminate\Http\Request))
#23 C:\Apache24\htdocs\backendSendra\vendor\laravel\framework\src\Illuminate\Foundation\Http\Middleware\TransformsRequest.php(21): Illuminate\Pipeline\Pipeline->Illuminate\Pipeline\{closure}(Object(Illuminate\Http\Request))
#24 C:\Apache24\htdocs\backendSendra\vendor\laravel\framework\src\Illuminate\Foundation\Http\Middleware\ConvertEmptyStringsToNull.php(31): Illuminate\Foundation\Http\Middleware\TransformsRequest->handle(Object(Illuminate\Http\Request), Object(Closure))
#25 C:\Apache24\htdocs\backendSendra\vendor\laravel\framework\src\Illuminate\Pipeline\Pipeline.php(183): Illuminate\Foundation\Http\Middleware\ConvertEmptyStringsToNull->handle(Object(Illuminate\Http\Request), Object(Closure))
#26 C:\Apache24\htdocs\backendSendra\vendor\laravel\framework\src\Illuminate\Foundation\Http\Middleware\TransformsRequest.php(21): Illuminate\Pipeline\Pipeline->Illuminate\Pipeline\{closure}(Object(Illuminate\Http\Request))
#27 C:\Apache24\htdocs\backendSendra\vendor\laravel\framework\src\Illuminate\Foundation\Http\Middleware\TrimStrings.php(40): Illuminate\Foundation\Http\Middleware\TransformsRequest->handle(Object(Illuminate\Http\Request), Object(Closure))
#28 C:\Apache24\htdocs\backendSendra\vendor\laravel\framework\src\Illuminate\Pipeline\Pipeline.php(183): Illuminate\Foundation\Http\Middleware\TrimStrings->handle(Object(Illuminate\Http\Request), Object(Closure))
#29 C:\Apache24\htdocs\backendSendra\vendor\laravel\framework\src\Illuminate\Foundation\Http\Middleware\ValidatePostSize.php(27): Illuminate\Pipeline\Pipeline->Illuminate\Pipeline\{closure}(Object(Illuminate\Http\Request))
#30 C:\Apache24\htdocs\backendSendra\vendor\laravel\framework\src\Illuminate\Pipeline\Pipeline.php(183): Illuminate\Foundation\Http\Middleware\ValidatePostSize->handle(Object(Illuminate\Http\Request), Object(Closure))
#31 C:\Apache24\htdocs\backendSendra\vendor\laravel\framework\src\Illuminate\Foundation\Http\Middleware\PreventRequestsDuringMaintenance.php(99): Illuminate\Pipeline\Pipeline->Illuminate\Pipeline\{closure}(Object(Illuminate\Http\Request))
#32 C:\Apache24\htdocs\backendSendra\vendor\laravel\framework\src\Illuminate\Pipeline\Pipeline.php(183): Illuminate\Foundation\Http\Middleware\PreventRequestsDuringMaintenance->handle(Object(Illuminate\Http\Request), Object(Closure))
#33 C:\Apache24\htdocs\backendSendra\vendor\laravel\framework\src\Illuminate\Http\Middleware\HandleCors.php(62): Illuminate\Pipeline\Pipeline->Illuminate\Pipeline\{closure}(Object(Illuminate\Http\Request))
#34 C:\Apache24\htdocs\backendSendra\vendor\laravel\framework\src\Illuminate\Pipeline\Pipeline.php(183): Illuminate\Http\Middleware\HandleCors->handle(Object(Illuminate\Http\Request), Object(Closure))
#35 C:\Apache24\htdocs\backendSendra\vendor\laravel\framework\src\Illuminate\Http\Middleware\TrustProxies.php(39): Illuminate\Pipeline\Pipeline->Illuminate\Pipeline\{closure}(Object(Illuminate\Http\Request))
#36 C:\Apache24\htdocs\backendSendra\vendor\laravel\framework\src\Illuminate\Pipeline\Pipeline.php(183): Illuminate\Http\Middleware\TrustProxies->handle(Object(Illuminate\Http\Request), Object(Closure))
#37 C:\Apache24\htdocs\backendSendra\vendor\laravel\framework\src\Illuminate\Pipeline\Pipeline.php(119): Illuminate\Pipeline\Pipeline->Illuminate\Pipeline\{closure}(Object(Illuminate\Http\Request))
#38 C:\Apache24\htdocs\backendSendra\vendor\laravel\framework\src\Illuminate\Foundation\Http\Kernel.php(175): Illuminate\Pipeline\Pipeline->then(Object(Closure))
#39 C:\Apache24\htdocs\backendSendra\vendor\laravel\framework\src\Illuminate\Foundation\Http\Kernel.php(144): Illuminate\Foundation\Http\Kernel->sendRequestThroughRouter(Object(Illuminate\Http\Request))
#40 C:\Apache24\htdocs\backendSendra\public\index.php(51): Illuminate\Foundation\Http\Kernel->handle(Object(Illuminate\Http\Request))
#41 {main}

[2025-01-17 21:52:38] Forbidden in C:\Apache24\htdocs\backendSendra\vendor\laravel\framework\src\Illuminate\Foundation\Application.php on line 1254
#0 C:\Apache24\htdocs\backendSendra\vendor\laravel\framework\src\Illuminate\Foundation\helpers.php(45): Illuminate\Foundation\Application->abort(403, 'Forbidden', Array)
#1 C:\Apache24\htdocs\backendSendra\routes\web.php(18): abort(403, 'Forbidden')
#2 C:\Apache24\htdocs\backendSendra\vendor\laravel\framework\src\Illuminate\Routing\CallableDispatcher.php(40): Illuminate\Routing\RouteFileRegistrar->{closure}()
#3 C:\Apache24\htdocs\backendSendra\vendor\laravel\framework\src\Illuminate\Routing\Route.php(237): Illuminate\Routing\CallableDispatcher->dispatch(Object(Illuminate\Routing\Route), Object(Closure))
#4 C:\Apache24\htdocs\backendSendra\vendor\laravel\framework\src\Illuminate\Routing\Route.php(208): Illuminate\Routing\Route->runCallable()
#5 C:\Apache24\htdocs\backendSendra\vendor\laravel\framework\src\Illuminate\Routing\Router.php(806): Illuminate\Routing\Route->run()
#6 C:\Apache24\htdocs\backendSendra\vendor\laravel\framework\src\Illuminate\Pipeline\Pipeline.php(144): Illuminate\Routing\Router->Illuminate\Routing\{closure}(Object(Illuminate\Http\Request))
#7 C:\Apache24\htdocs\backendSendra\vendor\laravel\framework\src\Illuminate\Routing\Middleware\SubstituteBindings.php(50): Illuminate\Pipeline\Pipeline->Illuminate\Pipeline\{closure}(Object(Illuminate\Http\Request))
#8 C:\Apache24\htdocs\backendSendra\vendor\laravel\framework\src\Illuminate\Pipeline\Pipeline.php(183): Illuminate\Routing\Middleware\SubstituteBindings->handle(Object(Illuminate\Http\Request), Object(Closure))
#9 C:\Apache24\htdocs\backendSendra\vendor\laravel\framework\src\Illuminate\Foundation\Http\Middleware\VerifyCsrfToken.php(78): Illuminate\Pipeline\Pipeline->Illuminate\Pipeline\{closure}(Object(Illuminate\Http\Request))
#10 C:\Apache24\htdocs\backendSendra\vendor\laravel\framework\src\Illuminate\Pipeline\Pipeline.php(183): Illuminate\Foundation\Http\Middleware\VerifyCsrfToken->handle(Object(Illuminate\Http\Request), Object(Closure))
#11 C:\Apache24\htdocs\backendSendra\vendor\laravel\framework\src\Illuminate\View\Middleware\ShareErrorsFromSession.php(49): Illuminate\Pipeline\Pipeline->Illuminate\Pipeline\{closure}(Object(Illuminate\Http\Request))
#12 C:\Apache24\htdocs\backendSendra\vendor\laravel\framework\src\Illuminate\Pipeline\Pipeline.php(183): Illuminate\View\Middleware\ShareErrorsFromSession->handle(Object(Illuminate\Http\Request), Object(Closure))
#13 C:\Apache24\htdocs\backendSendra\vendor\laravel\framework\src\Illuminate\Session\Middleware\StartSession.php(121): Illuminate\Pipeline\Pipeline->Illuminate\Pipeline\{closure}(Object(Illuminate\Http\Request))
#14 C:\Apache24\htdocs\backendSendra\vendor\laravel\framework\src\Illuminate\Session\Middleware\StartSession.php(64): Illuminate\Session\Middleware\StartSession->handleStatefulRequest(Object(Illuminate\Http\Request), Object(Illuminate\Session\Store), Object(Closure))
#15 C:\Apache24\htdocs\backendSendra\vendor\laravel\framework\src\Illuminate\Pipeline\Pipeline.php(183): Illuminate\Session\Middleware\StartSession->handle(Object(Illuminate\Http\Request), Object(Closure))
#16 C:\Apache24\htdocs\backendSendra\vendor\laravel\framework\src\Illuminate\Cookie\Middleware\AddQueuedCookiesToResponse.php(37): Illuminate\Pipeline\Pipeline->Illuminate\Pipeline\{closure}(Object(Illuminate\Http\Request))
#17 C:\Apache24\htdocs\backendSendra\vendor\laravel\framework\src\Illuminate\Pipeline\Pipeline.php(183): Illuminate\Cookie\Middleware\AddQueuedCookiesToResponse->handle(Object(Illuminate\Http\Request), Object(Closure))
#18 C:\Apache24\htdocs\backendSendra\vendor\laravel\framework\src\Illuminate\Cookie\Middleware\EncryptCookies.php(67): Illuminate\Pipeline\Pipeline->Illuminate\Pipeline\{closure}(Object(Illuminate\Http\Request))
#19 C:\Apache24\htdocs\backendSendra\vendor\laravel\framework\src\Illuminate\Pipeline\Pipeline.php(183): Illuminate\Cookie\Middleware\EncryptCookies->handle(Object(Illuminate\Http\Request), Object(Closure))
#20 C:\Apache24\htdocs\backendSendra\vendor\laravel\framework\src\Illuminate\Pipeline\Pipeline.php(119): Illuminate\Pipeline\Pipeline->Illuminate\Pipeline\{closure}(Object(Illuminate\Http\Request))
#21 C:\Apache24\htdocs\backendSendra\vendor\laravel\framework\src\Illuminate\Routing\Router.php(805): Illuminate\Pipeline\Pipeline->then(Object(Closure))
#22 C:\Apache24\htdocs\backendSendra\vendor\laravel\framework\src\Illuminate\Routing\Router.php(784): Illuminate\Routing\Router->runRouteWithinStack(Object(Illuminate\Routing\Route), Object(Illuminate\Http\Request))
#23 C:\Apache24\htdocs\backendSendra\vendor\laravel\framework\src\Illuminate\Routing\Router.php(748): Illuminate\Routing\Router->runRoute(Object(Illuminate\Http\Request), Object(Illuminate\Routing\Route))
#24 C:\Apache24\htdocs\backendSendra\vendor\laravel\framework\src\Illuminate\Routing\Router.php(737): Illuminate\Routing\Router->dispatchToRoute(Object(Illuminate\Http\Request))
#25 C:\Apache24\htdocs\backendSendra\vendor\laravel\framework\src\Illuminate\Foundation\Http\Kernel.php(200): Illuminate\Routing\Router->dispatch(Object(Illuminate\Http\Request))
#26 C:\Apache24\htdocs\backendSendra\vendor\laravel\framework\src\Illuminate\Pipeline\Pipeline.php(144): Illuminate\Foundation\Http\Kernel->Illuminate\Foundation\Http\{closure}(Object(Illuminate\Http\Request))
#27 C:\Apache24\htdocs\backendSendra\vendor\laravel\framework\src\Illuminate\Foundation\Http\Middleware\TransformsRequest.php(21): Illuminate\Pipeline\Pipeline->Illuminate\Pipeline\{closure}(Object(Illuminate\Http\Request))
#28 C:\Apache24\htdocs\backendSendra\vendor\laravel\framework\src\Illuminate\Foundation\Http\Middleware\ConvertEmptyStringsToNull.php(31): Illuminate\Foundation\Http\Middleware\TransformsRequest->handle(Object(Illuminate\Http\Request), Object(Closure))
#29 C:\Apache24\htdocs\backendSendra\vendor\laravel\framework\src\Illuminate\Pipeline\Pipeline.php(183): Illuminate\Foundation\Http\Middleware\ConvertEmptyStringsToNull->handle(Object(Illuminate\Http\Request), Object(Closure))
#30 C:\Apache24\htdocs\backendSendra\vendor\laravel\framework\src\Illuminate\Foundation\Http\Middleware\TransformsRequest.php(21): Illuminate\Pipeline\Pipeline->Illuminate\Pipeline\{closure}(Object(Illuminate\Http\Request))
#31 C:\Apache24\htdocs\backendSendra\vendor\laravel\framework\src\Illuminate\Foundation\Http\Middleware\TrimStrings.php(40): Illuminate\Foundation\Http\Middleware\TransformsRequest->handle(Object(Illuminate\Http\Request), Object(Closure))
#32 C:\Apache24\htdocs\backendSendra\vendor\laravel\framework\src\Illuminate\Pipeline\Pipeline.php(183): Illuminate\Foundation\Http\Middleware\TrimStrings->handle(Object(Illuminate\Http\Request), Object(Closure))
#33 C:\Apache24\htdocs\backendSendra\vendor\laravel\framework\src\Illuminate\Foundation\Http\Middleware\ValidatePostSize.php(27): Illuminate\Pipeline\Pipeline->Illuminate\Pipeline\{closure}(Object(Illuminate\Http\Request))
#34 C:\Apache24\htdocs\backendSendra\vendor\laravel\framework\src\Illuminate\Pipeline\Pipeline.php(183): Illuminate\Foundation\Http\Middleware\ValidatePostSize->handle(Object(Illuminate\Http\Request), Object(Closure))
#35 C:\Apache24\htdocs\backendSendra\vendor\laravel\framework\src\Illuminate\Foundation\Http\Middleware\PreventRequestsDuringMaintenance.php(99): Illuminate\Pipeline\Pipeline->Illuminate\Pipeline\{closure}(Object(Illuminate\Http\Request))
#36 C:\Apache24\htdocs\backendSendra\vendor\laravel\framework\src\Illuminate\Pipeline\Pipeline.php(183): Illuminate\Foundation\Http\Middleware\PreventRequestsDuringMaintenance->handle(Object(Illuminate\Http\Request), Object(Closure))
#37 C:\Apache24\htdocs\backendSendra\vendor\laravel\framework\src\Illuminate\Http\Middleware\HandleCors.php(49): Illuminate\Pipeline\Pipeline->Illuminate\Pipeline\{closure}(Object(Illuminate\Http\Request))
#38 C:\Apache24\htdocs\backendSendra\vendor\laravel\framework\src\Illuminate\Pipeline\Pipeline.php(183): Illuminate\Http\Middleware\HandleCors->handle(Object(Illuminate\Http\Request), Object(Closure))
#39 C:\Apache24\htdocs\backendSendra\vendor\laravel\framework\src\Illuminate\Http\Middleware\TrustProxies.php(39): Illuminate\Pipeline\Pipeline->Illuminate\Pipeline\{closure}(Object(Illuminate\Http\Request))
#40 C:\Apache24\htdocs\backendSendra\vendor\laravel\framework\src\Illuminate\Pipeline\Pipeline.php(183): Illuminate\Http\Middleware\TrustProxies->handle(Object(Illuminate\Http\Request), Object(Closure))
#41 C:\Apache24\htdocs\backendSendra\vendor\laravel\framework\src\Illuminate\Pipeline\Pipeline.php(119): Illuminate\Pipeline\Pipeline->Illuminate\Pipeline\{closure}(Object(Illuminate\Http\Request))
#42 C:\Apache24\htdocs\backendSendra\vendor\laravel\framework\src\Illuminate\Foundation\Http\Kernel.php(175): Illuminate\Pipeline\Pipeline->then(Object(Closure))
#43 C:\Apache24\htdocs\backendSendra\vendor\laravel\framework\src\Illuminate\Foundation\Http\Kernel.php(144): Illuminate\Foundation\Http\Kernel->sendRequestThroughRouter(Object(Illuminate\Http\Request))
#44 C:\Apache24\htdocs\backendSendra\public\index.php(51): Illuminate\Foundation\Http\Kernel->handle(Object(Illuminate\Http\Request))
#45 {main}

[2025-01-17 22:34:28] Unauthenticated. in C:\Apache24\htdocs\backendSendra\vendor\laravel\framework\src\Illuminate\Auth\Middleware\Authenticate.php on line 95
#0 C:\Apache24\htdocs\backendSendra\vendor\laravel\framework\src\Illuminate\Auth\Middleware\Authenticate.php(81): Illuminate\Auth\Middleware\Authenticate->unauthenticated(Object(Illuminate\Http\Request), Array)
#1 C:\Apache24\htdocs\backendSendra\vendor\laravel\framework\src\Illuminate\Auth\Middleware\Authenticate.php(55): Illuminate\Auth\Middleware\Authenticate->authenticate(Object(Illuminate\Http\Request), Array)
#2 C:\Apache24\htdocs\backendSendra\vendor\laravel\framework\src\Illuminate\Pipeline\Pipeline.php(183): Illuminate\Auth\Middleware\Authenticate->handle(Object(Illuminate\Http\Request), Object(Closure), 'api')
#3 C:\Apache24\htdocs\backendSendra\vendor\laravel\framework\src\Illuminate\Pipeline\Pipeline.php(119): Illuminate\Pipeline\Pipeline->Illuminate\Pipeline\{closure}(Object(Illuminate\Http\Request))
#4 C:\Apache24\htdocs\backendSendra\vendor\laravel\framework\src\Illuminate\Routing\Router.php(805): Illuminate\Pipeline\Pipeline->then(Object(Closure))
#5 C:\Apache24\htdocs\backendSendra\vendor\laravel\framework\src\Illuminate\Routing\Router.php(784): Illuminate\Routing\Router->runRouteWithinStack(Object(Illuminate\Routing\Route), Object(Illuminate\Http\Request))
#6 C:\Apache24\htdocs\backendSendra\vendor\laravel\framework\src\Illuminate\Routing\Router.php(748): Illuminate\Routing\Router->runRoute(Object(Illuminate\Http\Request), Object(Illuminate\Routing\Route))
#7 C:\Apache24\htdocs\backendSendra\vendor\laravel\framework\src\Illuminate\Routing\Router.php(737): Illuminate\Routing\Router->dispatchToRoute(Object(Illuminate\Http\Request))
#8 C:\Apache24\htdocs\backendSendra\vendor\laravel\framework\src\Illuminate\Foundation\Http\Kernel.php(200): Illuminate\Routing\Router->dispatch(Object(Illuminate\Http\Request))
#9 C:\Apache24\htdocs\backendSendra\vendor\laravel\framework\src\Illuminate\Pipeline\Pipeline.php(144): Illuminate\Foundation\Http\Kernel->Illuminate\Foundation\Http\{closure}(Object(Illuminate\Http\Request))
#10 C:\Apache24\htdocs\backendSendra\vendor\laravel\framework\src\Illuminate\Foundation\Http\Middleware\TransformsRequest.php(21): Illuminate\Pipeline\Pipeline->Illuminate\Pipeline\{closure}(Object(Illuminate\Http\Request))
#11 C:\Apache24\htdocs\backendSendra\vendor\laravel\framework\src\Illuminate\Foundation\Http\Middleware\ConvertEmptyStringsToNull.php(31): Illuminate\Foundation\Http\Middleware\TransformsRequest->handle(Object(Illuminate\Http\Request), Object(Closure))
#12 C:\Apache24\htdocs\backendSendra\vendor\laravel\framework\src\Illuminate\Pipeline\Pipeline.php(183): Illuminate\Foundation\Http\Middleware\ConvertEmptyStringsToNull->handle(Object(Illuminate\Http\Request), Object(Closure))
#13 C:\Apache24\htdocs\backendSendra\vendor\laravel\framework\src\Illuminate\Foundation\Http\Middleware\TransformsRequest.php(21): Illuminate\Pipeline\Pipeline->Illuminate\Pipeline\{closure}(Object(Illuminate\Http\Request))
#14 C:\Apache24\htdocs\backendSendra\vendor\laravel\framework\src\Illuminate\Foundation\Http\Middleware\TrimStrings.php(40): Illuminate\Foundation\Http\Middleware\TransformsRequest->handle(Object(Illuminate\Http\Request), Object(Closure))
#15 C:\Apache24\htdocs\backendSendra\vendor\laravel\framework\src\Illuminate\Pipeline\Pipeline.php(183): Illuminate\Foundation\Http\Middleware\TrimStrings->handle(Object(Illuminate\Http\Request), Object(Closure))
#16 C:\Apache24\htdocs\backendSendra\vendor\laravel\framework\src\Illuminate\Foundation\Http\Middleware\ValidatePostSize.php(27): Illuminate\Pipeline\Pipeline->Illuminate\Pipeline\{closure}(Object(Illuminate\Http\Request))
#17 C:\Apache24\htdocs\backendSendra\vendor\laravel\framework\src\Illuminate\Pipeline\Pipeline.php(183): Illuminate\Foundation\Http\Middleware\ValidatePostSize->handle(Object(Illuminate\Http\Request), Object(Closure))
#18 C:\Apache24\htdocs\backendSendra\vendor\laravel\framework\src\Illuminate\Foundation\Http\Middleware\PreventRequestsDuringMaintenance.php(99): Illuminate\Pipeline\Pipeline->Illuminate\Pipeline\{closure}(Object(Illuminate\Http\Request))
#19 C:\Apache24\htdocs\backendSendra\vendor\laravel\framework\src\Illuminate\Pipeline\Pipeline.php(183): Illuminate\Foundation\Http\Middleware\PreventRequestsDuringMaintenance->handle(Object(Illuminate\Http\Request), Object(Closure))
#20 C:\Apache24\htdocs\backendSendra\vendor\laravel\framework\src\Illuminate\Http\Middleware\HandleCors.php(62): Illuminate\Pipeline\Pipeline->Illuminate\Pipeline\{closure}(Object(Illuminate\Http\Request))
#21 C:\Apache24\htdocs\backendSendra\vendor\laravel\framework\src\Illuminate\Pipeline\Pipeline.php(183): Illuminate\Http\Middleware\HandleCors->handle(Object(Illuminate\Http\Request), Object(Closure))
#22 C:\Apache24\htdocs\backendSendra\vendor\laravel\framework\src\Illuminate\Http\Middleware\TrustProxies.php(39): Illuminate\Pipeline\Pipeline->Illuminate\Pipeline\{closure}(Object(Illuminate\Http\Request))
#23 C:\Apache24\htdocs\backendSendra\vendor\laravel\framework\src\Illuminate\Pipeline\Pipeline.php(183): Illuminate\Http\Middleware\TrustProxies->handle(Object(Illuminate\Http\Request), Object(Closure))
#24 C:\Apache24\htdocs\backendSendra\vendor\laravel\framework\src\Illuminate\Pipeline\Pipeline.php(119): Illuminate\Pipeline\Pipeline->Illuminate\Pipeline\{closure}(Object(Illuminate\Http\Request))
#25 C:\Apache24\htdocs\backendSendra\vendor\laravel\framework\src\Illuminate\Foundation\Http\Kernel.php(175): Illuminate\Pipeline\Pipeline->then(Object(Closure))
#26 C:\Apache24\htdocs\backendSendra\vendor\laravel\framework\src\Illuminate\Foundation\Http\Kernel.php(144): Illuminate\Foundation\Http\Kernel->sendRequestThroughRouter(Object(Illuminate\Http\Request))
#27 C:\Apache24\htdocs\backendSendra\vendor\knuckleswtf\scribe\src\Extracting\Strategies\Responses\ResponseCalls.php(310): Illuminate\Foundation\Http\Kernel->handle(Object(Illuminate\Http\Request))
#28 C:\Apache24\htdocs\backendSendra\vendor\knuckleswtf\scribe\src\Extracting\Strategies\Responses\ResponseCalls.php(298): Knuckles\Scribe\Extracting\Strategies\Responses\ResponseCalls->callLaravelOrLumenRoute(Object(Illuminate\Http\Request))
#29 C:\Apache24\htdocs\backendSendra\vendor\knuckleswtf\scribe\src\Extracting\Strategies\Responses\ResponseCalls.php(91): Knuckles\Scribe\Extracting\Strategies\Responses\ResponseCalls->makeApiCall(Object(Illuminate\Http\Request), Object(Illuminate\Routing\Route))
#30 C:\Apache24\htdocs\backendSendra\vendor\knuckleswtf\scribe\src\Extracting\Strategies\Responses\ResponseCalls.php(44): Knuckles\Scribe\Extracting\Strategies\Responses\ResponseCalls->makeResponseCall(Object(Knuckles\Camel\Extraction\ExtractedEndpointData), Array)
#31 C:\Apache24\htdocs\backendSendra\vendor\knuckleswtf\scribe\src\Extracting\Strategies\Responses\ResponseCalls.php(35): Knuckles\Scribe\Extracting\Strategies\Responses\ResponseCalls->makeResponseCallIfConditionsPass(Object(Knuckles\Camel\Extraction\ExtractedEndpointData), Array)
#32 C:\Apache24\htdocs\backendSendra\vendor\knuckleswtf\scribe\src\Extracting\Extractor.php(237): Knuckles\Scribe\Extracting\Strategies\Responses\ResponseCalls->__invoke(Object(Knuckles\Camel\Extraction\ExtractedEndpointData), Array)
#33 C:\Apache24\htdocs\backendSendra\vendor\knuckleswtf\scribe\src\Extracting\Extractor.php(163): Knuckles\Scribe\Extracting\Extractor->iterateThroughStrategies('responses', Object(Knuckles\Camel\Extraction\ExtractedEndpointData), Array, Object(Closure))
#34 C:\Apache24\htdocs\backendSendra\vendor\knuckleswtf\scribe\src\Extracting\Extractor.php(95): Knuckles\Scribe\Extracting\Extractor->fetchResponses(Object(Knuckles\Camel\Extraction\ExtractedEndpointData), Array)
#35 C:\Apache24\htdocs\backendSendra\vendor\knuckleswtf\scribe\src\GroupedEndpoints\GroupedEndpointsFromApp.php(125): Knuckles\Scribe\Extracting\Extractor->processRoute(Object(Illuminate\Routing\Route), Array)
#36 C:\Apache24\htdocs\backendSendra\vendor\knuckleswtf\scribe\src\GroupedEndpoints\GroupedEndpointsFromApp.php(72): Knuckles\Scribe\GroupedEndpoints\GroupedEndpointsFromApp->extractEndpointsInfoFromLaravelApp(Array, Array, Array)
#37 C:\Apache24\htdocs\backendSendra\vendor\knuckleswtf\scribe\src\GroupedEndpoints\GroupedEndpointsFromApp.php(50): Knuckles\Scribe\GroupedEndpoints\GroupedEndpointsFromApp->extractEndpointsInfoAndWriteToDisk(Object(Knuckles\Scribe\Matching\RouteMatcher), true)
#38 C:\Apache24\htdocs\backendSendra\vendor\knuckleswtf\scribe\src\Commands\GenerateDocumentation.php(53): Knuckles\Scribe\GroupedEndpoints\GroupedEndpointsFromApp->get()
#39 C:\Apache24\htdocs\backendSendra\vendor\laravel\framework\src\Illuminate\Container\BoundMethod.php(36): Knuckles\Scribe\Commands\GenerateDocumentation->handle(Object(Knuckles\Scribe\Matching\RouteMatcher), Object(Knuckles\Scribe\GroupedEndpoints\GroupedEndpointsFactory))
#40 C:\Apache24\htdocs\backendSendra\vendor\laravel\framework\src\Illuminate\Container\Util.php(41): Illuminate\Container\BoundMethod::Illuminate\Container\{closure}()
#41 C:\Apache24\htdocs\backendSendra\vendor\laravel\framework\src\Illuminate\Container\BoundMethod.php(93): Illuminate\Container\Util::unwrapIfClosure(Object(Closure))
#42 C:\Apache24\htdocs\backendSendra\vendor\laravel\framework\src\Illuminate\Container\BoundMethod.php(35): Illuminate\Container\BoundMethod::callBoundMethod(Object(Illuminate\Foundation\Application), Array, Object(Closure))
#43 C:\Apache24\htdocs\backendSendra\vendor\laravel\framework\src\Illuminate\Container\Container.php(662): Illuminate\Container\BoundMethod::call(Object(Illuminate\Foundation\Application), Array, Array, NULL)
#44 C:\Apache24\htdocs\backendSendra\vendor\laravel\framework\src\Illuminate\Console\Command.php(211): Illuminate\Container\Container->call(Array)
#45 C:\Apache24\htdocs\backendSendra\vendor\symfony\console\Command\Command.php(326): Illuminate\Console\Command->execute(Object(Symfony\Component\Console\Input\ArgvInput), Object(Illuminate\Console\OutputStyle))
#46 C:\Apache24\htdocs\backendSendra\vendor\laravel\framework\src\Illuminate\Console\Command.php(180): Symfony\Component\Console\Command\Command->run(Object(Symfony\Component\Console\Input\ArgvInput), Object(Illuminate\Console\OutputStyle))
#47 C:\Apache24\htdocs\backendSendra\vendor\symfony\console\Application.php(1096): Illuminate\Console\Command->run(Object(Symfony\Component\Console\Input\ArgvInput), Object(Symfony\Component\Console\Output\ConsoleOutput))
#48 C:\Apache24\htdocs\backendSendra\vendor\symfony\console\Application.php(324): Symfony\Component\Console\Application->doRunCommand(Object(Knuckles\Scribe\Commands\GenerateDocumentation), Object(Symfony\Component\Console\Input\ArgvInput), Object(Symfony\Component\Console\Output\ConsoleOutput))
#49 C:\Apache24\htdocs\backendSendra\vendor\symfony\console\Application.php(175): Symfony\Component\Console\Application->doRun(Object(Symfony\Component\Console\Input\ArgvInput), Object(Symfony\Component\Console\Output\ConsoleOutput))
#50 C:\Apache24\htdocs\backendSendra\vendor\laravel\framework\src\Illuminate\Foundation\Console\Kernel.php(201): Symfony\Component\Console\Application->run(Object(Symfony\Component\Console\Input\ArgvInput), Object(Symfony\Component\Console\Output\ConsoleOutput))
#51 C:\Apache24\htdocs\backendSendra\artisan(35): Illuminate\Foundation\Console\Kernel->handle(Object(Symfony\Component\Console\Input\ArgvInput), Object(Symfony\Component\Console\Output\ConsoleOutput))
#52 {main}

[2025-01-17 22:34:28] Unauthenticated. in C:\Apache24\htdocs\backendSendra\vendor\laravel\framework\src\Illuminate\Auth\Middleware\Authenticate.php on line 95
#0 C:\Apache24\htdocs\backendSendra\vendor\laravel\framework\src\Illuminate\Auth\Middleware\Authenticate.php(81): Illuminate\Auth\Middleware\Authenticate->unauthenticated(Object(Illuminate\Http\Request), Array)
#1 C:\Apache24\htdocs\backendSendra\vendor\laravel\framework\src\Illuminate\Auth\Middleware\Authenticate.php(55): Illuminate\Auth\Middleware\Authenticate->authenticate(Object(Illuminate\Http\Request), Array)
#2 C:\Apache24\htdocs\backendSendra\vendor\laravel\framework\src\Illuminate\Pipeline\Pipeline.php(183): Illuminate\Auth\Middleware\Authenticate->handle(Object(Illuminate\Http\Request), Object(Closure), 'api')
#3 C:\Apache24\htdocs\backendSendra\vendor\laravel\framework\src\Illuminate\Pipeline\Pipeline.php(119): Illuminate\Pipeline\Pipeline->Illuminate\Pipeline\{closure}(Object(Illuminate\Http\Request))
#4 C:\Apache24\htdocs\backendSendra\vendor\laravel\framework\src\Illuminate\Routing\Router.php(805): Illuminate\Pipeline\Pipeline->then(Object(Closure))
#5 C:\Apache24\htdocs\backendSendra\vendor\laravel\framework\src\Illuminate\Routing\Router.php(784): Illuminate\Routing\Router->runRouteWithinStack(Object(Illuminate\Routing\Route), Object(Illuminate\Http\Request))
#6 C:\Apache24\htdocs\backendSendra\vendor\laravel\framework\src\Illuminate\Routing\Router.php(748): Illuminate\Routing\Router->runRoute(Object(Illuminate\Http\Request), Object(Illuminate\Routing\Route))
#7 C:\Apache24\htdocs\backendSendra\vendor\laravel\framework\src\Illuminate\Routing\Router.php(737): Illuminate\Routing\Router->dispatchToRoute(Object(Illuminate\Http\Request))
#8 C:\Apache24\htdocs\backendSendra\vendor\laravel\framework\src\Illuminate\Foundation\Http\Kernel.php(200): Illuminate\Routing\Router->dispatch(Object(Illuminate\Http\Request))
#9 C:\Apache24\htdocs\backendSendra\vendor\laravel\framework\src\Illuminate\Pipeline\Pipeline.php(144): Illuminate\Foundation\Http\Kernel->Illuminate\Foundation\Http\{closure}(Object(Illuminate\Http\Request))
#10 C:\Apache24\htdocs\backendSendra\vendor\laravel\framework\src\Illuminate\Foundation\Http\Middleware\TransformsRequest.php(21): Illuminate\Pipeline\Pipeline->Illuminate\Pipeline\{closure}(Object(Illuminate\Http\Request))
#11 C:\Apache24\htdocs\backendSendra\vendor\laravel\framework\src\Illuminate\Foundation\Http\Middleware\ConvertEmptyStringsToNull.php(31): Illuminate\Foundation\Http\Middleware\TransformsRequest->handle(Object(Illuminate\Http\Request), Object(Closure))
#12 C:\Apache24\htdocs\backendSendra\vendor\laravel\framework\src\Illuminate\Pipeline\Pipeline.php(183): Illuminate\Foundation\Http\Middleware\ConvertEmptyStringsToNull->handle(Object(Illuminate\Http\Request), Object(Closure))
#13 C:\Apache24\htdocs\backendSendra\vendor\laravel\framework\src\Illuminate\Foundation\Http\Middleware\TransformsRequest.php(21): Illuminate\Pipeline\Pipeline->Illuminate\Pipeline\{closure}(Object(Illuminate\Http\Request))
#14 C:\Apache24\htdocs\backendSendra\vendor\laravel\framework\src\Illuminate\Foundation\Http\Middleware\TrimStrings.php(40): Illuminate\Foundation\Http\Middleware\TransformsRequest->handle(Object(Illuminate\Http\Request), Object(Closure))
#15 C:\Apache24\htdocs\backendSendra\vendor\laravel\framework\src\Illuminate\Pipeline\Pipeline.php(183): Illuminate\Foundation\Http\Middleware\TrimStrings->handle(Object(Illuminate\Http\Request), Object(Closure))
#16 C:\Apache24\htdocs\backendSendra\vendor\laravel\framework\src\Illuminate\Foundation\Http\Middleware\ValidatePostSize.php(27): Illuminate\Pipeline\Pipeline->Illuminate\Pipeline\{closure}(Object(Illuminate\Http\Request))
#17 C:\Apache24\htdocs\backendSendra\vendor\laravel\framework\src\Illuminate\Pipeline\Pipeline.php(183): Illuminate\Foundation\Http\Middleware\ValidatePostSize->handle(Object(Illuminate\Http\Request), Object(Closure))
#18 C:\Apache24\htdocs\backendSendra\vendor\laravel\framework\src\Illuminate\Foundation\Http\Middleware\PreventRequestsDuringMaintenance.php(99): Illuminate\Pipeline\Pipeline->Illuminate\Pipeline\{closure}(Object(Illuminate\Http\Request))
#19 C:\Apache24\htdocs\backendSendra\vendor\laravel\framework\src\Illuminate\Pipeline\Pipeline.php(183): Illuminate\Foundation\Http\Middleware\PreventRequestsDuringMaintenance->handle(Object(Illuminate\Http\Request), Object(Closure))
#20 C:\Apache24\htdocs\backendSendra\vendor\laravel\framework\src\Illuminate\Http\Middleware\HandleCors.php(62): Illuminate\Pipeline\Pipeline->Illuminate\Pipeline\{closure}(Object(Illuminate\Http\Request))
#21 C:\Apache24\htdocs\backendSendra\vendor\laravel\framework\src\Illuminate\Pipeline\Pipeline.php(183): Illuminate\Http\Middleware\HandleCors->handle(Object(Illuminate\Http\Request), Object(Closure))
#22 C:\Apache24\htdocs\backendSendra\vendor\laravel\framework\src\Illuminate\Http\Middleware\TrustProxies.php(39): Illuminate\Pipeline\Pipeline->Illuminate\Pipeline\{closure}(Object(Illuminate\Http\Request))
#23 C:\Apache24\htdocs\backendSendra\vendor\laravel\framework\src\Illuminate\Pipeline\Pipeline.php(183): Illuminate\Http\Middleware\TrustProxies->handle(Object(Illuminate\Http\Request), Object(Closure))
#24 C:\Apache24\htdocs\backendSendra\vendor\laravel\framework\src\Illuminate\Pipeline\Pipeline.php(119): Illuminate\Pipeline\Pipeline->Illuminate\Pipeline\{closure}(Object(Illuminate\Http\Request))
#25 C:\Apache24\htdocs\backendSendra\vendor\laravel\framework\src\Illuminate\Foundation\Http\Kernel.php(175): Illuminate\Pipeline\Pipeline->then(Object(Closure))
#26 C:\Apache24\htdocs\backendSendra\vendor\laravel\framework\src\Illuminate\Foundation\Http\Kernel.php(144): Illuminate\Foundation\Http\Kernel->sendRequestThroughRouter(Object(Illuminate\Http\Request))
#27 C:\Apache24\htdocs\backendSendra\vendor\knuckleswtf\scribe\src\Extracting\Strategies\Responses\ResponseCalls.php(310): Illuminate\Foundation\Http\Kernel->handle(Object(Illuminate\Http\Request))
#28 C:\Apache24\htdocs\backendSendra\vendor\knuckleswtf\scribe\src\Extracting\Strategies\Responses\ResponseCalls.php(298): Knuckles\Scribe\Extracting\Strategies\Responses\ResponseCalls->callLaravelOrLumenRoute(Object(Illuminate\Http\Request))
#29 C:\Apache24\htdocs\backendSendra\vendor\knuckleswtf\scribe\src\Extracting\Strategies\Responses\ResponseCalls.php(91): Knuckles\Scribe\Extracting\Strategies\Responses\ResponseCalls->makeApiCall(Object(Illuminate\Http\Request), Object(Illuminate\Routing\Route))
#30 C:\Apache24\htdocs\backendSendra\vendor\knuckleswtf\scribe\src\Extracting\Strategies\Responses\ResponseCalls.php(44): Knuckles\Scribe\Extracting\Strategies\Responses\ResponseCalls->makeResponseCall(Object(Knuckles\Camel\Extraction\ExtractedEndpointData), Array)
#31 C:\Apache24\htdocs\backendSendra\vendor\knuckleswtf\scribe\src\Extracting\Strategies\Responses\ResponseCalls.php(35): Knuckles\Scribe\Extracting\Strategies\Responses\ResponseCalls->makeResponseCallIfConditionsPass(Object(Knuckles\Camel\Extraction\ExtractedEndpointData), Array)
#32 C:\Apache24\htdocs\backendSendra\vendor\knuckleswtf\scribe\src\Extracting\Extractor.php(237): Knuckles\Scribe\Extracting\Strategies\Responses\ResponseCalls->__invoke(Object(Knuckles\Camel\Extraction\ExtractedEndpointData), Array)
#33 C:\Apache24\htdocs\backendSendra\vendor\knuckleswtf\scribe\src\Extracting\Extractor.php(163): Knuckles\Scribe\Extracting\Extractor->iterateThroughStrategies('responses', Object(Knuckles\Camel\Extraction\ExtractedEndpointData), Array, Object(Closure))
#34 C:\Apache24\htdocs\backendSendra\vendor\knuckleswtf\scribe\src\Extracting\Extractor.php(95): Knuckles\Scribe\Extracting\Extractor->fetchResponses(Object(Knuckles\Camel\Extraction\ExtractedEndpointData), Array)
#35 C:\Apache24\htdocs\backendSendra\vendor\knuckleswtf\scribe\src\GroupedEndpoints\GroupedEndpointsFromApp.php(125): Knuckles\Scribe\Extracting\Extractor->processRoute(Object(Illuminate\Routing\Route), Array)
#36 C:\Apache24\htdocs\backendSendra\vendor\knuckleswtf\scribe\src\GroupedEndpoints\GroupedEndpointsFromApp.php(72): Knuckles\Scribe\GroupedEndpoints\GroupedEndpointsFromApp->extractEndpointsInfoFromLaravelApp(Array, Array, Array)
#37 C:\Apache24\htdocs\backendSendra\vendor\knuckleswtf\scribe\src\GroupedEndpoints\GroupedEndpointsFromApp.php(50): Knuckles\Scribe\GroupedEndpoints\GroupedEndpointsFromApp->extractEndpointsInfoAndWriteToDisk(Object(Knuckles\Scribe\Matching\RouteMatcher), true)
#38 C:\Apache24\htdocs\backendSendra\vendor\knuckleswtf\scribe\src\Commands\GenerateDocumentation.php(53): Knuckles\Scribe\GroupedEndpoints\GroupedEndpointsFromApp->get()
#39 C:\Apache24\htdocs\backendSendra\vendor\laravel\framework\src\Illuminate\Container\BoundMethod.php(36): Knuckles\Scribe\Commands\GenerateDocumentation->handle(Object(Knuckles\Scribe\Matching\RouteMatcher), Object(Knuckles\Scribe\GroupedEndpoints\GroupedEndpointsFactory))
#40 C:\Apache24\htdocs\backendSendra\vendor\laravel\framework\src\Illuminate\Container\Util.php(41): Illuminate\Container\BoundMethod::Illuminate\Container\{closure}()
#41 C:\Apache24\htdocs\backendSendra\vendor\laravel\framework\src\Illuminate\Container\BoundMethod.php(93): Illuminate\Container\Util::unwrapIfClosure(Object(Closure))
#42 C:\Apache24\htdocs\backendSendra\vendor\laravel\framework\src\Illuminate\Container\BoundMethod.php(35): Illuminate\Container\BoundMethod::callBoundMethod(Object(Illuminate\Foundation\Application), Array, Object(Closure))
#43 C:\Apache24\htdocs\backendSendra\vendor\laravel\framework\src\Illuminate\Container\Container.php(662): Illuminate\Container\BoundMethod::call(Object(Illuminate\Foundation\Application), Array, Array, NULL)
#44 C:\Apache24\htdocs\backendSendra\vendor\laravel\framework\src\Illuminate\Console\Command.php(211): Illuminate\Container\Container->call(Array)
#45 C:\Apache24\htdocs\backendSendra\vendor\symfony\console\Command\Command.php(326): Illuminate\Console\Command->execute(Object(Symfony\Component\Console\Input\ArgvInput), Object(Illuminate\Console\OutputStyle))
#46 C:\Apache24\htdocs\backendSendra\vendor\laravel\framework\src\Illuminate\Console\Command.php(180): Symfony\Component\Console\Command\Command->run(Object(Symfony\Component\Console\Input\ArgvInput), Object(Illuminate\Console\OutputStyle))
#47 C:\Apache24\htdocs\backendSendra\vendor\symfony\console\Application.php(1096): Illuminate\Console\Command->run(Object(Symfony\Component\Console\Input\ArgvInput), Object(Symfony\Component\Console\Output\ConsoleOutput))
#48 C:\Apache24\htdocs\backendSendra\vendor\symfony\console\Application.php(324): Symfony\Component\Console\Application->doRunCommand(Object(Knuckles\Scribe\Commands\GenerateDocumentation), Object(Symfony\Component\Console\Input\ArgvInput), Object(Symfony\Component\Console\Output\ConsoleOutput))
#49 C:\Apache24\htdocs\backendSendra\vendor\symfony\console\Application.php(175): Symfony\Component\Console\Application->doRun(Object(Symfony\Component\Console\Input\ArgvInput), Object(Symfony\Component\Console\Output\ConsoleOutput))
#50 C:\Apache24\htdocs\backendSendra\vendor\laravel\framework\src\Illuminate\Foundation\Console\Kernel.php(201): Symfony\Component\Console\Application->run(Object(Symfony\Component\Console\Input\ArgvInput), Object(Symfony\Component\Console\Output\ConsoleOutput))
#51 C:\Apache24\htdocs\backendSendra\artisan(35): Illuminate\Foundation\Console\Kernel->handle(Object(Symfony\Component\Console\Input\ArgvInput), Object(Symfony\Component\Console\Output\ConsoleOutput))
#52 {main}

[2025-01-17 22:34:28] Unauthenticated. in C:\Apache24\htdocs\backendSendra\vendor\laravel\framework\src\Illuminate\Auth\Middleware\Authenticate.php on line 95
#0 C:\Apache24\htdocs\backendSendra\vendor\laravel\framework\src\Illuminate\Auth\Middleware\Authenticate.php(81): Illuminate\Auth\Middleware\Authenticate->unauthenticated(Object(Illuminate\Http\Request), Array)
#1 C:\Apache24\htdocs\backendSendra\vendor\laravel\framework\src\Illuminate\Auth\Middleware\Authenticate.php(55): Illuminate\Auth\Middleware\Authenticate->authenticate(Object(Illuminate\Http\Request), Array)
#2 C:\Apache24\htdocs\backendSendra\vendor\laravel\framework\src\Illuminate\Pipeline\Pipeline.php(183): Illuminate\Auth\Middleware\Authenticate->handle(Object(Illuminate\Http\Request), Object(Closure), 'api')
#3 C:\Apache24\htdocs\backendSendra\vendor\laravel\framework\src\Illuminate\Pipeline\Pipeline.php(119): Illuminate\Pipeline\Pipeline->Illuminate\Pipeline\{closure}(Object(Illuminate\Http\Request))
#4 C:\Apache24\htdocs\backendSendra\vendor\laravel\framework\src\Illuminate\Routing\Router.php(805): Illuminate\Pipeline\Pipeline->then(Object(Closure))
#5 C:\Apache24\htdocs\backendSendra\vendor\laravel\framework\src\Illuminate\Routing\Router.php(784): Illuminate\Routing\Router->runRouteWithinStack(Object(Illuminate\Routing\Route), Object(Illuminate\Http\Request))
#6 C:\Apache24\htdocs\backendSendra\vendor\laravel\framework\src\Illuminate\Routing\Router.php(748): Illuminate\Routing\Router->runRoute(Object(Illuminate\Http\Request), Object(Illuminate\Routing\Route))
#7 C:\Apache24\htdocs\backendSendra\vendor\laravel\framework\src\Illuminate\Routing\Router.php(737): Illuminate\Routing\Router->dispatchToRoute(Object(Illuminate\Http\Request))
#8 C:\Apache24\htdocs\backendSendra\vendor\laravel\framework\src\Illuminate\Foundation\Http\Kernel.php(200): Illuminate\Routing\Router->dispatch(Object(Illuminate\Http\Request))
#9 C:\Apache24\htdocs\backendSendra\vendor\laravel\framework\src\Illuminate\Pipeline\Pipeline.php(144): Illuminate\Foundation\Http\Kernel->Illuminate\Foundation\Http\{closure}(Object(Illuminate\Http\Request))
#10 C:\Apache24\htdocs\backendSendra\vendor\laravel\framework\src\Illuminate\Foundation\Http\Middleware\TransformsRequest.php(21): Illuminate\Pipeline\Pipeline->Illuminate\Pipeline\{closure}(Object(Illuminate\Http\Request))
#11 C:\Apache24\htdocs\backendSendra\vendor\laravel\framework\src\Illuminate\Foundation\Http\Middleware\ConvertEmptyStringsToNull.php(31): Illuminate\Foundation\Http\Middleware\TransformsRequest->handle(Object(Illuminate\Http\Request), Object(Closure))
#12 C:\Apache24\htdocs\backendSendra\vendor\laravel\framework\src\Illuminate\Pipeline\Pipeline.php(183): Illuminate\Foundation\Http\Middleware\ConvertEmptyStringsToNull->handle(Object(Illuminate\Http\Request), Object(Closure))
#13 C:\Apache24\htdocs\backendSendra\vendor\laravel\framework\src\Illuminate\Foundation\Http\Middleware\TransformsRequest.php(21): Illuminate\Pipeline\Pipeline->Illuminate\Pipeline\{closure}(Object(Illuminate\Http\Request))
#14 C:\Apache24\htdocs\backendSendra\vendor\laravel\framework\src\Illuminate\Foundation\Http\Middleware\TrimStrings.php(40): Illuminate\Foundation\Http\Middleware\TransformsRequest->handle(Object(Illuminate\Http\Request), Object(Closure))
#15 C:\Apache24\htdocs\backendSendra\vendor\laravel\framework\src\Illuminate\Pipeline\Pipeline.php(183): Illuminate\Foundation\Http\Middleware\TrimStrings->handle(Object(Illuminate\Http\Request), Object(Closure))
#16 C:\Apache24\htdocs\backendSendra\vendor\laravel\framework\src\Illuminate\Foundation\Http\Middleware\ValidatePostSize.php(27): Illuminate\Pipeline\Pipeline->Illuminate\Pipeline\{closure}(Object(Illuminate\Http\Request))
#17 C:\Apache24\htdocs\backendSendra\vendor\laravel\framework\src\Illuminate\Pipeline\Pipeline.php(183): Illuminate\Foundation\Http\Middleware\ValidatePostSize->handle(Object(Illuminate\Http\Request), Object(Closure))
#18 C:\Apache24\htdocs\backendSendra\vendor\laravel\framework\src\Illuminate\Foundation\Http\Middleware\PreventRequestsDuringMaintenance.php(99): Illuminate\Pipeline\Pipeline->Illuminate\Pipeline\{closure}(Object(Illuminate\Http\Request))
#19 C:\Apache24\htdocs\backendSendra\vendor\laravel\framework\src\Illuminate\Pipeline\Pipeline.php(183): Illuminate\Foundation\Http\Middleware\PreventRequestsDuringMaintenance->handle(Object(Illuminate\Http\Request), Object(Closure))
#20 C:\Apache24\htdocs\backendSendra\vendor\laravel\framework\src\Illuminate\Http\Middleware\HandleCors.php(62): Illuminate\Pipeline\Pipeline->Illuminate\Pipeline\{closure}(Object(Illuminate\Http\Request))
#21 C:\Apache24\htdocs\backendSendra\vendor\laravel\framework\src\Illuminate\Pipeline\Pipeline.php(183): Illuminate\Http\Middleware\HandleCors->handle(Object(Illuminate\Http\Request), Object(Closure))
#22 C:\Apache24\htdocs\backendSendra\vendor\laravel\framework\src\Illuminate\Http\Middleware\TrustProxies.php(39): Illuminate\Pipeline\Pipeline->Illuminate\Pipeline\{closure}(Object(Illuminate\Http\Request))
#23 C:\Apache24\htdocs\backendSendra\vendor\laravel\framework\src\Illuminate\Pipeline\Pipeline.php(183): Illuminate\Http\Middleware\TrustProxies->handle(Object(Illuminate\Http\Request), Object(Closure))
#24 C:\Apache24\htdocs\backendSendra\vendor\laravel\framework\src\Illuminate\Pipeline\Pipeline.php(119): Illuminate\Pipeline\Pipeline->Illuminate\Pipeline\{closure}(Object(Illuminate\Http\Request))
#25 C:\Apache24\htdocs\backendSendra\vendor\laravel\framework\src\Illuminate\Foundation\Http\Kernel.php(175): Illuminate\Pipeline\Pipeline->then(Object(Closure))
#26 C:\Apache24\htdocs\backendSendra\vendor\laravel\framework\src\Illuminate\Foundation\Http\Kernel.php(144): Illuminate\Foundation\Http\Kernel->sendRequestThroughRouter(Object(Illuminate\Http\Request))
#27 C:\Apache24\htdocs\backendSendra\vendor\knuckleswtf\scribe\src\Extracting\Strategies\Responses\ResponseCalls.php(310): Illuminate\Foundation\Http\Kernel->handle(Object(Illuminate\Http\Request))
#28 C:\Apache24\htdocs\backendSendra\vendor\knuckleswtf\scribe\src\Extracting\Strategies\Responses\ResponseCalls.php(298): Knuckles\Scribe\Extracting\Strategies\Responses\ResponseCalls->callLaravelOrLumenRoute(Object(Illuminate\Http\Request))
#29 C:\Apache24\htdocs\backendSendra\vendor\knuckleswtf\scribe\src\Extracting\Strategies\Responses\ResponseCalls.php(91): Knuckles\Scribe\Extracting\Strategies\Responses\ResponseCalls->makeApiCall(Object(Illuminate\Http\Request), Object(Illuminate\Routing\Route))
#30 C:\Apache24\htdocs\backendSendra\vendor\knuckleswtf\scribe\src\Extracting\Strategies\Responses\ResponseCalls.php(44): Knuckles\Scribe\Extracting\Strategies\Responses\ResponseCalls->makeResponseCall(Object(Knuckles\Camel\Extraction\ExtractedEndpointData), Array)
#31 C:\Apache24\htdocs\backendSendra\vendor\knuckleswtf\scribe\src\Extracting\Strategies\Responses\ResponseCalls.php(35): Knuckles\Scribe\Extracting\Strategies\Responses\ResponseCalls->makeResponseCallIfConditionsPass(Object(Knuckles\Camel\Extraction\ExtractedEndpointData), Array)
#32 C:\Apache24\htdocs\backendSendra\vendor\knuckleswtf\scribe\src\Extracting\Extractor.php(237): Knuckles\Scribe\Extracting\Strategies\Responses\ResponseCalls->__invoke(Object(Knuckles\Camel\Extraction\ExtractedEndpointData), Array)
#33 C:\Apache24\htdocs\backendSendra\vendor\knuckleswtf\scribe\src\Extracting\Extractor.php(163): Knuckles\Scribe\Extracting\Extractor->iterateThroughStrategies('responses', Object(Knuckles\Camel\Extraction\ExtractedEndpointData), Array, Object(Closure))
#34 C:\Apache24\htdocs\backendSendra\vendor\knuckleswtf\scribe\src\Extracting\Extractor.php(95): Knuckles\Scribe\Extracting\Extractor->fetchResponses(Object(Knuckles\Camel\Extraction\ExtractedEndpointData), Array)
#35 C:\Apache24\htdocs\backendSendra\vendor\knuckleswtf\scribe\src\GroupedEndpoints\GroupedEndpointsFromApp.php(125): Knuckles\Scribe\Extracting\Extractor->processRoute(Object(Illuminate\Routing\Route), Array)
#36 C:\Apache24\htdocs\backendSendra\vendor\knuckleswtf\scribe\src\GroupedEndpoints\GroupedEndpointsFromApp.php(72): Knuckles\Scribe\GroupedEndpoints\GroupedEndpointsFromApp->extractEndpointsInfoFromLaravelApp(Array, Array, Array)
#37 C:\Apache24\htdocs\backendSendra\vendor\knuckleswtf\scribe\src\GroupedEndpoints\GroupedEndpointsFromApp.php(50): Knuckles\Scribe\GroupedEndpoints\GroupedEndpointsFromApp->extractEndpointsInfoAndWriteToDisk(Object(Knuckles\Scribe\Matching\RouteMatcher), true)
#38 C:\Apache24\htdocs\backendSendra\vendor\knuckleswtf\scribe\src\Commands\GenerateDocumentation.php(53): Knuckles\Scribe\GroupedEndpoints\GroupedEndpointsFromApp->get()
#39 C:\Apache24\htdocs\backendSendra\vendor\laravel\framework\src\Illuminate\Container\BoundMethod.php(36): Knuckles\Scribe\Commands\GenerateDocumentation->handle(Object(Knuckles\Scribe\Matching\RouteMatcher), Object(Knuckles\Scribe\GroupedEndpoints\GroupedEndpointsFactory))
#40 C:\Apache24\htdocs\backendSendra\vendor\laravel\framework\src\Illuminate\Container\Util.php(41): Illuminate\Container\BoundMethod::Illuminate\Container\{closure}()
#41 C:\Apache24\htdocs\backendSendra\vendor\laravel\framework\src\Illuminate\Container\BoundMethod.php(93): Illuminate\Container\Util::unwrapIfClosure(Object(Closure))
#42 C:\Apache24\htdocs\backendSendra\vendor\laravel\framework\src\Illuminate\Container\BoundMethod.php(35): Illuminate\Container\BoundMethod::callBoundMethod(Object(Illuminate\Foundation\Application), Array, Object(Closure))
#43 C:\Apache24\htdocs\backendSendra\vendor\laravel\framework\src\Illuminate\Container\Container.php(662): Illuminate\Container\BoundMethod::call(Object(Illuminate\Foundation\Application), Array, Array, NULL)
#44 C:\Apache24\htdocs\backendSendra\vendor\laravel\framework\src\Illuminate\Console\Command.php(211): Illuminate\Container\Container->call(Array)
#45 C:\Apache24\htdocs\backendSendra\vendor\symfony\console\Command\Command.php(326): Illuminate\Console\Command->execute(Object(Symfony\Component\Console\Input\ArgvInput), Object(Illuminate\Console\OutputStyle))
#46 C:\Apache24\htdocs\backendSendra\vendor\laravel\framework\src\Illuminate\Console\Command.php(180): Symfony\Component\Console\Command\Command->run(Object(Symfony\Component\Console\Input\ArgvInput), Object(Illuminate\Console\OutputStyle))
#47 C:\Apache24\htdocs\backendSendra\vendor\symfony\console\Application.php(1096): Illuminate\Console\Command->run(Object(Symfony\Component\Console\Input\ArgvInput), Object(Symfony\Component\Console\Output\ConsoleOutput))
#48 C:\Apache24\htdocs\backendSendra\vendor\symfony\console\Application.php(324): Symfony\Component\Console\Application->doRunCommand(Object(Knuckles\Scribe\Commands\GenerateDocumentation), Object(Symfony\Component\Console\Input\ArgvInput), Object(Symfony\Component\Console\Output\ConsoleOutput))
#49 C:\Apache24\htdocs\backendSendra\vendor\symfony\console\Application.php(175): Symfony\Component\Console\Application->doRun(Object(Symfony\Component\Console\Input\ArgvInput), Object(Symfony\Component\Console\Output\ConsoleOutput))
#50 C:\Apache24\htdocs\backendSendra\vendor\laravel\framework\src\Illuminate\Foundation\Console\Kernel.php(201): Symfony\Component\Console\Application->run(Object(Symfony\Component\Console\Input\ArgvInput), Object(Symfony\Component\Console\Output\ConsoleOutput))
#51 C:\Apache24\htdocs\backendSendra\artisan(35): Illuminate\Foundation\Console\Kernel->handle(Object(Symfony\Component\Console\Input\ArgvInput), Object(Symfony\Component\Console\Output\ConsoleOutput))
#52 {main}

[2025-01-17 22:34:28] Unauthenticated. in C:\Apache24\htdocs\backendSendra\vendor\laravel\framework\src\Illuminate\Auth\Middleware\Authenticate.php on line 95
#0 C:\Apache24\htdocs\backendSendra\vendor\laravel\framework\src\Illuminate\Auth\Middleware\Authenticate.php(81): Illuminate\Auth\Middleware\Authenticate->unauthenticated(Object(Illuminate\Http\Request), Array)
#1 C:\Apache24\htdocs\backendSendra\vendor\laravel\framework\src\Illuminate\Auth\Middleware\Authenticate.php(55): Illuminate\Auth\Middleware\Authenticate->authenticate(Object(Illuminate\Http\Request), Array)
#2 C:\Apache24\htdocs\backendSendra\vendor\laravel\framework\src\Illuminate\Pipeline\Pipeline.php(183): Illuminate\Auth\Middleware\Authenticate->handle(Object(Illuminate\Http\Request), Object(Closure), 'api')
#3 C:\Apache24\htdocs\backendSendra\vendor\laravel\framework\src\Illuminate\Pipeline\Pipeline.php(119): Illuminate\Pipeline\Pipeline->Illuminate\Pipeline\{closure}(Object(Illuminate\Http\Request))
#4 C:\Apache24\htdocs\backendSendra\vendor\laravel\framework\src\Illuminate\Routing\Router.php(805): Illuminate\Pipeline\Pipeline->then(Object(Closure))
#5 C:\Apache24\htdocs\backendSendra\vendor\laravel\framework\src\Illuminate\Routing\Router.php(784): Illuminate\Routing\Router->runRouteWithinStack(Object(Illuminate\Routing\Route), Object(Illuminate\Http\Request))
#6 C:\Apache24\htdocs\backendSendra\vendor\laravel\framework\src\Illuminate\Routing\Router.php(748): Illuminate\Routing\Router->runRoute(Object(Illuminate\Http\Request), Object(Illuminate\Routing\Route))
#7 C:\Apache24\htdocs\backendSendra\vendor\laravel\framework\src\Illuminate\Routing\Router.php(737): Illuminate\Routing\Router->dispatchToRoute(Object(Illuminate\Http\Request))
#8 C:\Apache24\htdocs\backendSendra\vendor\laravel\framework\src\Illuminate\Foundation\Http\Kernel.php(200): Illuminate\Routing\Router->dispatch(Object(Illuminate\Http\Request))
#9 C:\Apache24\htdocs\backendSendra\vendor\laravel\framework\src\Illuminate\Pipeline\Pipeline.php(144): Illuminate\Foundation\Http\Kernel->Illuminate\Foundation\Http\{closure}(Object(Illuminate\Http\Request))
#10 C:\Apache24\htdocs\backendSendra\vendor\laravel\framework\src\Illuminate\Foundation\Http\Middleware\TransformsRequest.php(21): Illuminate\Pipeline\Pipeline->Illuminate\Pipeline\{closure}(Object(Illuminate\Http\Request))
#11 C:\Apache24\htdocs\backendSendra\vendor\laravel\framework\src\Illuminate\Foundation\Http\Middleware\ConvertEmptyStringsToNull.php(31): Illuminate\Foundation\Http\Middleware\TransformsRequest->handle(Object(Illuminate\Http\Request), Object(Closure))
#12 C:\Apache24\htdocs\backendSendra\vendor\laravel\framework\src\Illuminate\Pipeline\Pipeline.php(183): Illuminate\Foundation\Http\Middleware\ConvertEmptyStringsToNull->handle(Object(Illuminate\Http\Request), Object(Closure))
#13 C:\Apache24\htdocs\backendSendra\vendor\laravel\framework\src\Illuminate\Foundation\Http\Middleware\TransformsRequest.php(21): Illuminate\Pipeline\Pipeline->Illuminate\Pipeline\{closure}(Object(Illuminate\Http\Request))
#14 C:\Apache24\htdocs\backendSendra\vendor\laravel\framework\src\Illuminate\Foundation\Http\Middleware\TrimStrings.php(40): Illuminate\Foundation\Http\Middleware\TransformsRequest->handle(Object(Illuminate\Http\Request), Object(Closure))
#15 C:\Apache24\htdocs\backendSendra\vendor\laravel\framework\src\Illuminate\Pipeline\Pipeline.php(183): Illuminate\Foundation\Http\Middleware\TrimStrings->handle(Object(Illuminate\Http\Request), Object(Closure))
#16 C:\Apache24\htdocs\backendSendra\vendor\laravel\framework\src\Illuminate\Foundation\Http\Middleware\ValidatePostSize.php(27): Illuminate\Pipeline\Pipeline->Illuminate\Pipeline\{closure}(Object(Illuminate\Http\Request))
#17 C:\Apache24\htdocs\backendSendra\vendor\laravel\framework\src\Illuminate\Pipeline\Pipeline.php(183): Illuminate\Foundation\Http\Middleware\ValidatePostSize->handle(Object(Illuminate\Http\Request), Object(Closure))
#18 C:\Apache24\htdocs\backendSendra\vendor\laravel\framework\src\Illuminate\Foundation\Http\Middleware\PreventRequestsDuringMaintenance.php(99): Illuminate\Pipeline\Pipeline->Illuminate\Pipeline\{closure}(Object(Illuminate\Http\Request))
#19 C:\Apache24\htdocs\backendSendra\vendor\laravel\framework\src\Illuminate\Pipeline\Pipeline.php(183): Illuminate\Foundation\Http\Middleware\PreventRequestsDuringMaintenance->handle(Object(Illuminate\Http\Request), Object(Closure))
#20 C:\Apache24\htdocs\backendSendra\vendor\laravel\framework\src\Illuminate\Http\Middleware\HandleCors.php(62): Illuminate\Pipeline\Pipeline->Illuminate\Pipeline\{closure}(Object(Illuminate\Http\Request))
#21 C:\Apache24\htdocs\backendSendra\vendor\laravel\framework\src\Illuminate\Pipeline\Pipeline.php(183): Illuminate\Http\Middleware\HandleCors->handle(Object(Illuminate\Http\Request), Object(Closure))
#22 C:\Apache24\htdocs\backendSendra\vendor\laravel\framework\src\Illuminate\Http\Middleware\TrustProxies.php(39): Illuminate\Pipeline\Pipeline->Illuminate\Pipeline\{closure}(Object(Illuminate\Http\Request))
#23 C:\Apache24\htdocs\backendSendra\vendor\laravel\framework\src\Illuminate\Pipeline\Pipeline.php(183): Illuminate\Http\Middleware\TrustProxies->handle(Object(Illuminate\Http\Request), Object(Closure))
#24 C:\Apache24\htdocs\backendSendra\vendor\laravel\framework\src\Illuminate\Pipeline\Pipeline.php(119): Illuminate\Pipeline\Pipeline->Illuminate\Pipeline\{closure}(Object(Illuminate\Http\Request))
#25 C:\Apache24\htdocs\backendSendra\vendor\laravel\framework\src\Illuminate\Foundation\Http\Kernel.php(175): Illuminate\Pipeline\Pipeline->then(Object(Closure))
#26 C:\Apache24\htdocs\backendSendra\vendor\laravel\framework\src\Illuminate\Foundation\Http\Kernel.php(144): Illuminate\Foundation\Http\Kernel->sendRequestThroughRouter(Object(Illuminate\Http\Request))
#27 C:\Apache24\htdocs\backendSendra\vendor\knuckleswtf\scribe\src\Extracting\Strategies\Responses\ResponseCalls.php(310): Illuminate\Foundation\Http\Kernel->handle(Object(Illuminate\Http\Request))
#28 C:\Apache24\htdocs\backendSendra\vendor\knuckleswtf\scribe\src\Extracting\Strategies\Responses\ResponseCalls.php(298): Knuckles\Scribe\Extracting\Strategies\Responses\ResponseCalls->callLaravelOrLumenRoute(Object(Illuminate\Http\Request))
#29 C:\Apache24\htdocs\backendSendra\vendor\knuckleswtf\scribe\src\Extracting\Strategies\Responses\ResponseCalls.php(91): Knuckles\Scribe\Extracting\Strategies\Responses\ResponseCalls->makeApiCall(Object(Illuminate\Http\Request), Object(Illuminate\Routing\Route))
#30 C:\Apache24\htdocs\backendSendra\vendor\knuckleswtf\scribe\src\Extracting\Strategies\Responses\ResponseCalls.php(44): Knuckles\Scribe\Extracting\Strategies\Responses\ResponseCalls->makeResponseCall(Object(Knuckles\Camel\Extraction\ExtractedEndpointData), Array)
#31 C:\Apache24\htdocs\backendSendra\vendor\knuckleswtf\scribe\src\Extracting\Strategies\Responses\ResponseCalls.php(35): Knuckles\Scribe\Extracting\Strategies\Responses\ResponseCalls->makeResponseCallIfConditionsPass(Object(Knuckles\Camel\Extraction\ExtractedEndpointData), Array)
#32 C:\Apache24\htdocs\backendSendra\vendor\knuckleswtf\scribe\src\Extracting\Extractor.php(237): Knuckles\Scribe\Extracting\Strategies\Responses\ResponseCalls->__invoke(Object(Knuckles\Camel\Extraction\ExtractedEndpointData), Array)
#33 C:\Apache24\htdocs\backendSendra\vendor\knuckleswtf\scribe\src\Extracting\Extractor.php(163): Knuckles\Scribe\Extracting\Extractor->iterateThroughStrategies('responses', Object(Knuckles\Camel\Extraction\ExtractedEndpointData), Array, Object(Closure))
#34 C:\Apache24\htdocs\backendSendra\vendor\knuckleswtf\scribe\src\Extracting\Extractor.php(95): Knuckles\Scribe\Extracting\Extractor->fetchResponses(Object(Knuckles\Camel\Extraction\ExtractedEndpointData), Array)
#35 C:\Apache24\htdocs\backendSendra\vendor\knuckleswtf\scribe\src\GroupedEndpoints\GroupedEndpointsFromApp.php(125): Knuckles\Scribe\Extracting\Extractor->processRoute(Object(Illuminate\Routing\Route), Array)
#36 C:\Apache24\htdocs\backendSendra\vendor\knuckleswtf\scribe\src\GroupedEndpoints\GroupedEndpointsFromApp.php(72): Knuckles\Scribe\GroupedEndpoints\GroupedEndpointsFromApp->extractEndpointsInfoFromLaravelApp(Array, Array, Array)
#37 C:\Apache24\htdocs\backendSendra\vendor\knuckleswtf\scribe\src\GroupedEndpoints\GroupedEndpointsFromApp.php(50): Knuckles\Scribe\GroupedEndpoints\GroupedEndpointsFromApp->extractEndpointsInfoAndWriteToDisk(Object(Knuckles\Scribe\Matching\RouteMatcher), true)
#38 C:\Apache24\htdocs\backendSendra\vendor\knuckleswtf\scribe\src\Commands\GenerateDocumentation.php(53): Knuckles\Scribe\GroupedEndpoints\GroupedEndpointsFromApp->get()
#39 C:\Apache24\htdocs\backendSendra\vendor\laravel\framework\src\Illuminate\Container\BoundMethod.php(36): Knuckles\Scribe\Commands\GenerateDocumentation->handle(Object(Knuckles\Scribe\Matching\RouteMatcher), Object(Knuckles\Scribe\GroupedEndpoints\GroupedEndpointsFactory))
#40 C:\Apache24\htdocs\backendSendra\vendor\laravel\framework\src\Illuminate\Container\Util.php(41): Illuminate\Container\BoundMethod::Illuminate\Container\{closure}()
#41 C:\Apache24\htdocs\backendSendra\vendor\laravel\framework\src\Illuminate\Container\BoundMethod.php(93): Illuminate\Container\Util::unwrapIfClosure(Object(Closure))
#42 C:\Apache24\htdocs\backendSendra\vendor\laravel\framework\src\Illuminate\Container\BoundMethod.php(35): Illuminate\Container\BoundMethod::callBoundMethod(Object(Illuminate\Foundation\Application), Array, Object(Closure))
#43 C:\Apache24\htdocs\backendSendra\vendor\laravel\framework\src\Illuminate\Container\Container.php(662): Illuminate\Container\BoundMethod::call(Object(Illuminate\Foundation\Application), Array, Array, NULL)
#44 C:\Apache24\htdocs\backendSendra\vendor\laravel\framework\src\Illuminate\Console\Command.php(211): Illuminate\Container\Container->call(Array)
#45 C:\Apache24\htdocs\backendSendra\vendor\symfony\console\Command\Command.php(326): Illuminate\Console\Command->execute(Object(Symfony\Component\Console\Input\ArgvInput), Object(Illuminate\Console\OutputStyle))
#46 C:\Apache24\htdocs\backendSendra\vendor\laravel\framework\src\Illuminate\Console\Command.php(180): Symfony\Component\Console\Command\Command->run(Object(Symfony\Component\Console\Input\ArgvInput), Object(Illuminate\Console\OutputStyle))
#47 C:\Apache24\htdocs\backendSendra\vendor\symfony\console\Application.php(1096): Illuminate\Console\Command->run(Object(Symfony\Component\Console\Input\ArgvInput), Object(Symfony\Component\Console\Output\ConsoleOutput))
#48 C:\Apache24\htdocs\backendSendra\vendor\symfony\console\Application.php(324): Symfony\Component\Console\Application->doRunCommand(Object(Knuckles\Scribe\Commands\GenerateDocumentation), Object(Symfony\Component\Console\Input\ArgvInput), Object(Symfony\Component\Console\Output\ConsoleOutput))
#49 C:\Apache24\htdocs\backendSendra\vendor\symfony\console\Application.php(175): Symfony\Component\Console\Application->doRun(Object(Symfony\Component\Console\Input\ArgvInput), Object(Symfony\Component\Console\Output\ConsoleOutput))
#50 C:\Apache24\htdocs\backendSendra\vendor\laravel\framework\src\Illuminate\Foundation\Console\Kernel.php(201): Symfony\Component\Console\Application->run(Object(Symfony\Component\Console\Input\ArgvInput), Object(Symfony\Component\Console\Output\ConsoleOutput))
#51 C:\Apache24\htdocs\backendSendra\artisan(35): Illuminate\Foundation\Console\Kernel->handle(Object(Symfony\Component\Console\Input\ArgvInput), Object(Symfony\Component\Console\Output\ConsoleOutput))
#52 {main}

[2025-01-17 22:34:28] Unauthenticated. in C:\Apache24\htdocs\backendSendra\vendor\laravel\framework\src\Illuminate\Auth\Middleware\Authenticate.php on line 95
#0 C:\Apache24\htdocs\backendSendra\vendor\laravel\framework\src\Illuminate\Auth\Middleware\Authenticate.php(81): Illuminate\Auth\Middleware\Authenticate->unauthenticated(Object(Illuminate\Http\Request), Array)
#1 C:\Apache24\htdocs\backendSendra\vendor\laravel\framework\src\Illuminate\Auth\Middleware\Authenticate.php(55): Illuminate\Auth\Middleware\Authenticate->authenticate(Object(Illuminate\Http\Request), Array)
#2 C:\Apache24\htdocs\backendSendra\vendor\laravel\framework\src\Illuminate\Pipeline\Pipeline.php(183): Illuminate\Auth\Middleware\Authenticate->handle(Object(Illuminate\Http\Request), Object(Closure), 'api')
#3 C:\Apache24\htdocs\backendSendra\vendor\laravel\framework\src\Illuminate\Pipeline\Pipeline.php(119): Illuminate\Pipeline\Pipeline->Illuminate\Pipeline\{closure}(Object(Illuminate\Http\Request))
#4 C:\Apache24\htdocs\backendSendra\vendor\laravel\framework\src\Illuminate\Routing\Router.php(805): Illuminate\Pipeline\Pipeline->then(Object(Closure))
#5 C:\Apache24\htdocs\backendSendra\vendor\laravel\framework\src\Illuminate\Routing\Router.php(784): Illuminate\Routing\Router->runRouteWithinStack(Object(Illuminate\Routing\Route), Object(Illuminate\Http\Request))
#6 C:\Apache24\htdocs\backendSendra\vendor\laravel\framework\src\Illuminate\Routing\Router.php(748): Illuminate\Routing\Router->runRoute(Object(Illuminate\Http\Request), Object(Illuminate\Routing\Route))
#7 C:\Apache24\htdocs\backendSendra\vendor\laravel\framework\src\Illuminate\Routing\Router.php(737): Illuminate\Routing\Router->dispatchToRoute(Object(Illuminate\Http\Request))
#8 C:\Apache24\htdocs\backendSendra\vendor\laravel\framework\src\Illuminate\Foundation\Http\Kernel.php(200): Illuminate\Routing\Router->dispatch(Object(Illuminate\Http\Request))
#9 C:\Apache24\htdocs\backendSendra\vendor\laravel\framework\src\Illuminate\Pipeline\Pipeline.php(144): Illuminate\Foundation\Http\Kernel->Illuminate\Foundation\Http\{closure}(Object(Illuminate\Http\Request))
#10 C:\Apache24\htdocs\backendSendra\vendor\laravel\framework\src\Illuminate\Foundation\Http\Middleware\TransformsRequest.php(21): Illuminate\Pipeline\Pipeline->Illuminate\Pipeline\{closure}(Object(Illuminate\Http\Request))
#11 C:\Apache24\htdocs\backendSendra\vendor\laravel\framework\src\Illuminate\Foundation\Http\Middleware\ConvertEmptyStringsToNull.php(31): Illuminate\Foundation\Http\Middleware\TransformsRequest->handle(Object(Illuminate\Http\Request), Object(Closure))
#12 C:\Apache24\htdocs\backendSendra\vendor\laravel\framework\src\Illuminate\Pipeline\Pipeline.php(183): Illuminate\Foundation\Http\Middleware\ConvertEmptyStringsToNull->handle(Object(Illuminate\Http\Request), Object(Closure))
#13 C:\Apache24\htdocs\backendSendra\vendor\laravel\framework\src\Illuminate\Foundation\Http\Middleware\TransformsRequest.php(21): Illuminate\Pipeline\Pipeline->Illuminate\Pipeline\{closure}(Object(Illuminate\Http\Request))
#14 C:\Apache24\htdocs\backendSendra\vendor\laravel\framework\src\Illuminate\Foundation\Http\Middleware\TrimStrings.php(40): Illuminate\Foundation\Http\Middleware\TransformsRequest->handle(Object(Illuminate\Http\Request), Object(Closure))
#15 C:\Apache24\htdocs\backendSendra\vendor\laravel\framework\src\Illuminate\Pipeline\Pipeline.php(183): Illuminate\Foundation\Http\Middleware\TrimStrings->handle(Object(Illuminate\Http\Request), Object(Closure))
#16 C:\Apache24\htdocs\backendSendra\vendor\laravel\framework\src\Illuminate\Foundation\Http\Middleware\ValidatePostSize.php(27): Illuminate\Pipeline\Pipeline->Illuminate\Pipeline\{closure}(Object(Illuminate\Http\Request))
#17 C:\Apache24\htdocs\backendSendra\vendor\laravel\framework\src\Illuminate\Pipeline\Pipeline.php(183): Illuminate\Foundation\Http\Middleware\ValidatePostSize->handle(Object(Illuminate\Http\Request), Object(Closure))
#18 C:\Apache24\htdocs\backendSendra\vendor\laravel\framework\src\Illuminate\Foundation\Http\Middleware\PreventRequestsDuringMaintenance.php(99): Illuminate\Pipeline\Pipeline->Illuminate\Pipeline\{closure}(Object(Illuminate\Http\Request))
#19 C:\Apache24\htdocs\backendSendra\vendor\laravel\framework\src\Illuminate\Pipeline\Pipeline.php(183): Illuminate\Foundation\Http\Middleware\PreventRequestsDuringMaintenance->handle(Object(Illuminate\Http\Request), Object(Closure))
#20 C:\Apache24\htdocs\backendSendra\vendor\laravel\framework\src\Illuminate\Http\Middleware\HandleCors.php(62): Illuminate\Pipeline\Pipeline->Illuminate\Pipeline\{closure}(Object(Illuminate\Http\Request))
#21 C:\Apache24\htdocs\backendSendra\vendor\laravel\framework\src\Illuminate\Pipeline\Pipeline.php(183): Illuminate\Http\Middleware\HandleCors->handle(Object(Illuminate\Http\Request), Object(Closure))
#22 C:\Apache24\htdocs\backendSendra\vendor\laravel\framework\src\Illuminate\Http\Middleware\TrustProxies.php(39): Illuminate\Pipeline\Pipeline->Illuminate\Pipeline\{closure}(Object(Illuminate\Http\Request))
#23 C:\Apache24\htdocs\backendSendra\vendor\laravel\framework\src\Illuminate\Pipeline\Pipeline.php(183): Illuminate\Http\Middleware\TrustProxies->handle(Object(Illuminate\Http\Request), Object(Closure))
#24 C:\Apache24\htdocs\backendSendra\vendor\laravel\framework\src\Illuminate\Pipeline\Pipeline.php(119): Illuminate\Pipeline\Pipeline->Illuminate\Pipeline\{closure}(Object(Illuminate\Http\Request))
#25 C:\Apache24\htdocs\backendSendra\vendor\laravel\framework\src\Illuminate\Foundation\Http\Kernel.php(175): Illuminate\Pipeline\Pipeline->then(Object(Closure))
#26 C:\Apache24\htdocs\backendSendra\vendor\laravel\framework\src\Illuminate\Foundation\Http\Kernel.php(144): Illuminate\Foundation\Http\Kernel->sendRequestThroughRouter(Object(Illuminate\Http\Request))
#27 C:\Apache24\htdocs\backendSendra\vendor\knuckleswtf\scribe\src\Extracting\Strategies\Responses\ResponseCalls.php(310): Illuminate\Foundation\Http\Kernel->handle(Object(Illuminate\Http\Request))
#28 C:\Apache24\htdocs\backendSendra\vendor\knuckleswtf\scribe\src\Extracting\Strategies\Responses\ResponseCalls.php(298): Knuckles\Scribe\Extracting\Strategies\Responses\ResponseCalls->callLaravelOrLumenRoute(Object(Illuminate\Http\Request))
#29 C:\Apache24\htdocs\backendSendra\vendor\knuckleswtf\scribe\src\Extracting\Strategies\Responses\ResponseCalls.php(91): Knuckles\Scribe\Extracting\Strategies\Responses\ResponseCalls->makeApiCall(Object(Illuminate\Http\Request), Object(Illuminate\Routing\Route))
#30 C:\Apache24\htdocs\backendSendra\vendor\knuckleswtf\scribe\src\Extracting\Strategies\Responses\ResponseCalls.php(44): Knuckles\Scribe\Extracting\Strategies\Responses\ResponseCalls->makeResponseCall(Object(Knuckles\Camel\Extraction\ExtractedEndpointData), Array)
#31 C:\Apache24\htdocs\backendSendra\vendor\knuckleswtf\scribe\src\Extracting\Strategies\Responses\ResponseCalls.php(35): Knuckles\Scribe\Extracting\Strategies\Responses\ResponseCalls->makeResponseCallIfConditionsPass(Object(Knuckles\Camel\Extraction\ExtractedEndpointData), Array)
#32 C:\Apache24\htdocs\backendSendra\vendor\knuckleswtf\scribe\src\Extracting\Extractor.php(237): Knuckles\Scribe\Extracting\Strategies\Responses\ResponseCalls->__invoke(Object(Knuckles\Camel\Extraction\ExtractedEndpointData), Array)
#33 C:\Apache24\htdocs\backendSendra\vendor\knuckleswtf\scribe\src\Extracting\Extractor.php(163): Knuckles\Scribe\Extracting\Extractor->iterateThroughStrategies('responses', Object(Knuckles\Camel\Extraction\ExtractedEndpointData), Array, Object(Closure))
#34 C:\Apache24\htdocs\backendSendra\vendor\knuckleswtf\scribe\src\Extracting\Extractor.php(95): Knuckles\Scribe\Extracting\Extractor->fetchResponses(Object(Knuckles\Camel\Extraction\ExtractedEndpointData), Array)
#35 C:\Apache24\htdocs\backendSendra\vendor\knuckleswtf\scribe\src\GroupedEndpoints\GroupedEndpointsFromApp.php(125): Knuckles\Scribe\Extracting\Extractor->processRoute(Object(Illuminate\Routing\Route), Array)
#36 C:\Apache24\htdocs\backendSendra\vendor\knuckleswtf\scribe\src\GroupedEndpoints\GroupedEndpointsFromApp.php(72): Knuckles\Scribe\GroupedEndpoints\GroupedEndpointsFromApp->extractEndpointsInfoFromLaravelApp(Array, Array, Array)
#37 C:\Apache24\htdocs\backendSendra\vendor\knuckleswtf\scribe\src\GroupedEndpoints\GroupedEndpointsFromApp.php(50): Knuckles\Scribe\GroupedEndpoints\GroupedEndpointsFromApp->extractEndpointsInfoAndWriteToDisk(Object(Knuckles\Scribe\Matching\RouteMatcher), true)
#38 C:\Apache24\htdocs\backendSendra\vendor\knuckleswtf\scribe\src\Commands\GenerateDocumentation.php(53): Knuckles\Scribe\GroupedEndpoints\GroupedEndpointsFromApp->get()
#39 C:\Apache24\htdocs\backendSendra\vendor\laravel\framework\src\Illuminate\Container\BoundMethod.php(36): Knuckles\Scribe\Commands\GenerateDocumentation->handle(Object(Knuckles\Scribe\Matching\RouteMatcher), Object(Knuckles\Scribe\GroupedEndpoints\GroupedEndpointsFactory))
#40 C:\Apache24\htdocs\backendSendra\vendor\laravel\framework\src\Illuminate\Container\Util.php(41): Illuminate\Container\BoundMethod::Illuminate\Container\{closure}()
#41 C:\Apache24\htdocs\backendSendra\vendor\laravel\framework\src\Illuminate\Container\BoundMethod.php(93): Illuminate\Container\Util::unwrapIfClosure(Object(Closure))
#42 C:\Apache24\htdocs\backendSendra\vendor\laravel\framework\src\Illuminate\Container\BoundMethod.php(35): Illuminate\Container\BoundMethod::callBoundMethod(Object(Illuminate\Foundation\Application), Array, Object(Closure))
#43 C:\Apache24\htdocs\backendSendra\vendor\laravel\framework\src\Illuminate\Container\Container.php(662): Illuminate\Container\BoundMethod::call(Object(Illuminate\Foundation\Application), Array, Array, NULL)
#44 C:\Apache24\htdocs\backendSendra\vendor\laravel\framework\src\Illuminate\Console\Command.php(211): Illuminate\Container\Container->call(Array)
#45 C:\Apache24\htdocs\backendSendra\vendor\symfony\console\Command\Command.php(326): Illuminate\Console\Command->execute(Object(Symfony\Component\Console\Input\ArgvInput), Object(Illuminate\Console\OutputStyle))
#46 C:\Apache24\htdocs\backendSendra\vendor\laravel\framework\src\Illuminate\Console\Command.php(180): Symfony\Component\Console\Command\Command->run(Object(Symfony\Component\Console\Input\ArgvInput), Object(Illuminate\Console\OutputStyle))
#47 C:\Apache24\htdocs\backendSendra\vendor\symfony\console\Application.php(1096): Illuminate\Console\Command->run(Object(Symfony\Component\Console\Input\ArgvInput), Object(Symfony\Component\Console\Output\ConsoleOutput))
#48 C:\Apache24\htdocs\backendSendra\vendor\symfony\console\Application.php(324): Symfony\Component\Console\Application->doRunCommand(Object(Knuckles\Scribe\Commands\GenerateDocumentation), Object(Symfony\Component\Console\Input\ArgvInput), Object(Symfony\Component\Console\Output\ConsoleOutput))
#49 C:\Apache24\htdocs\backendSendra\vendor\symfony\console\Application.php(175): Symfony\Component\Console\Application->doRun(Object(Symfony\Component\Console\Input\ArgvInput), Object(Symfony\Component\Console\Output\ConsoleOutput))
#50 C:\Apache24\htdocs\backendSendra\vendor\laravel\framework\src\Illuminate\Foundation\Console\Kernel.php(201): Symfony\Component\Console\Application->run(Object(Symfony\Component\Console\Input\ArgvInput), Object(Symfony\Component\Console\Output\ConsoleOutput))
#51 C:\Apache24\htdocs\backendSendra\artisan(35): Illuminate\Foundation\Console\Kernel->handle(Object(Symfony\Component\Console\Input\ArgvInput), Object(Symfony\Component\Console\Output\ConsoleOutput))
#52 {main}

[2025-01-17 22:34:28] Unauthenticated. in C:\Apache24\htdocs\backendSendra\vendor\laravel\framework\src\Illuminate\Auth\Middleware\Authenticate.php on line 95
#0 C:\Apache24\htdocs\backendSendra\vendor\laravel\framework\src\Illuminate\Auth\Middleware\Authenticate.php(81): Illuminate\Auth\Middleware\Authenticate->unauthenticated(Object(Illuminate\Http\Request), Array)
#1 C:\Apache24\htdocs\backendSendra\vendor\laravel\framework\src\Illuminate\Auth\Middleware\Authenticate.php(55): Illuminate\Auth\Middleware\Authenticate->authenticate(Object(Illuminate\Http\Request), Array)
#2 C:\Apache24\htdocs\backendSendra\vendor\laravel\framework\src\Illuminate\Pipeline\Pipeline.php(183): Illuminate\Auth\Middleware\Authenticate->handle(Object(Illuminate\Http\Request), Object(Closure), 'api')
#3 C:\Apache24\htdocs\backendSendra\vendor\laravel\framework\src\Illuminate\Pipeline\Pipeline.php(119): Illuminate\Pipeline\Pipeline->Illuminate\Pipeline\{closure}(Object(Illuminate\Http\Request))
#4 C:\Apache24\htdocs\backendSendra\vendor\laravel\framework\src\Illuminate\Routing\Router.php(805): Illuminate\Pipeline\Pipeline->then(Object(Closure))
#5 C:\Apache24\htdocs\backendSendra\vendor\laravel\framework\src\Illuminate\Routing\Router.php(784): Illuminate\Routing\Router->runRouteWithinStack(Object(Illuminate\Routing\Route), Object(Illuminate\Http\Request))
#6 C:\Apache24\htdocs\backendSendra\vendor\laravel\framework\src\Illuminate\Routing\Router.php(748): Illuminate\Routing\Router->runRoute(Object(Illuminate\Http\Request), Object(Illuminate\Routing\Route))
#7 C:\Apache24\htdocs\backendSendra\vendor\laravel\framework\src\Illuminate\Routing\Router.php(737): Illuminate\Routing\Router->dispatchToRoute(Object(Illuminate\Http\Request))
#8 C:\Apache24\htdocs\backendSendra\vendor\laravel\framework\src\Illuminate\Foundation\Http\Kernel.php(200): Illuminate\Routing\Router->dispatch(Object(Illuminate\Http\Request))
#9 C:\Apache24\htdocs\backendSendra\vendor\laravel\framework\src\Illuminate\Pipeline\Pipeline.php(144): Illuminate\Foundation\Http\Kernel->Illuminate\Foundation\Http\{closure}(Object(Illuminate\Http\Request))
#10 C:\Apache24\htdocs\backendSendra\vendor\laravel\framework\src\Illuminate\Foundation\Http\Middleware\TransformsRequest.php(21): Illuminate\Pipeline\Pipeline->Illuminate\Pipeline\{closure}(Object(Illuminate\Http\Request))
#11 C:\Apache24\htdocs\backendSendra\vendor\laravel\framework\src\Illuminate\Foundation\Http\Middleware\ConvertEmptyStringsToNull.php(31): Illuminate\Foundation\Http\Middleware\TransformsRequest->handle(Object(Illuminate\Http\Request), Object(Closure))
#12 C:\Apache24\htdocs\backendSendra\vendor\laravel\framework\src\Illuminate\Pipeline\Pipeline.php(183): Illuminate\Foundation\Http\Middleware\ConvertEmptyStringsToNull->handle(Object(Illuminate\Http\Request), Object(Closure))
#13 C:\Apache24\htdocs\backendSendra\vendor\laravel\framework\src\Illuminate\Foundation\Http\Middleware\TransformsRequest.php(21): Illuminate\Pipeline\Pipeline->Illuminate\Pipeline\{closure}(Object(Illuminate\Http\Request))
#14 C:\Apache24\htdocs\backendSendra\vendor\laravel\framework\src\Illuminate\Foundation\Http\Middleware\TrimStrings.php(40): Illuminate\Foundation\Http\Middleware\TransformsRequest->handle(Object(Illuminate\Http\Request), Object(Closure))
#15 C:\Apache24\htdocs\backendSendra\vendor\laravel\framework\src\Illuminate\Pipeline\Pipeline.php(183): Illuminate\Foundation\Http\Middleware\TrimStrings->handle(Object(Illuminate\Http\Request), Object(Closure))
#16 C:\Apache24\htdocs\backendSendra\vendor\laravel\framework\src\Illuminate\Foundation\Http\Middleware\ValidatePostSize.php(27): Illuminate\Pipeline\Pipeline->Illuminate\Pipeline\{closure}(Object(Illuminate\Http\Request))
#17 C:\Apache24\htdocs\backendSendra\vendor\laravel\framework\src\Illuminate\Pipeline\Pipeline.php(183): Illuminate\Foundation\Http\Middleware\ValidatePostSize->handle(Object(Illuminate\Http\Request), Object(Closure))
#18 C:\Apache24\htdocs\backendSendra\vendor\laravel\framework\src\Illuminate\Foundation\Http\Middleware\PreventRequestsDuringMaintenance.php(99): Illuminate\Pipeline\Pipeline->Illuminate\Pipeline\{closure}(Object(Illuminate\Http\Request))
#19 C:\Apache24\htdocs\backendSendra\vendor\laravel\framework\src\Illuminate\Pipeline\Pipeline.php(183): Illuminate\Foundation\Http\Middleware\PreventRequestsDuringMaintenance->handle(Object(Illuminate\Http\Request), Object(Closure))
#20 C:\Apache24\htdocs\backendSendra\vendor\laravel\framework\src\Illuminate\Http\Middleware\HandleCors.php(62): Illuminate\Pipeline\Pipeline->Illuminate\Pipeline\{closure}(Object(Illuminate\Http\Request))
#21 C:\Apache24\htdocs\backendSendra\vendor\laravel\framework\src\Illuminate\Pipeline\Pipeline.php(183): Illuminate\Http\Middleware\HandleCors->handle(Object(Illuminate\Http\Request), Object(Closure))
#22 C:\Apache24\htdocs\backendSendra\vendor\laravel\framework\src\Illuminate\Http\Middleware\TrustProxies.php(39): Illuminate\Pipeline\Pipeline->Illuminate\Pipeline\{closure}(Object(Illuminate\Http\Request))
#23 C:\Apache24\htdocs\backendSendra\vendor\laravel\framework\src\Illuminate\Pipeline\Pipeline.php(183): Illuminate\Http\Middleware\TrustProxies->handle(Object(Illuminate\Http\Request), Object(Closure))
#24 C:\Apache24\htdocs\backendSendra\vendor\laravel\framework\src\Illuminate\Pipeline\Pipeline.php(119): Illuminate\Pipeline\Pipeline->Illuminate\Pipeline\{closure}(Object(Illuminate\Http\Request))
#25 C:\Apache24\htdocs\backendSendra\vendor\laravel\framework\src\Illuminate\Foundation\Http\Kernel.php(175): Illuminate\Pipeline\Pipeline->then(Object(Closure))
#26 C:\Apache24\htdocs\backendSendra\vendor\laravel\framework\src\Illuminate\Foundation\Http\Kernel.php(144): Illuminate\Foundation\Http\Kernel->sendRequestThroughRouter(Object(Illuminate\Http\Request))
#27 C:\Apache24\htdocs\backendSendra\vendor\knuckleswtf\scribe\src\Extracting\Strategies\Responses\ResponseCalls.php(310): Illuminate\Foundation\Http\Kernel->handle(Object(Illuminate\Http\Request))
#28 C:\Apache24\htdocs\backendSendra\vendor\knuckleswtf\scribe\src\Extracting\Strategies\Responses\ResponseCalls.php(298): Knuckles\Scribe\Extracting\Strategies\Responses\ResponseCalls->callLaravelOrLumenRoute(Object(Illuminate\Http\Request))
#29 C:\Apache24\htdocs\backendSendra\vendor\knuckleswtf\scribe\src\Extracting\Strategies\Responses\ResponseCalls.php(91): Knuckles\Scribe\Extracting\Strategies\Responses\ResponseCalls->makeApiCall(Object(Illuminate\Http\Request), Object(Illuminate\Routing\Route))
#30 C:\Apache24\htdocs\backendSendra\vendor\knuckleswtf\scribe\src\Extracting\Strategies\Responses\ResponseCalls.php(44): Knuckles\Scribe\Extracting\Strategies\Responses\ResponseCalls->makeResponseCall(Object(Knuckles\Camel\Extraction\ExtractedEndpointData), Array)
#31 C:\Apache24\htdocs\backendSendra\vendor\knuckleswtf\scribe\src\Extracting\Strategies\Responses\ResponseCalls.php(35): Knuckles\Scribe\Extracting\Strategies\Responses\ResponseCalls->makeResponseCallIfConditionsPass(Object(Knuckles\Camel\Extraction\ExtractedEndpointData), Array)
#32 C:\Apache24\htdocs\backendSendra\vendor\knuckleswtf\scribe\src\Extracting\Extractor.php(237): Knuckles\Scribe\Extracting\Strategies\Responses\ResponseCalls->__invoke(Object(Knuckles\Camel\Extraction\ExtractedEndpointData), Array)
#33 C:\Apache24\htdocs\backendSendra\vendor\knuckleswtf\scribe\src\Extracting\Extractor.php(163): Knuckles\Scribe\Extracting\Extractor->iterateThroughStrategies('responses', Object(Knuckles\Camel\Extraction\ExtractedEndpointData), Array, Object(Closure))
#34 C:\Apache24\htdocs\backendSendra\vendor\knuckleswtf\scribe\src\Extracting\Extractor.php(95): Knuckles\Scribe\Extracting\Extractor->fetchResponses(Object(Knuckles\Camel\Extraction\ExtractedEndpointData), Array)
#35 C:\Apache24\htdocs\backendSendra\vendor\knuckleswtf\scribe\src\GroupedEndpoints\GroupedEndpointsFromApp.php(125): Knuckles\Scribe\Extracting\Extractor->processRoute(Object(Illuminate\Routing\Route), Array)
#36 C:\Apache24\htdocs\backendSendra\vendor\knuckleswtf\scribe\src\GroupedEndpoints\GroupedEndpointsFromApp.php(72): Knuckles\Scribe\GroupedEndpoints\GroupedEndpointsFromApp->extractEndpointsInfoFromLaravelApp(Array, Array, Array)
#37 C:\Apache24\htdocs\backendSendra\vendor\knuckleswtf\scribe\src\GroupedEndpoints\GroupedEndpointsFromApp.php(50): Knuckles\Scribe\GroupedEndpoints\GroupedEndpointsFromApp->extractEndpointsInfoAndWriteToDisk(Object(Knuckles\Scribe\Matching\RouteMatcher), true)
#38 C:\Apache24\htdocs\backendSendra\vendor\knuckleswtf\scribe\src\Commands\GenerateDocumentation.php(53): Knuckles\Scribe\GroupedEndpoints\GroupedEndpointsFromApp->get()
#39 C:\Apache24\htdocs\backendSendra\vendor\laravel\framework\src\Illuminate\Container\BoundMethod.php(36): Knuckles\Scribe\Commands\GenerateDocumentation->handle(Object(Knuckles\Scribe\Matching\RouteMatcher), Object(Knuckles\Scribe\GroupedEndpoints\GroupedEndpointsFactory))
#40 C:\Apache24\htdocs\backendSendra\vendor\laravel\framework\src\Illuminate\Container\Util.php(41): Illuminate\Container\BoundMethod::Illuminate\Container\{closure}()
#41 C:\Apache24\htdocs\backendSendra\vendor\laravel\framework\src\Illuminate\Container\BoundMethod.php(93): Illuminate\Container\Util::unwrapIfClosure(Object(Closure))
#42 C:\Apache24\htdocs\backendSendra\vendor\laravel\framework\src\Illuminate\Container\BoundMethod.php(35): Illuminate\Container\BoundMethod::callBoundMethod(Object(Illuminate\Foundation\Application), Array, Object(Closure))
#43 C:\Apache24\htdocs\backendSendra\vendor\laravel\framework\src\Illuminate\Container\Container.php(662): Illuminate\Container\BoundMethod::call(Object(Illuminate\Foundation\Application), Array, Array, NULL)
#44 C:\Apache24\htdocs\backendSendra\vendor\laravel\framework\src\Illuminate\Console\Command.php(211): Illuminate\Container\Container->call(Array)
#45 C:\Apache24\htdocs\backendSendra\vendor\symfony\console\Command\Command.php(326): Illuminate\Console\Command->execute(Object(Symfony\Component\Console\Input\ArgvInput), Object(Illuminate\Console\OutputStyle))
#46 C:\Apache24\htdocs\backendSendra\vendor\laravel\framework\src\Illuminate\Console\Command.php(180): Symfony\Component\Console\Command\Command->run(Object(Symfony\Component\Console\Input\ArgvInput), Object(Illuminate\Console\OutputStyle))
#47 C:\Apache24\htdocs\backendSendra\vendor\symfony\console\Application.php(1096): Illuminate\Console\Command->run(Object(Symfony\Component\Console\Input\ArgvInput), Object(Symfony\Component\Console\Output\ConsoleOutput))
#48 C:\Apache24\htdocs\backendSendra\vendor\symfony\console\Application.php(324): Symfony\Component\Console\Application->doRunCommand(Object(Knuckles\Scribe\Commands\GenerateDocumentation), Object(Symfony\Component\Console\Input\ArgvInput), Object(Symfony\Component\Console\Output\ConsoleOutput))
#49 C:\Apache24\htdocs\backendSendra\vendor\symfony\console\Application.php(175): Symfony\Component\Console\Application->doRun(Object(Symfony\Component\Console\Input\ArgvInput), Object(Symfony\Component\Console\Output\ConsoleOutput))
#50 C:\Apache24\htdocs\backendSendra\vendor\laravel\framework\src\Illuminate\Foundation\Console\Kernel.php(201): Symfony\Component\Console\Application->run(Object(Symfony\Component\Console\Input\ArgvInput), Object(Symfony\Component\Console\Output\ConsoleOutput))
#51 C:\Apache24\htdocs\backendSendra\artisan(35): Illuminate\Foundation\Console\Kernel->handle(Object(Symfony\Component\Console\Input\ArgvInput), Object(Symfony\Component\Console\Output\ConsoleOutput))
#52 {main}

[2025-01-17 22:34:28] Unauthenticated. in C:\Apache24\htdocs\backendSendra\vendor\laravel\framework\src\Illuminate\Auth\Middleware\Authenticate.php on line 95
#0 C:\Apache24\htdocs\backendSendra\vendor\laravel\framework\src\Illuminate\Auth\Middleware\Authenticate.php(81): Illuminate\Auth\Middleware\Authenticate->unauthenticated(Object(Illuminate\Http\Request), Array)
#1 C:\Apache24\htdocs\backendSendra\vendor\laravel\framework\src\Illuminate\Auth\Middleware\Authenticate.php(55): Illuminate\Auth\Middleware\Authenticate->authenticate(Object(Illuminate\Http\Request), Array)
#2 C:\Apache24\htdocs\backendSendra\vendor\laravel\framework\src\Illuminate\Pipeline\Pipeline.php(183): Illuminate\Auth\Middleware\Authenticate->handle(Object(Illuminate\Http\Request), Object(Closure), 'api')
#3 C:\Apache24\htdocs\backendSendra\vendor\laravel\framework\src\Illuminate\Pipeline\Pipeline.php(119): Illuminate\Pipeline\Pipeline->Illuminate\Pipeline\{closure}(Object(Illuminate\Http\Request))
#4 C:\Apache24\htdocs\backendSendra\vendor\laravel\framework\src\Illuminate\Routing\Router.php(805): Illuminate\Pipeline\Pipeline->then(Object(Closure))
#5 C:\Apache24\htdocs\backendSendra\vendor\laravel\framework\src\Illuminate\Routing\Router.php(784): Illuminate\Routing\Router->runRouteWithinStack(Object(Illuminate\Routing\Route), Object(Illuminate\Http\Request))
#6 C:\Apache24\htdocs\backendSendra\vendor\laravel\framework\src\Illuminate\Routing\Router.php(748): Illuminate\Routing\Router->runRoute(Object(Illuminate\Http\Request), Object(Illuminate\Routing\Route))
#7 C:\Apache24\htdocs\backendSendra\vendor\laravel\framework\src\Illuminate\Routing\Router.php(737): Illuminate\Routing\Router->dispatchToRoute(Object(Illuminate\Http\Request))
#8 C:\Apache24\htdocs\backendSendra\vendor\laravel\framework\src\Illuminate\Foundation\Http\Kernel.php(200): Illuminate\Routing\Router->dispatch(Object(Illuminate\Http\Request))
#9 C:\Apache24\htdocs\backendSendra\vendor\laravel\framework\src\Illuminate\Pipeline\Pipeline.php(144): Illuminate\Foundation\Http\Kernel->Illuminate\Foundation\Http\{closure}(Object(Illuminate\Http\Request))
#10 C:\Apache24\htdocs\backendSendra\vendor\laravel\framework\src\Illuminate\Foundation\Http\Middleware\TransformsRequest.php(21): Illuminate\Pipeline\Pipeline->Illuminate\Pipeline\{closure}(Object(Illuminate\Http\Request))
#11 C:\Apache24\htdocs\backendSendra\vendor\laravel\framework\src\Illuminate\Foundation\Http\Middleware\ConvertEmptyStringsToNull.php(31): Illuminate\Foundation\Http\Middleware\TransformsRequest->handle(Object(Illuminate\Http\Request), Object(Closure))
#12 C:\Apache24\htdocs\backendSendra\vendor\laravel\framework\src\Illuminate\Pipeline\Pipeline.php(183): Illuminate\Foundation\Http\Middleware\ConvertEmptyStringsToNull->handle(Object(Illuminate\Http\Request), Object(Closure))
#13 C:\Apache24\htdocs\backendSendra\vendor\laravel\framework\src\Illuminate\Foundation\Http\Middleware\TransformsRequest.php(21): Illuminate\Pipeline\Pipeline->Illuminate\Pipeline\{closure}(Object(Illuminate\Http\Request))
#14 C:\Apache24\htdocs\backendSendra\vendor\laravel\framework\src\Illuminate\Foundation\Http\Middleware\TrimStrings.php(40): Illuminate\Foundation\Http\Middleware\TransformsRequest->handle(Object(Illuminate\Http\Request), Object(Closure))
#15 C:\Apache24\htdocs\backendSendra\vendor\laravel\framework\src\Illuminate\Pipeline\Pipeline.php(183): Illuminate\Foundation\Http\Middleware\TrimStrings->handle(Object(Illuminate\Http\Request), Object(Closure))
#16 C:\Apache24\htdocs\backendSendra\vendor\laravel\framework\src\Illuminate\Foundation\Http\Middleware\ValidatePostSize.php(27): Illuminate\Pipeline\Pipeline->Illuminate\Pipeline\{closure}(Object(Illuminate\Http\Request))
#17 C:\Apache24\htdocs\backendSendra\vendor\laravel\framework\src\Illuminate\Pipeline\Pipeline.php(183): Illuminate\Foundation\Http\Middleware\ValidatePostSize->handle(Object(Illuminate\Http\Request), Object(Closure))
#18 C:\Apache24\htdocs\backendSendra\vendor\laravel\framework\src\Illuminate\Foundation\Http\Middleware\PreventRequestsDuringMaintenance.php(99): Illuminate\Pipeline\Pipeline->Illuminate\Pipeline\{closure}(Object(Illuminate\Http\Request))
#19 C:\Apache24\htdocs\backendSendra\vendor\laravel\framework\src\Illuminate\Pipeline\Pipeline.php(183): Illuminate\Foundation\Http\Middleware\PreventRequestsDuringMaintenance->handle(Object(Illuminate\Http\Request), Object(Closure))
#20 C:\Apache24\htdocs\backendSendra\vendor\laravel\framework\src\Illuminate\Http\Middleware\HandleCors.php(62): Illuminate\Pipeline\Pipeline->Illuminate\Pipeline\{closure}(Object(Illuminate\Http\Request))
#21 C:\Apache24\htdocs\backendSendra\vendor\laravel\framework\src\Illuminate\Pipeline\Pipeline.php(183): Illuminate\Http\Middleware\HandleCors->handle(Object(Illuminate\Http\Request), Object(Closure))
#22 C:\Apache24\htdocs\backendSendra\vendor\laravel\framework\src\Illuminate\Http\Middleware\TrustProxies.php(39): Illuminate\Pipeline\Pipeline->Illuminate\Pipeline\{closure}(Object(Illuminate\Http\Request))
#23 C:\Apache24\htdocs\backendSendra\vendor\laravel\framework\src\Illuminate\Pipeline\Pipeline.php(183): Illuminate\Http\Middleware\TrustProxies->handle(Object(Illuminate\Http\Request), Object(Closure))
#24 C:\Apache24\htdocs\backendSendra\vendor\laravel\framework\src\Illuminate\Pipeline\Pipeline.php(119): Illuminate\Pipeline\Pipeline->Illuminate\Pipeline\{closure}(Object(Illuminate\Http\Request))
#25 C:\Apache24\htdocs\backendSendra\vendor\laravel\framework\src\Illuminate\Foundation\Http\Kernel.php(175): Illuminate\Pipeline\Pipeline->then(Object(Closure))
#26 C:\Apache24\htdocs\backendSendra\vendor\laravel\framework\src\Illuminate\Foundation\Http\Kernel.php(144): Illuminate\Foundation\Http\Kernel->sendRequestThroughRouter(Object(Illuminate\Http\Request))
#27 C:\Apache24\htdocs\backendSendra\vendor\knuckleswtf\scribe\src\Extracting\Strategies\Responses\ResponseCalls.php(310): Illuminate\Foundation\Http\Kernel->handle(Object(Illuminate\Http\Request))
#28 C:\Apache24\htdocs\backendSendra\vendor\knuckleswtf\scribe\src\Extracting\Strategies\Responses\ResponseCalls.php(298): Knuckles\Scribe\Extracting\Strategies\Responses\ResponseCalls->callLaravelOrLumenRoute(Object(Illuminate\Http\Request))
#29 C:\Apache24\htdocs\backendSendra\vendor\knuckleswtf\scribe\src\Extracting\Strategies\Responses\ResponseCalls.php(91): Knuckles\Scribe\Extracting\Strategies\Responses\ResponseCalls->makeApiCall(Object(Illuminate\Http\Request), Object(Illuminate\Routing\Route))
#30 C:\Apache24\htdocs\backendSendra\vendor\knuckleswtf\scribe\src\Extracting\Strategies\Responses\ResponseCalls.php(44): Knuckles\Scribe\Extracting\Strategies\Responses\ResponseCalls->makeResponseCall(Object(Knuckles\Camel\Extraction\ExtractedEndpointData), Array)
#31 C:\Apache24\htdocs\backendSendra\vendor\knuckleswtf\scribe\src\Extracting\Strategies\Responses\ResponseCalls.php(35): Knuckles\Scribe\Extracting\Strategies\Responses\ResponseCalls->makeResponseCallIfConditionsPass(Object(Knuckles\Camel\Extraction\ExtractedEndpointData), Array)
#32 C:\Apache24\htdocs\backendSendra\vendor\knuckleswtf\scribe\src\Extracting\Extractor.php(237): Knuckles\Scribe\Extracting\Strategies\Responses\ResponseCalls->__invoke(Object(Knuckles\Camel\Extraction\ExtractedEndpointData), Array)
#33 C:\Apache24\htdocs\backendSendra\vendor\knuckleswtf\scribe\src\Extracting\Extractor.php(163): Knuckles\Scribe\Extracting\Extractor->iterateThroughStrategies('responses', Object(Knuckles\Camel\Extraction\ExtractedEndpointData), Array, Object(Closure))
#34 C:\Apache24\htdocs\backendSendra\vendor\knuckleswtf\scribe\src\Extracting\Extractor.php(95): Knuckles\Scribe\Extracting\Extractor->fetchResponses(Object(Knuckles\Camel\Extraction\ExtractedEndpointData), Array)
#35 C:\Apache24\htdocs\backendSendra\vendor\knuckleswtf\scribe\src\GroupedEndpoints\GroupedEndpointsFromApp.php(125): Knuckles\Scribe\Extracting\Extractor->processRoute(Object(Illuminate\Routing\Route), Array)
#36 C:\Apache24\htdocs\backendSendra\vendor\knuckleswtf\scribe\src\GroupedEndpoints\GroupedEndpointsFromApp.php(72): Knuckles\Scribe\GroupedEndpoints\GroupedEndpointsFromApp->extractEndpointsInfoFromLaravelApp(Array, Array, Array)
#37 C:\Apache24\htdocs\backendSendra\vendor\knuckleswtf\scribe\src\GroupedEndpoints\GroupedEndpointsFromApp.php(50): Knuckles\Scribe\GroupedEndpoints\GroupedEndpointsFromApp->extractEndpointsInfoAndWriteToDisk(Object(Knuckles\Scribe\Matching\RouteMatcher), true)
#38 C:\Apache24\htdocs\backendSendra\vendor\knuckleswtf\scribe\src\Commands\GenerateDocumentation.php(53): Knuckles\Scribe\GroupedEndpoints\GroupedEndpointsFromApp->get()
#39 C:\Apache24\htdocs\backendSendra\vendor\laravel\framework\src\Illuminate\Container\BoundMethod.php(36): Knuckles\Scribe\Commands\GenerateDocumentation->handle(Object(Knuckles\Scribe\Matching\RouteMatcher), Object(Knuckles\Scribe\GroupedEndpoints\GroupedEndpointsFactory))
#40 C:\Apache24\htdocs\backendSendra\vendor\laravel\framework\src\Illuminate\Container\Util.php(41): Illuminate\Container\BoundMethod::Illuminate\Container\{closure}()
#41 C:\Apache24\htdocs\backendSendra\vendor\laravel\framework\src\Illuminate\Container\BoundMethod.php(93): Illuminate\Container\Util::unwrapIfClosure(Object(Closure))
#42 C:\Apache24\htdocs\backendSendra\vendor\laravel\framework\src\Illuminate\Container\BoundMethod.php(35): Illuminate\Container\BoundMethod::callBoundMethod(Object(Illuminate\Foundation\Application), Array, Object(Closure))
#43 C:\Apache24\htdocs\backendSendra\vendor\laravel\framework\src\Illuminate\Container\Container.php(662): Illuminate\Container\BoundMethod::call(Object(Illuminate\Foundation\Application), Array, Array, NULL)
#44 C:\Apache24\htdocs\backendSendra\vendor\laravel\framework\src\Illuminate\Console\Command.php(211): Illuminate\Container\Container->call(Array)
#45 C:\Apache24\htdocs\backendSendra\vendor\symfony\console\Command\Command.php(326): Illuminate\Console\Command->execute(Object(Symfony\Component\Console\Input\ArgvInput), Object(Illuminate\Console\OutputStyle))
#46 C:\Apache24\htdocs\backendSendra\vendor\laravel\framework\src\Illuminate\Console\Command.php(180): Symfony\Component\Console\Command\Command->run(Object(Symfony\Component\Console\Input\ArgvInput), Object(Illuminate\Console\OutputStyle))
#47 C:\Apache24\htdocs\backendSendra\vendor\symfony\console\Application.php(1096): Illuminate\Console\Command->run(Object(Symfony\Component\Console\Input\ArgvInput), Object(Symfony\Component\Console\Output\ConsoleOutput))
#48 C:\Apache24\htdocs\backendSendra\vendor\symfony\console\Application.php(324): Symfony\Component\Console\Application->doRunCommand(Object(Knuckles\Scribe\Commands\GenerateDocumentation), Object(Symfony\Component\Console\Input\ArgvInput), Object(Symfony\Component\Console\Output\ConsoleOutput))
#49 C:\Apache24\htdocs\backendSendra\vendor\symfony\console\Application.php(175): Symfony\Component\Console\Application->doRun(Object(Symfony\Component\Console\Input\ArgvInput), Object(Symfony\Component\Console\Output\ConsoleOutput))
#50 C:\Apache24\htdocs\backendSendra\vendor\laravel\framework\src\Illuminate\Foundation\Console\Kernel.php(201): Symfony\Component\Console\Application->run(Object(Symfony\Component\Console\Input\ArgvInput), Object(Symfony\Component\Console\Output\ConsoleOutput))
#51 C:\Apache24\htdocs\backendSendra\artisan(35): Illuminate\Foundation\Console\Kernel->handle(Object(Symfony\Component\Console\Input\ArgvInput), Object(Symfony\Component\Console\Output\ConsoleOutput))
#52 {main}

[2025-01-17 22:34:29] Unauthenticated. in C:\Apache24\htdocs\backendSendra\vendor\laravel\framework\src\Illuminate\Auth\Middleware\Authenticate.php on line 95
#0 C:\Apache24\htdocs\backendSendra\vendor\laravel\framework\src\Illuminate\Auth\Middleware\Authenticate.php(81): Illuminate\Auth\Middleware\Authenticate->unauthenticated(Object(Illuminate\Http\Request), Array)
#1 C:\Apache24\htdocs\backendSendra\vendor\laravel\framework\src\Illuminate\Auth\Middleware\Authenticate.php(55): Illuminate\Auth\Middleware\Authenticate->authenticate(Object(Illuminate\Http\Request), Array)
#2 C:\Apache24\htdocs\backendSendra\vendor\laravel\framework\src\Illuminate\Pipeline\Pipeline.php(183): Illuminate\Auth\Middleware\Authenticate->handle(Object(Illuminate\Http\Request), Object(Closure), 'api')
#3 C:\Apache24\htdocs\backendSendra\vendor\laravel\framework\src\Illuminate\Pipeline\Pipeline.php(119): Illuminate\Pipeline\Pipeline->Illuminate\Pipeline\{closure}(Object(Illuminate\Http\Request))
#4 C:\Apache24\htdocs\backendSendra\vendor\laravel\framework\src\Illuminate\Routing\Router.php(805): Illuminate\Pipeline\Pipeline->then(Object(Closure))
#5 C:\Apache24\htdocs\backendSendra\vendor\laravel\framework\src\Illuminate\Routing\Router.php(784): Illuminate\Routing\Router->runRouteWithinStack(Object(Illuminate\Routing\Route), Object(Illuminate\Http\Request))
#6 C:\Apache24\htdocs\backendSendra\vendor\laravel\framework\src\Illuminate\Routing\Router.php(748): Illuminate\Routing\Router->runRoute(Object(Illuminate\Http\Request), Object(Illuminate\Routing\Route))
#7 C:\Apache24\htdocs\backendSendra\vendor\laravel\framework\src\Illuminate\Routing\Router.php(737): Illuminate\Routing\Router->dispatchToRoute(Object(Illuminate\Http\Request))
#8 C:\Apache24\htdocs\backendSendra\vendor\laravel\framework\src\Illuminate\Foundation\Http\Kernel.php(200): Illuminate\Routing\Router->dispatch(Object(Illuminate\Http\Request))
#9 C:\Apache24\htdocs\backendSendra\vendor\laravel\framework\src\Illuminate\Pipeline\Pipeline.php(144): Illuminate\Foundation\Http\Kernel->Illuminate\Foundation\Http\{closure}(Object(Illuminate\Http\Request))
#10 C:\Apache24\htdocs\backendSendra\vendor\laravel\framework\src\Illuminate\Foundation\Http\Middleware\TransformsRequest.php(21): Illuminate\Pipeline\Pipeline->Illuminate\Pipeline\{closure}(Object(Illuminate\Http\Request))
#11 C:\Apache24\htdocs\backendSendra\vendor\laravel\framework\src\Illuminate\Foundation\Http\Middleware\ConvertEmptyStringsToNull.php(31): Illuminate\Foundation\Http\Middleware\TransformsRequest->handle(Object(Illuminate\Http\Request), Object(Closure))
#12 C:\Apache24\htdocs\backendSendra\vendor\laravel\framework\src\Illuminate\Pipeline\Pipeline.php(183): Illuminate\Foundation\Http\Middleware\ConvertEmptyStringsToNull->handle(Object(Illuminate\Http\Request), Object(Closure))
#13 C:\Apache24\htdocs\backendSendra\vendor\laravel\framework\src\Illuminate\Foundation\Http\Middleware\TransformsRequest.php(21): Illuminate\Pipeline\Pipeline->Illuminate\Pipeline\{closure}(Object(Illuminate\Http\Request))
#14 C:\Apache24\htdocs\backendSendra\vendor\laravel\framework\src\Illuminate\Foundation\Http\Middleware\TrimStrings.php(40): Illuminate\Foundation\Http\Middleware\TransformsRequest->handle(Object(Illuminate\Http\Request), Object(Closure))
#15 C:\Apache24\htdocs\backendSendra\vendor\laravel\framework\src\Illuminate\Pipeline\Pipeline.php(183): Illuminate\Foundation\Http\Middleware\TrimStrings->handle(Object(Illuminate\Http\Request), Object(Closure))
#16 C:\Apache24\htdocs\backendSendra\vendor\laravel\framework\src\Illuminate\Foundation\Http\Middleware\ValidatePostSize.php(27): Illuminate\Pipeline\Pipeline->Illuminate\Pipeline\{closure}(Object(Illuminate\Http\Request))
#17 C:\Apache24\htdocs\backendSendra\vendor\laravel\framework\src\Illuminate\Pipeline\Pipeline.php(183): Illuminate\Foundation\Http\Middleware\ValidatePostSize->handle(Object(Illuminate\Http\Request), Object(Closure))
#18 C:\Apache24\htdocs\backendSendra\vendor\laravel\framework\src\Illuminate\Foundation\Http\Middleware\PreventRequestsDuringMaintenance.php(99): Illuminate\Pipeline\Pipeline->Illuminate\Pipeline\{closure}(Object(Illuminate\Http\Request))
#19 C:\Apache24\htdocs\backendSendra\vendor\laravel\framework\src\Illuminate\Pipeline\Pipeline.php(183): Illuminate\Foundation\Http\Middleware\PreventRequestsDuringMaintenance->handle(Object(Illuminate\Http\Request), Object(Closure))
#20 C:\Apache24\htdocs\backendSendra\vendor\laravel\framework\src\Illuminate\Http\Middleware\HandleCors.php(62): Illuminate\Pipeline\Pipeline->Illuminate\Pipeline\{closure}(Object(Illuminate\Http\Request))
#21 C:\Apache24\htdocs\backendSendra\vendor\laravel\framework\src\Illuminate\Pipeline\Pipeline.php(183): Illuminate\Http\Middleware\HandleCors->handle(Object(Illuminate\Http\Request), Object(Closure))
#22 C:\Apache24\htdocs\backendSendra\vendor\laravel\framework\src\Illuminate\Http\Middleware\TrustProxies.php(39): Illuminate\Pipeline\Pipeline->Illuminate\Pipeline\{closure}(Object(Illuminate\Http\Request))
#23 C:\Apache24\htdocs\backendSendra\vendor\laravel\framework\src\Illuminate\Pipeline\Pipeline.php(183): Illuminate\Http\Middleware\TrustProxies->handle(Object(Illuminate\Http\Request), Object(Closure))
#24 C:\Apache24\htdocs\backendSendra\vendor\laravel\framework\src\Illuminate\Pipeline\Pipeline.php(119): Illuminate\Pipeline\Pipeline->Illuminate\Pipeline\{closure}(Object(Illuminate\Http\Request))
#25 C:\Apache24\htdocs\backendSendra\vendor\laravel\framework\src\Illuminate\Foundation\Http\Kernel.php(175): Illuminate\Pipeline\Pipeline->then(Object(Closure))
#26 C:\Apache24\htdocs\backendSendra\vendor\laravel\framework\src\Illuminate\Foundation\Http\Kernel.php(144): Illuminate\Foundation\Http\Kernel->sendRequestThroughRouter(Object(Illuminate\Http\Request))
#27 C:\Apache24\htdocs\backendSendra\vendor\knuckleswtf\scribe\src\Extracting\Strategies\Responses\ResponseCalls.php(310): Illuminate\Foundation\Http\Kernel->handle(Object(Illuminate\Http\Request))
#28 C:\Apache24\htdocs\backendSendra\vendor\knuckleswtf\scribe\src\Extracting\Strategies\Responses\ResponseCalls.php(298): Knuckles\Scribe\Extracting\Strategies\Responses\ResponseCalls->callLaravelOrLumenRoute(Object(Illuminate\Http\Request))
#29 C:\Apache24\htdocs\backendSendra\vendor\knuckleswtf\scribe\src\Extracting\Strategies\Responses\ResponseCalls.php(91): Knuckles\Scribe\Extracting\Strategies\Responses\ResponseCalls->makeApiCall(Object(Illuminate\Http\Request), Object(Illuminate\Routing\Route))
#30 C:\Apache24\htdocs\backendSendra\vendor\knuckleswtf\scribe\src\Extracting\Strategies\Responses\ResponseCalls.php(44): Knuckles\Scribe\Extracting\Strategies\Responses\ResponseCalls->makeResponseCall(Object(Knuckles\Camel\Extraction\ExtractedEndpointData), Array)
#31 C:\Apache24\htdocs\backendSendra\vendor\knuckleswtf\scribe\src\Extracting\Strategies\Responses\ResponseCalls.php(35): Knuckles\Scribe\Extracting\Strategies\Responses\ResponseCalls->makeResponseCallIfConditionsPass(Object(Knuckles\Camel\Extraction\ExtractedEndpointData), Array)
#32 C:\Apache24\htdocs\backendSendra\vendor\knuckleswtf\scribe\src\Extracting\Extractor.php(237): Knuckles\Scribe\Extracting\Strategies\Responses\ResponseCalls->__invoke(Object(Knuckles\Camel\Extraction\ExtractedEndpointData), Array)
#33 C:\Apache24\htdocs\backendSendra\vendor\knuckleswtf\scribe\src\Extracting\Extractor.php(163): Knuckles\Scribe\Extracting\Extractor->iterateThroughStrategies('responses', Object(Knuckles\Camel\Extraction\ExtractedEndpointData), Array, Object(Closure))
#34 C:\Apache24\htdocs\backendSendra\vendor\knuckleswtf\scribe\src\Extracting\Extractor.php(95): Knuckles\Scribe\Extracting\Extractor->fetchResponses(Object(Knuckles\Camel\Extraction\ExtractedEndpointData), Array)
#35 C:\Apache24\htdocs\backendSendra\vendor\knuckleswtf\scribe\src\GroupedEndpoints\GroupedEndpointsFromApp.php(125): Knuckles\Scribe\Extracting\Extractor->processRoute(Object(Illuminate\Routing\Route), Array)
#36 C:\Apache24\htdocs\backendSendra\vendor\knuckleswtf\scribe\src\GroupedEndpoints\GroupedEndpointsFromApp.php(72): Knuckles\Scribe\GroupedEndpoints\GroupedEndpointsFromApp->extractEndpointsInfoFromLaravelApp(Array, Array, Array)
#37 C:\Apache24\htdocs\backendSendra\vendor\knuckleswtf\scribe\src\GroupedEndpoints\GroupedEndpointsFromApp.php(50): Knuckles\Scribe\GroupedEndpoints\GroupedEndpointsFromApp->extractEndpointsInfoAndWriteToDisk(Object(Knuckles\Scribe\Matching\RouteMatcher), true)
#38 C:\Apache24\htdocs\backendSendra\vendor\knuckleswtf\scribe\src\Commands\GenerateDocumentation.php(53): Knuckles\Scribe\GroupedEndpoints\GroupedEndpointsFromApp->get()
#39 C:\Apache24\htdocs\backendSendra\vendor\laravel\framework\src\Illuminate\Container\BoundMethod.php(36): Knuckles\Scribe\Commands\GenerateDocumentation->handle(Object(Knuckles\Scribe\Matching\RouteMatcher), Object(Knuckles\Scribe\GroupedEndpoints\GroupedEndpointsFactory))
#40 C:\Apache24\htdocs\backendSendra\vendor\laravel\framework\src\Illuminate\Container\Util.php(41): Illuminate\Container\BoundMethod::Illuminate\Container\{closure}()
#41 C:\Apache24\htdocs\backendSendra\vendor\laravel\framework\src\Illuminate\Container\BoundMethod.php(93): Illuminate\Container\Util::unwrapIfClosure(Object(Closure))
#42 C:\Apache24\htdocs\backendSendra\vendor\laravel\framework\src\Illuminate\Container\BoundMethod.php(35): Illuminate\Container\BoundMethod::callBoundMethod(Object(Illuminate\Foundation\Application), Array, Object(Closure))
#43 C:\Apache24\htdocs\backendSendra\vendor\laravel\framework\src\Illuminate\Container\Container.php(662): Illuminate\Container\BoundMethod::call(Object(Illuminate\Foundation\Application), Array, Array, NULL)
#44 C:\Apache24\htdocs\backendSendra\vendor\laravel\framework\src\Illuminate\Console\Command.php(211): Illuminate\Container\Container->call(Array)
#45 C:\Apache24\htdocs\backendSendra\vendor\symfony\console\Command\Command.php(326): Illuminate\Console\Command->execute(Object(Symfony\Component\Console\Input\ArgvInput), Object(Illuminate\Console\OutputStyle))
#46 C:\Apache24\htdocs\backendSendra\vendor\laravel\framework\src\Illuminate\Console\Command.php(180): Symfony\Component\Console\Command\Command->run(Object(Symfony\Component\Console\Input\ArgvInput), Object(Illuminate\Console\OutputStyle))
#47 C:\Apache24\htdocs\backendSendra\vendor\symfony\console\Application.php(1096): Illuminate\Console\Command->run(Object(Symfony\Component\Console\Input\ArgvInput), Object(Symfony\Component\Console\Output\ConsoleOutput))
#48 C:\Apache24\htdocs\backendSendra\vendor\symfony\console\Application.php(324): Symfony\Component\Console\Application->doRunCommand(Object(Knuckles\Scribe\Commands\GenerateDocumentation), Object(Symfony\Component\Console\Input\ArgvInput), Object(Symfony\Component\Console\Output\ConsoleOutput))
#49 C:\Apache24\htdocs\backendSendra\vendor\symfony\console\Application.php(175): Symfony\Component\Console\Application->doRun(Object(Symfony\Component\Console\Input\ArgvInput), Object(Symfony\Component\Console\Output\ConsoleOutput))
#50 C:\Apache24\htdocs\backendSendra\vendor\laravel\framework\src\Illuminate\Foundation\Console\Kernel.php(201): Symfony\Component\Console\Application->run(Object(Symfony\Component\Console\Input\ArgvInput), Object(Symfony\Component\Console\Output\ConsoleOutput))
#51 C:\Apache24\htdocs\backendSendra\artisan(35): Illuminate\Foundation\Console\Kernel->handle(Object(Symfony\Component\Console\Input\ArgvInput), Object(Symfony\Component\Console\Output\ConsoleOutput))
#52 {main}

[2025-01-17 22:34:29] Unauthenticated. in C:\Apache24\htdocs\backendSendra\vendor\laravel\framework\src\Illuminate\Auth\Middleware\Authenticate.php on line 95
#0 C:\Apache24\htdocs\backendSendra\vendor\laravel\framework\src\Illuminate\Auth\Middleware\Authenticate.php(81): Illuminate\Auth\Middleware\Authenticate->unauthenticated(Object(Illuminate\Http\Request), Array)
#1 C:\Apache24\htdocs\backendSendra\vendor\laravel\framework\src\Illuminate\Auth\Middleware\Authenticate.php(55): Illuminate\Auth\Middleware\Authenticate->authenticate(Object(Illuminate\Http\Request), Array)
#2 C:\Apache24\htdocs\backendSendra\vendor\laravel\framework\src\Illuminate\Pipeline\Pipeline.php(183): Illuminate\Auth\Middleware\Authenticate->handle(Object(Illuminate\Http\Request), Object(Closure), 'api')
#3 C:\Apache24\htdocs\backendSendra\vendor\laravel\framework\src\Illuminate\Pipeline\Pipeline.php(119): Illuminate\Pipeline\Pipeline->Illuminate\Pipeline\{closure}(Object(Illuminate\Http\Request))
#4 C:\Apache24\htdocs\backendSendra\vendor\laravel\framework\src\Illuminate\Routing\Router.php(805): Illuminate\Pipeline\Pipeline->then(Object(Closure))
#5 C:\Apache24\htdocs\backendSendra\vendor\laravel\framework\src\Illuminate\Routing\Router.php(784): Illuminate\Routing\Router->runRouteWithinStack(Object(Illuminate\Routing\Route), Object(Illuminate\Http\Request))
#6 C:\Apache24\htdocs\backendSendra\vendor\laravel\framework\src\Illuminate\Routing\Router.php(748): Illuminate\Routing\Router->runRoute(Object(Illuminate\Http\Request), Object(Illuminate\Routing\Route))
#7 C:\Apache24\htdocs\backendSendra\vendor\laravel\framework\src\Illuminate\Routing\Router.php(737): Illuminate\Routing\Router->dispatchToRoute(Object(Illuminate\Http\Request))
#8 C:\Apache24\htdocs\backendSendra\vendor\laravel\framework\src\Illuminate\Foundation\Http\Kernel.php(200): Illuminate\Routing\Router->dispatch(Object(Illuminate\Http\Request))
#9 C:\Apache24\htdocs\backendSendra\vendor\laravel\framework\src\Illuminate\Pipeline\Pipeline.php(144): Illuminate\Foundation\Http\Kernel->Illuminate\Foundation\Http\{closure}(Object(Illuminate\Http\Request))
#10 C:\Apache24\htdocs\backendSendra\vendor\laravel\framework\src\Illuminate\Foundation\Http\Middleware\TransformsRequest.php(21): Illuminate\Pipeline\Pipeline->Illuminate\Pipeline\{closure}(Object(Illuminate\Http\Request))
#11 C:\Apache24\htdocs\backendSendra\vendor\laravel\framework\src\Illuminate\Foundation\Http\Middleware\ConvertEmptyStringsToNull.php(31): Illuminate\Foundation\Http\Middleware\TransformsRequest->handle(Object(Illuminate\Http\Request), Object(Closure))
#12 C:\Apache24\htdocs\backendSendra\vendor\laravel\framework\src\Illuminate\Pipeline\Pipeline.php(183): Illuminate\Foundation\Http\Middleware\ConvertEmptyStringsToNull->handle(Object(Illuminate\Http\Request), Object(Closure))
#13 C:\Apache24\htdocs\backendSendra\vendor\laravel\framework\src\Illuminate\Foundation\Http\Middleware\TransformsRequest.php(21): Illuminate\Pipeline\Pipeline->Illuminate\Pipeline\{closure}(Object(Illuminate\Http\Request))
#14 C:\Apache24\htdocs\backendSendra\vendor\laravel\framework\src\Illuminate\Foundation\Http\Middleware\TrimStrings.php(40): Illuminate\Foundation\Http\Middleware\TransformsRequest->handle(Object(Illuminate\Http\Request), Object(Closure))
#15 C:\Apache24\htdocs\backendSendra\vendor\laravel\framework\src\Illuminate\Pipeline\Pipeline.php(183): Illuminate\Foundation\Http\Middleware\TrimStrings->handle(Object(Illuminate\Http\Request), Object(Closure))
#16 C:\Apache24\htdocs\backendSendra\vendor\laravel\framework\src\Illuminate\Foundation\Http\Middleware\ValidatePostSize.php(27): Illuminate\Pipeline\Pipeline->Illuminate\Pipeline\{closure}(Object(Illuminate\Http\Request))
#17 C:\Apache24\htdocs\backendSendra\vendor\laravel\framework\src\Illuminate\Pipeline\Pipeline.php(183): Illuminate\Foundation\Http\Middleware\ValidatePostSize->handle(Object(Illuminate\Http\Request), Object(Closure))
#18 C:\Apache24\htdocs\backendSendra\vendor\laravel\framework\src\Illuminate\Foundation\Http\Middleware\PreventRequestsDuringMaintenance.php(99): Illuminate\Pipeline\Pipeline->Illuminate\Pipeline\{closure}(Object(Illuminate\Http\Request))
#19 C:\Apache24\htdocs\backendSendra\vendor\laravel\framework\src\Illuminate\Pipeline\Pipeline.php(183): Illuminate\Foundation\Http\Middleware\PreventRequestsDuringMaintenance->handle(Object(Illuminate\Http\Request), Object(Closure))
#20 C:\Apache24\htdocs\backendSendra\vendor\laravel\framework\src\Illuminate\Http\Middleware\HandleCors.php(62): Illuminate\Pipeline\Pipeline->Illuminate\Pipeline\{closure}(Object(Illuminate\Http\Request))
#21 C:\Apache24\htdocs\backendSendra\vendor\laravel\framework\src\Illuminate\Pipeline\Pipeline.php(183): Illuminate\Http\Middleware\HandleCors->handle(Object(Illuminate\Http\Request), Object(Closure))
#22 C:\Apache24\htdocs\backendSendra\vendor\laravel\framework\src\Illuminate\Http\Middleware\TrustProxies.php(39): Illuminate\Pipeline\Pipeline->Illuminate\Pipeline\{closure}(Object(Illuminate\Http\Request))
#23 C:\Apache24\htdocs\backendSendra\vendor\laravel\framework\src\Illuminate\Pipeline\Pipeline.php(183): Illuminate\Http\Middleware\TrustProxies->handle(Object(Illuminate\Http\Request), Object(Closure))
#24 C:\Apache24\htdocs\backendSendra\vendor\laravel\framework\src\Illuminate\Pipeline\Pipeline.php(119): Illuminate\Pipeline\Pipeline->Illuminate\Pipeline\{closure}(Object(Illuminate\Http\Request))
#25 C:\Apache24\htdocs\backendSendra\vendor\laravel\framework\src\Illuminate\Foundation\Http\Kernel.php(175): Illuminate\Pipeline\Pipeline->then(Object(Closure))
#26 C:\Apache24\htdocs\backendSendra\vendor\laravel\framework\src\Illuminate\Foundation\Http\Kernel.php(144): Illuminate\Foundation\Http\Kernel->sendRequestThroughRouter(Object(Illuminate\Http\Request))
#27 C:\Apache24\htdocs\backendSendra\vendor\knuckleswtf\scribe\src\Extracting\Strategies\Responses\ResponseCalls.php(310): Illuminate\Foundation\Http\Kernel->handle(Object(Illuminate\Http\Request))
#28 C:\Apache24\htdocs\backendSendra\vendor\knuckleswtf\scribe\src\Extracting\Strategies\Responses\ResponseCalls.php(298): Knuckles\Scribe\Extracting\Strategies\Responses\ResponseCalls->callLaravelOrLumenRoute(Object(Illuminate\Http\Request))
#29 C:\Apache24\htdocs\backendSendra\vendor\knuckleswtf\scribe\src\Extracting\Strategies\Responses\ResponseCalls.php(91): Knuckles\Scribe\Extracting\Strategies\Responses\ResponseCalls->makeApiCall(Object(Illuminate\Http\Request), Object(Illuminate\Routing\Route))
#30 C:\Apache24\htdocs\backendSendra\vendor\knuckleswtf\scribe\src\Extracting\Strategies\Responses\ResponseCalls.php(44): Knuckles\Scribe\Extracting\Strategies\Responses\ResponseCalls->makeResponseCall(Object(Knuckles\Camel\Extraction\ExtractedEndpointData), Array)
#31 C:\Apache24\htdocs\backendSendra\vendor\knuckleswtf\scribe\src\Extracting\Strategies\Responses\ResponseCalls.php(35): Knuckles\Scribe\Extracting\Strategies\Responses\ResponseCalls->makeResponseCallIfConditionsPass(Object(Knuckles\Camel\Extraction\ExtractedEndpointData), Array)
#32 C:\Apache24\htdocs\backendSendra\vendor\knuckleswtf\scribe\src\Extracting\Extractor.php(237): Knuckles\Scribe\Extracting\Strategies\Responses\ResponseCalls->__invoke(Object(Knuckles\Camel\Extraction\ExtractedEndpointData), Array)
#33 C:\Apache24\htdocs\backendSendra\vendor\knuckleswtf\scribe\src\Extracting\Extractor.php(163): Knuckles\Scribe\Extracting\Extractor->iterateThroughStrategies('responses', Object(Knuckles\Camel\Extraction\ExtractedEndpointData), Array, Object(Closure))
#34 C:\Apache24\htdocs\backendSendra\vendor\knuckleswtf\scribe\src\Extracting\Extractor.php(95): Knuckles\Scribe\Extracting\Extractor->fetchResponses(Object(Knuckles\Camel\Extraction\ExtractedEndpointData), Array)
#35 C:\Apache24\htdocs\backendSendra\vendor\knuckleswtf\scribe\src\GroupedEndpoints\GroupedEndpointsFromApp.php(125): Knuckles\Scribe\Extracting\Extractor->processRoute(Object(Illuminate\Routing\Route), Array)
#36 C:\Apache24\htdocs\backendSendra\vendor\knuckleswtf\scribe\src\GroupedEndpoints\GroupedEndpointsFromApp.php(72): Knuckles\Scribe\GroupedEndpoints\GroupedEndpointsFromApp->extractEndpointsInfoFromLaravelApp(Array, Array, Array)
#37 C:\Apache24\htdocs\backendSendra\vendor\knuckleswtf\scribe\src\GroupedEndpoints\GroupedEndpointsFromApp.php(50): Knuckles\Scribe\GroupedEndpoints\GroupedEndpointsFromApp->extractEndpointsInfoAndWriteToDisk(Object(Knuckles\Scribe\Matching\RouteMatcher), true)
#38 C:\Apache24\htdocs\backendSendra\vendor\knuckleswtf\scribe\src\Commands\GenerateDocumentation.php(53): Knuckles\Scribe\GroupedEndpoints\GroupedEndpointsFromApp->get()
#39 C:\Apache24\htdocs\backendSendra\vendor\laravel\framework\src\Illuminate\Container\BoundMethod.php(36): Knuckles\Scribe\Commands\GenerateDocumentation->handle(Object(Knuckles\Scribe\Matching\RouteMatcher), Object(Knuckles\Scribe\GroupedEndpoints\GroupedEndpointsFactory))
#40 C:\Apache24\htdocs\backendSendra\vendor\laravel\framework\src\Illuminate\Container\Util.php(41): Illuminate\Container\BoundMethod::Illuminate\Container\{closure}()
#41 C:\Apache24\htdocs\backendSendra\vendor\laravel\framework\src\Illuminate\Container\BoundMethod.php(93): Illuminate\Container\Util::unwrapIfClosure(Object(Closure))
#42 C:\Apache24\htdocs\backendSendra\vendor\laravel\framework\src\Illuminate\Container\BoundMethod.php(35): Illuminate\Container\BoundMethod::callBoundMethod(Object(Illuminate\Foundation\Application), Array, Object(Closure))
#43 C:\Apache24\htdocs\backendSendra\vendor\laravel\framework\src\Illuminate\Container\Container.php(662): Illuminate\Container\BoundMethod::call(Object(Illuminate\Foundation\Application), Array, Array, NULL)
#44 C:\Apache24\htdocs\backendSendra\vendor\laravel\framework\src\Illuminate\Console\Command.php(211): Illuminate\Container\Container->call(Array)
#45 C:\Apache24\htdocs\backendSendra\vendor\symfony\console\Command\Command.php(326): Illuminate\Console\Command->execute(Object(Symfony\Component\Console\Input\ArgvInput), Object(Illuminate\Console\OutputStyle))
#46 C:\Apache24\htdocs\backendSendra\vendor\laravel\framework\src\Illuminate\Console\Command.php(180): Symfony\Component\Console\Command\Command->run(Object(Symfony\Component\Console\Input\ArgvInput), Object(Illuminate\Console\OutputStyle))
#47 C:\Apache24\htdocs\backendSendra\vendor\symfony\console\Application.php(1096): Illuminate\Console\Command->run(Object(Symfony\Component\Console\Input\ArgvInput), Object(Symfony\Component\Console\Output\ConsoleOutput))
#48 C:\Apache24\htdocs\backendSendra\vendor\symfony\console\Application.php(324): Symfony\Component\Console\Application->doRunCommand(Object(Knuckles\Scribe\Commands\GenerateDocumentation), Object(Symfony\Component\Console\Input\ArgvInput), Object(Symfony\Component\Console\Output\ConsoleOutput))
#49 C:\Apache24\htdocs\backendSendra\vendor\symfony\console\Application.php(175): Symfony\Component\Console\Application->doRun(Object(Symfony\Component\Console\Input\ArgvInput), Object(Symfony\Component\Console\Output\ConsoleOutput))
#50 C:\Apache24\htdocs\backendSendra\vendor\laravel\framework\src\Illuminate\Foundation\Console\Kernel.php(201): Symfony\Component\Console\Application->run(Object(Symfony\Component\Console\Input\ArgvInput), Object(Symfony\Component\Console\Output\ConsoleOutput))
#51 C:\Apache24\htdocs\backendSendra\artisan(35): Illuminate\Foundation\Console\Kernel->handle(Object(Symfony\Component\Console\Input\ArgvInput), Object(Symfony\Component\Console\Output\ConsoleOutput))
#52 {main}

[2025-01-17 22:34:29] Unauthenticated. in C:\Apache24\htdocs\backendSendra\vendor\laravel\framework\src\Illuminate\Auth\Middleware\Authenticate.php on line 95
#0 C:\Apache24\htdocs\backendSendra\vendor\laravel\framework\src\Illuminate\Auth\Middleware\Authenticate.php(81): Illuminate\Auth\Middleware\Authenticate->unauthenticated(Object(Illuminate\Http\Request), Array)
#1 C:\Apache24\htdocs\backendSendra\vendor\laravel\framework\src\Illuminate\Auth\Middleware\Authenticate.php(55): Illuminate\Auth\Middleware\Authenticate->authenticate(Object(Illuminate\Http\Request), Array)
#2 C:\Apache24\htdocs\backendSendra\vendor\laravel\framework\src\Illuminate\Pipeline\Pipeline.php(183): Illuminate\Auth\Middleware\Authenticate->handle(Object(Illuminate\Http\Request), Object(Closure), 'api')
#3 C:\Apache24\htdocs\backendSendra\vendor\laravel\framework\src\Illuminate\Pipeline\Pipeline.php(119): Illuminate\Pipeline\Pipeline->Illuminate\Pipeline\{closure}(Object(Illuminate\Http\Request))
#4 C:\Apache24\htdocs\backendSendra\vendor\laravel\framework\src\Illuminate\Routing\Router.php(805): Illuminate\Pipeline\Pipeline->then(Object(Closure))
#5 C:\Apache24\htdocs\backendSendra\vendor\laravel\framework\src\Illuminate\Routing\Router.php(784): Illuminate\Routing\Router->runRouteWithinStack(Object(Illuminate\Routing\Route), Object(Illuminate\Http\Request))
#6 C:\Apache24\htdocs\backendSendra\vendor\laravel\framework\src\Illuminate\Routing\Router.php(748): Illuminate\Routing\Router->runRoute(Object(Illuminate\Http\Request), Object(Illuminate\Routing\Route))
#7 C:\Apache24\htdocs\backendSendra\vendor\laravel\framework\src\Illuminate\Routing\Router.php(737): Illuminate\Routing\Router->dispatchToRoute(Object(Illuminate\Http\Request))
#8 C:\Apache24\htdocs\backendSendra\vendor\laravel\framework\src\Illuminate\Foundation\Http\Kernel.php(200): Illuminate\Routing\Router->dispatch(Object(Illuminate\Http\Request))
#9 C:\Apache24\htdocs\backendSendra\vendor\laravel\framework\src\Illuminate\Pipeline\Pipeline.php(144): Illuminate\Foundation\Http\Kernel->Illuminate\Foundation\Http\{closure}(Object(Illuminate\Http\Request))
#10 C:\Apache24\htdocs\backendSendra\vendor\laravel\framework\src\Illuminate\Foundation\Http\Middleware\TransformsRequest.php(21): Illuminate\Pipeline\Pipeline->Illuminate\Pipeline\{closure}(Object(Illuminate\Http\Request))
#11 C:\Apache24\htdocs\backendSendra\vendor\laravel\framework\src\Illuminate\Foundation\Http\Middleware\ConvertEmptyStringsToNull.php(31): Illuminate\Foundation\Http\Middleware\TransformsRequest->handle(Object(Illuminate\Http\Request), Object(Closure))
#12 C:\Apache24\htdocs\backendSendra\vendor\laravel\framework\src\Illuminate\Pipeline\Pipeline.php(183): Illuminate\Foundation\Http\Middleware\ConvertEmptyStringsToNull->handle(Object(Illuminate\Http\Request), Object(Closure))
#13 C:\Apache24\htdocs\backendSendra\vendor\laravel\framework\src\Illuminate\Foundation\Http\Middleware\TransformsRequest.php(21): Illuminate\Pipeline\Pipeline->Illuminate\Pipeline\{closure}(Object(Illuminate\Http\Request))
#14 C:\Apache24\htdocs\backendSendra\vendor\laravel\framework\src\Illuminate\Foundation\Http\Middleware\TrimStrings.php(40): Illuminate\Foundation\Http\Middleware\TransformsRequest->handle(Object(Illuminate\Http\Request), Object(Closure))
#15 C:\Apache24\htdocs\backendSendra\vendor\laravel\framework\src\Illuminate\Pipeline\Pipeline.php(183): Illuminate\Foundation\Http\Middleware\TrimStrings->handle(Object(Illuminate\Http\Request), Object(Closure))
#16 C:\Apache24\htdocs\backendSendra\vendor\laravel\framework\src\Illuminate\Foundation\Http\Middleware\ValidatePostSize.php(27): Illuminate\Pipeline\Pipeline->Illuminate\Pipeline\{closure}(Object(Illuminate\Http\Request))
#17 C:\Apache24\htdocs\backendSendra\vendor\laravel\framework\src\Illuminate\Pipeline\Pipeline.php(183): Illuminate\Foundation\Http\Middleware\ValidatePostSize->handle(Object(Illuminate\Http\Request), Object(Closure))
#18 C:\Apache24\htdocs\backendSendra\vendor\laravel\framework\src\Illuminate\Foundation\Http\Middleware\PreventRequestsDuringMaintenance.php(99): Illuminate\Pipeline\Pipeline->Illuminate\Pipeline\{closure}(Object(Illuminate\Http\Request))
#19 C:\Apache24\htdocs\backendSendra\vendor\laravel\framework\src\Illuminate\Pipeline\Pipeline.php(183): Illuminate\Foundation\Http\Middleware\PreventRequestsDuringMaintenance->handle(Object(Illuminate\Http\Request), Object(Closure))
#20 C:\Apache24\htdocs\backendSendra\vendor\laravel\framework\src\Illuminate\Http\Middleware\HandleCors.php(62): Illuminate\Pipeline\Pipeline->Illuminate\Pipeline\{closure}(Object(Illuminate\Http\Request))
#21 C:\Apache24\htdocs\backendSendra\vendor\laravel\framework\src\Illuminate\Pipeline\Pipeline.php(183): Illuminate\Http\Middleware\HandleCors->handle(Object(Illuminate\Http\Request), Object(Closure))
#22 C:\Apache24\htdocs\backendSendra\vendor\laravel\framework\src\Illuminate\Http\Middleware\TrustProxies.php(39): Illuminate\Pipeline\Pipeline->Illuminate\Pipeline\{closure}(Object(Illuminate\Http\Request))
#23 C:\Apache24\htdocs\backendSendra\vendor\laravel\framework\src\Illuminate\Pipeline\Pipeline.php(183): Illuminate\Http\Middleware\TrustProxies->handle(Object(Illuminate\Http\Request), Object(Closure))
#24 C:\Apache24\htdocs\backendSendra\vendor\laravel\framework\src\Illuminate\Pipeline\Pipeline.php(119): Illuminate\Pipeline\Pipeline->Illuminate\Pipeline\{closure}(Object(Illuminate\Http\Request))
#25 C:\Apache24\htdocs\backendSendra\vendor\laravel\framework\src\Illuminate\Foundation\Http\Kernel.php(175): Illuminate\Pipeline\Pipeline->then(Object(Closure))
#26 C:\Apache24\htdocs\backendSendra\vendor\laravel\framework\src\Illuminate\Foundation\Http\Kernel.php(144): Illuminate\Foundation\Http\Kernel->sendRequestThroughRouter(Object(Illuminate\Http\Request))
#27 C:\Apache24\htdocs\backendSendra\vendor\knuckleswtf\scribe\src\Extracting\Strategies\Responses\ResponseCalls.php(310): Illuminate\Foundation\Http\Kernel->handle(Object(Illuminate\Http\Request))
#28 C:\Apache24\htdocs\backendSendra\vendor\knuckleswtf\scribe\src\Extracting\Strategies\Responses\ResponseCalls.php(298): Knuckles\Scribe\Extracting\Strategies\Responses\ResponseCalls->callLaravelOrLumenRoute(Object(Illuminate\Http\Request))
#29 C:\Apache24\htdocs\backendSendra\vendor\knuckleswtf\scribe\src\Extracting\Strategies\Responses\ResponseCalls.php(91): Knuckles\Scribe\Extracting\Strategies\Responses\ResponseCalls->makeApiCall(Object(Illuminate\Http\Request), Object(Illuminate\Routing\Route))
#30 C:\Apache24\htdocs\backendSendra\vendor\knuckleswtf\scribe\src\Extracting\Strategies\Responses\ResponseCalls.php(44): Knuckles\Scribe\Extracting\Strategies\Responses\ResponseCalls->makeResponseCall(Object(Knuckles\Camel\Extraction\ExtractedEndpointData), Array)
#31 C:\Apache24\htdocs\backendSendra\vendor\knuckleswtf\scribe\src\Extracting\Strategies\Responses\ResponseCalls.php(35): Knuckles\Scribe\Extracting\Strategies\Responses\ResponseCalls->makeResponseCallIfConditionsPass(Object(Knuckles\Camel\Extraction\ExtractedEndpointData), Array)
#32 C:\Apache24\htdocs\backendSendra\vendor\knuckleswtf\scribe\src\Extracting\Extractor.php(237): Knuckles\Scribe\Extracting\Strategies\Responses\ResponseCalls->__invoke(Object(Knuckles\Camel\Extraction\ExtractedEndpointData), Array)
#33 C:\Apache24\htdocs\backendSendra\vendor\knuckleswtf\scribe\src\Extracting\Extractor.php(163): Knuckles\Scribe\Extracting\Extractor->iterateThroughStrategies('responses', Object(Knuckles\Camel\Extraction\ExtractedEndpointData), Array, Object(Closure))
#34 C:\Apache24\htdocs\backendSendra\vendor\knuckleswtf\scribe\src\Extracting\Extractor.php(95): Knuckles\Scribe\Extracting\Extractor->fetchResponses(Object(Knuckles\Camel\Extraction\ExtractedEndpointData), Array)
#35 C:\Apache24\htdocs\backendSendra\vendor\knuckleswtf\scribe\src\GroupedEndpoints\GroupedEndpointsFromApp.php(125): Knuckles\Scribe\Extracting\Extractor->processRoute(Object(Illuminate\Routing\Route), Array)
#36 C:\Apache24\htdocs\backendSendra\vendor\knuckleswtf\scribe\src\GroupedEndpoints\GroupedEndpointsFromApp.php(72): Knuckles\Scribe\GroupedEndpoints\GroupedEndpointsFromApp->extractEndpointsInfoFromLaravelApp(Array, Array, Array)
#37 C:\Apache24\htdocs\backendSendra\vendor\knuckleswtf\scribe\src\GroupedEndpoints\GroupedEndpointsFromApp.php(50): Knuckles\Scribe\GroupedEndpoints\GroupedEndpointsFromApp->extractEndpointsInfoAndWriteToDisk(Object(Knuckles\Scribe\Matching\RouteMatcher), true)
#38 C:\Apache24\htdocs\backendSendra\vendor\knuckleswtf\scribe\src\Commands\GenerateDocumentation.php(53): Knuckles\Scribe\GroupedEndpoints\GroupedEndpointsFromApp->get()
#39 C:\Apache24\htdocs\backendSendra\vendor\laravel\framework\src\Illuminate\Container\BoundMethod.php(36): Knuckles\Scribe\Commands\GenerateDocumentation->handle(Object(Knuckles\Scribe\Matching\RouteMatcher), Object(Knuckles\Scribe\GroupedEndpoints\GroupedEndpointsFactory))
#40 C:\Apache24\htdocs\backendSendra\vendor\laravel\framework\src\Illuminate\Container\Util.php(41): Illuminate\Container\BoundMethod::Illuminate\Container\{closure}()
#41 C:\Apache24\htdocs\backendSendra\vendor\laravel\framework\src\Illuminate\Container\BoundMethod.php(93): Illuminate\Container\Util::unwrapIfClosure(Object(Closure))
#42 C:\Apache24\htdocs\backendSendra\vendor\laravel\framework\src\Illuminate\Container\BoundMethod.php(35): Illuminate\Container\BoundMethod::callBoundMethod(Object(Illuminate\Foundation\Application), Array, Object(Closure))
#43 C:\Apache24\htdocs\backendSendra\vendor\laravel\framework\src\Illuminate\Container\Container.php(662): Illuminate\Container\BoundMethod::call(Object(Illuminate\Foundation\Application), Array, Array, NULL)
#44 C:\Apache24\htdocs\backendSendra\vendor\laravel\framework\src\Illuminate\Console\Command.php(211): Illuminate\Container\Container->call(Array)
#45 C:\Apache24\htdocs\backendSendra\vendor\symfony\console\Command\Command.php(326): Illuminate\Console\Command->execute(Object(Symfony\Component\Console\Input\ArgvInput), Object(Illuminate\Console\OutputStyle))
#46 C:\Apache24\htdocs\backendSendra\vendor\laravel\framework\src\Illuminate\Console\Command.php(180): Symfony\Component\Console\Command\Command->run(Object(Symfony\Component\Console\Input\ArgvInput), Object(Illuminate\Console\OutputStyle))
#47 C:\Apache24\htdocs\backendSendra\vendor\symfony\console\Application.php(1096): Illuminate\Console\Command->run(Object(Symfony\Component\Console\Input\ArgvInput), Object(Symfony\Component\Console\Output\ConsoleOutput))
#48 C:\Apache24\htdocs\backendSendra\vendor\symfony\console\Application.php(324): Symfony\Component\Console\Application->doRunCommand(Object(Knuckles\Scribe\Commands\GenerateDocumentation), Object(Symfony\Component\Console\Input\ArgvInput), Object(Symfony\Component\Console\Output\ConsoleOutput))
#49 C:\Apache24\htdocs\backendSendra\vendor\symfony\console\Application.php(175): Symfony\Component\Console\Application->doRun(Object(Symfony\Component\Console\Input\ArgvInput), Object(Symfony\Component\Console\Output\ConsoleOutput))
#50 C:\Apache24\htdocs\backendSendra\vendor\laravel\framework\src\Illuminate\Foundation\Console\Kernel.php(201): Symfony\Component\Console\Application->run(Object(Symfony\Component\Console\Input\ArgvInput), Object(Symfony\Component\Console\Output\ConsoleOutput))
#51 C:\Apache24\htdocs\backendSendra\artisan(35): Illuminate\Foundation\Console\Kernel->handle(Object(Symfony\Component\Console\Input\ArgvInput), Object(Symfony\Component\Console\Output\ConsoleOutput))
#52 {main}

[2025-01-17 22:34:29] Unauthenticated. in C:\Apache24\htdocs\backendSendra\vendor\laravel\framework\src\Illuminate\Auth\Middleware\Authenticate.php on line 95
#0 C:\Apache24\htdocs\backendSendra\vendor\laravel\framework\src\Illuminate\Auth\Middleware\Authenticate.php(81): Illuminate\Auth\Middleware\Authenticate->unauthenticated(Object(Illuminate\Http\Request), Array)
#1 C:\Apache24\htdocs\backendSendra\vendor\laravel\framework\src\Illuminate\Auth\Middleware\Authenticate.php(55): Illuminate\Auth\Middleware\Authenticate->authenticate(Object(Illuminate\Http\Request), Array)
#2 C:\Apache24\htdocs\backendSendra\vendor\laravel\framework\src\Illuminate\Pipeline\Pipeline.php(183): Illuminate\Auth\Middleware\Authenticate->handle(Object(Illuminate\Http\Request), Object(Closure), 'api')
#3 C:\Apache24\htdocs\backendSendra\vendor\laravel\framework\src\Illuminate\Pipeline\Pipeline.php(119): Illuminate\Pipeline\Pipeline->Illuminate\Pipeline\{closure}(Object(Illuminate\Http\Request))
#4 C:\Apache24\htdocs\backendSendra\vendor\laravel\framework\src\Illuminate\Routing\Router.php(805): Illuminate\Pipeline\Pipeline->then(Object(Closure))
#5 C:\Apache24\htdocs\backendSendra\vendor\laravel\framework\src\Illuminate\Routing\Router.php(784): Illuminate\Routing\Router->runRouteWithinStack(Object(Illuminate\Routing\Route), Object(Illuminate\Http\Request))
#6 C:\Apache24\htdocs\backendSendra\vendor\laravel\framework\src\Illuminate\Routing\Router.php(748): Illuminate\Routing\Router->runRoute(Object(Illuminate\Http\Request), Object(Illuminate\Routing\Route))
#7 C:\Apache24\htdocs\backendSendra\vendor\laravel\framework\src\Illuminate\Routing\Router.php(737): Illuminate\Routing\Router->dispatchToRoute(Object(Illuminate\Http\Request))
#8 C:\Apache24\htdocs\backendSendra\vendor\laravel\framework\src\Illuminate\Foundation\Http\Kernel.php(200): Illuminate\Routing\Router->dispatch(Object(Illuminate\Http\Request))
#9 C:\Apache24\htdocs\backendSendra\vendor\laravel\framework\src\Illuminate\Pipeline\Pipeline.php(144): Illuminate\Foundation\Http\Kernel->Illuminate\Foundation\Http\{closure}(Object(Illuminate\Http\Request))
#10 C:\Apache24\htdocs\backendSendra\vendor\laravel\framework\src\Illuminate\Foundation\Http\Middleware\TransformsRequest.php(21): Illuminate\Pipeline\Pipeline->Illuminate\Pipeline\{closure}(Object(Illuminate\Http\Request))
#11 C:\Apache24\htdocs\backendSendra\vendor\laravel\framework\src\Illuminate\Foundation\Http\Middleware\ConvertEmptyStringsToNull.php(31): Illuminate\Foundation\Http\Middleware\TransformsRequest->handle(Object(Illuminate\Http\Request), Object(Closure))
#12 C:\Apache24\htdocs\backendSendra\vendor\laravel\framework\src\Illuminate\Pipeline\Pipeline.php(183): Illuminate\Foundation\Http\Middleware\ConvertEmptyStringsToNull->handle(Object(Illuminate\Http\Request), Object(Closure))
#13 C:\Apache24\htdocs\backendSendra\vendor\laravel\framework\src\Illuminate\Foundation\Http\Middleware\TransformsRequest.php(21): Illuminate\Pipeline\Pipeline->Illuminate\Pipeline\{closure}(Object(Illuminate\Http\Request))
#14 C:\Apache24\htdocs\backendSendra\vendor\laravel\framework\src\Illuminate\Foundation\Http\Middleware\TrimStrings.php(40): Illuminate\Foundation\Http\Middleware\TransformsRequest->handle(Object(Illuminate\Http\Request), Object(Closure))
#15 C:\Apache24\htdocs\backendSendra\vendor\laravel\framework\src\Illuminate\Pipeline\Pipeline.php(183): Illuminate\Foundation\Http\Middleware\TrimStrings->handle(Object(Illuminate\Http\Request), Object(Closure))
#16 C:\Apache24\htdocs\backendSendra\vendor\laravel\framework\src\Illuminate\Foundation\Http\Middleware\ValidatePostSize.php(27): Illuminate\Pipeline\Pipeline->Illuminate\Pipeline\{closure}(Object(Illuminate\Http\Request))
#17 C:\Apache24\htdocs\backendSendra\vendor\laravel\framework\src\Illuminate\Pipeline\Pipeline.php(183): Illuminate\Foundation\Http\Middleware\ValidatePostSize->handle(Object(Illuminate\Http\Request), Object(Closure))
#18 C:\Apache24\htdocs\backendSendra\vendor\laravel\framework\src\Illuminate\Foundation\Http\Middleware\PreventRequestsDuringMaintenance.php(99): Illuminate\Pipeline\Pipeline->Illuminate\Pipeline\{closure}(Object(Illuminate\Http\Request))
#19 C:\Apache24\htdocs\backendSendra\vendor\laravel\framework\src\Illuminate\Pipeline\Pipeline.php(183): Illuminate\Foundation\Http\Middleware\PreventRequestsDuringMaintenance->handle(Object(Illuminate\Http\Request), Object(Closure))
#20 C:\Apache24\htdocs\backendSendra\vendor\laravel\framework\src\Illuminate\Http\Middleware\HandleCors.php(62): Illuminate\Pipeline\Pipeline->Illuminate\Pipeline\{closure}(Object(Illuminate\Http\Request))
#21 C:\Apache24\htdocs\backendSendra\vendor\laravel\framework\src\Illuminate\Pipeline\Pipeline.php(183): Illuminate\Http\Middleware\HandleCors->handle(Object(Illuminate\Http\Request), Object(Closure))
#22 C:\Apache24\htdocs\backendSendra\vendor\laravel\framework\src\Illuminate\Http\Middleware\TrustProxies.php(39): Illuminate\Pipeline\Pipeline->Illuminate\Pipeline\{closure}(Object(Illuminate\Http\Request))
#23 C:\Apache24\htdocs\backendSendra\vendor\laravel\framework\src\Illuminate\Pipeline\Pipeline.php(183): Illuminate\Http\Middleware\TrustProxies->handle(Object(Illuminate\Http\Request), Object(Closure))
#24 C:\Apache24\htdocs\backendSendra\vendor\laravel\framework\src\Illuminate\Pipeline\Pipeline.php(119): Illuminate\Pipeline\Pipeline->Illuminate\Pipeline\{closure}(Object(Illuminate\Http\Request))
#25 C:\Apache24\htdocs\backendSendra\vendor\laravel\framework\src\Illuminate\Foundation\Http\Kernel.php(175): Illuminate\Pipeline\Pipeline->then(Object(Closure))
#26 C:\Apache24\htdocs\backendSendra\vendor\laravel\framework\src\Illuminate\Foundation\Http\Kernel.php(144): Illuminate\Foundation\Http\Kernel->sendRequestThroughRouter(Object(Illuminate\Http\Request))
#27 C:\Apache24\htdocs\backendSendra\vendor\knuckleswtf\scribe\src\Extracting\Strategies\Responses\ResponseCalls.php(310): Illuminate\Foundation\Http\Kernel->handle(Object(Illuminate\Http\Request))
#28 C:\Apache24\htdocs\backendSendra\vendor\knuckleswtf\scribe\src\Extracting\Strategies\Responses\ResponseCalls.php(298): Knuckles\Scribe\Extracting\Strategies\Responses\ResponseCalls->callLaravelOrLumenRoute(Object(Illuminate\Http\Request))
#29 C:\Apache24\htdocs\backendSendra\vendor\knuckleswtf\scribe\src\Extracting\Strategies\Responses\ResponseCalls.php(91): Knuckles\Scribe\Extracting\Strategies\Responses\ResponseCalls->makeApiCall(Object(Illuminate\Http\Request), Object(Illuminate\Routing\Route))
#30 C:\Apache24\htdocs\backendSendra\vendor\knuckleswtf\scribe\src\Extracting\Strategies\Responses\ResponseCalls.php(44): Knuckles\Scribe\Extracting\Strategies\Responses\ResponseCalls->makeResponseCall(Object(Knuckles\Camel\Extraction\ExtractedEndpointData), Array)
#31 C:\Apache24\htdocs\backendSendra\vendor\knuckleswtf\scribe\src\Extracting\Strategies\Responses\ResponseCalls.php(35): Knuckles\Scribe\Extracting\Strategies\Responses\ResponseCalls->makeResponseCallIfConditionsPass(Object(Knuckles\Camel\Extraction\ExtractedEndpointData), Array)
#32 C:\Apache24\htdocs\backendSendra\vendor\knuckleswtf\scribe\src\Extracting\Extractor.php(237): Knuckles\Scribe\Extracting\Strategies\Responses\ResponseCalls->__invoke(Object(Knuckles\Camel\Extraction\ExtractedEndpointData), Array)
#33 C:\Apache24\htdocs\backendSendra\vendor\knuckleswtf\scribe\src\Extracting\Extractor.php(163): Knuckles\Scribe\Extracting\Extractor->iterateThroughStrategies('responses', Object(Knuckles\Camel\Extraction\ExtractedEndpointData), Array, Object(Closure))
#34 C:\Apache24\htdocs\backendSendra\vendor\knuckleswtf\scribe\src\Extracting\Extractor.php(95): Knuckles\Scribe\Extracting\Extractor->fetchResponses(Object(Knuckles\Camel\Extraction\ExtractedEndpointData), Array)
#35 C:\Apache24\htdocs\backendSendra\vendor\knuckleswtf\scribe\src\GroupedEndpoints\GroupedEndpointsFromApp.php(125): Knuckles\Scribe\Extracting\Extractor->processRoute(Object(Illuminate\Routing\Route), Array)
#36 C:\Apache24\htdocs\backendSendra\vendor\knuckleswtf\scribe\src\GroupedEndpoints\GroupedEndpointsFromApp.php(72): Knuckles\Scribe\GroupedEndpoints\GroupedEndpointsFromApp->extractEndpointsInfoFromLaravelApp(Array, Array, Array)
#37 C:\Apache24\htdocs\backendSendra\vendor\knuckleswtf\scribe\src\GroupedEndpoints\GroupedEndpointsFromApp.php(50): Knuckles\Scribe\GroupedEndpoints\GroupedEndpointsFromApp->extractEndpointsInfoAndWriteToDisk(Object(Knuckles\Scribe\Matching\RouteMatcher), true)
#38 C:\Apache24\htdocs\backendSendra\vendor\knuckleswtf\scribe\src\Commands\GenerateDocumentation.php(53): Knuckles\Scribe\GroupedEndpoints\GroupedEndpointsFromApp->get()
#39 C:\Apache24\htdocs\backendSendra\vendor\laravel\framework\src\Illuminate\Container\BoundMethod.php(36): Knuckles\Scribe\Commands\GenerateDocumentation->handle(Object(Knuckles\Scribe\Matching\RouteMatcher), Object(Knuckles\Scribe\GroupedEndpoints\GroupedEndpointsFactory))
#40 C:\Apache24\htdocs\backendSendra\vendor\laravel\framework\src\Illuminate\Container\Util.php(41): Illuminate\Container\BoundMethod::Illuminate\Container\{closure}()
#41 C:\Apache24\htdocs\backendSendra\vendor\laravel\framework\src\Illuminate\Container\BoundMethod.php(93): Illuminate\Container\Util::unwrapIfClosure(Object(Closure))
#42 C:\Apache24\htdocs\backendSendra\vendor\laravel\framework\src\Illuminate\Container\BoundMethod.php(35): Illuminate\Container\BoundMethod::callBoundMethod(Object(Illuminate\Foundation\Application), Array, Object(Closure))
#43 C:\Apache24\htdocs\backendSendra\vendor\laravel\framework\src\Illuminate\Container\Container.php(662): Illuminate\Container\BoundMethod::call(Object(Illuminate\Foundation\Application), Array, Array, NULL)
#44 C:\Apache24\htdocs\backendSendra\vendor\laravel\framework\src\Illuminate\Console\Command.php(211): Illuminate\Container\Container->call(Array)
#45 C:\Apache24\htdocs\backendSendra\vendor\symfony\console\Command\Command.php(326): Illuminate\Console\Command->execute(Object(Symfony\Component\Console\Input\ArgvInput), Object(Illuminate\Console\OutputStyle))
#46 C:\Apache24\htdocs\backendSendra\vendor\laravel\framework\src\Illuminate\Console\Command.php(180): Symfony\Component\Console\Command\Command->run(Object(Symfony\Component\Console\Input\ArgvInput), Object(Illuminate\Console\OutputStyle))
#47 C:\Apache24\htdocs\backendSendra\vendor\symfony\console\Application.php(1096): Illuminate\Console\Command->run(Object(Symfony\Component\Console\Input\ArgvInput), Object(Symfony\Component\Console\Output\ConsoleOutput))
#48 C:\Apache24\htdocs\backendSendra\vendor\symfony\console\Application.php(324): Symfony\Component\Console\Application->doRunCommand(Object(Knuckles\Scribe\Commands\GenerateDocumentation), Object(Symfony\Component\Console\Input\ArgvInput), Object(Symfony\Component\Console\Output\ConsoleOutput))
#49 C:\Apache24\htdocs\backendSendra\vendor\symfony\console\Application.php(175): Symfony\Component\Console\Application->doRun(Object(Symfony\Component\Console\Input\ArgvInput), Object(Symfony\Component\Console\Output\ConsoleOutput))
#50 C:\Apache24\htdocs\backendSendra\vendor\laravel\framework\src\Illuminate\Foundation\Console\Kernel.php(201): Symfony\Component\Console\Application->run(Object(Symfony\Component\Console\Input\ArgvInput), Object(Symfony\Component\Console\Output\ConsoleOutput))
#51 C:\Apache24\htdocs\backendSendra\artisan(35): Illuminate\Foundation\Console\Kernel->handle(Object(Symfony\Component\Console\Input\ArgvInput), Object(Symfony\Component\Console\Output\ConsoleOutput))
#52 {main}

